#
# A fatal error has been detected by the Java Runtime Environment:
#
#  SIGSEGV (0xb) at pc=0x000000018b891808, pid=36574, tid=119595
#
# JRE version: OpenJDK Runtime Environment (23.0.2+7) (build 23.0.2+7-58)
# Java VM: OpenJDK 64-Bit Server VM (23.0.2+7-58, mixed mode, sharing, tiered, compressed oops, compressed class ptrs, g1 gc, bsd-aarch64)
# Problematic frame:
# C  [CoreVideo+0x3808]  CVXTime::translateTime(CVTimeStamp const*, CVTimeStamp*) const+0x2c
#
# No core dump will be written. Core dumps have been disabled. To enable core dumping, try "ulimit -c unlimited" before starting Java again
#
# If you would like to submit a bug report, please visit:
#   https://bugreport.java.com/bugreport/crash.jsp
#

---------------  S U M M A R Y ------------

Command Line: -javaagent:/Applications/IntelliJ IDEA CE.app/Contents/lib/idea_rt.jar=58964 -Dfile.encoding=UTF-8 -Dsun.stdout.encoding=UTF-8 -Dsun.stderr.encoding=UTF-8 com.plt.sudoku.Main

Host: "Mac14,2" arm64, 8 cores, 8G, Darwin 25.4.0, macOS 26.4.1 (25E253)
Time: Sun May 10 04:36:57 2026 PST elapsed time: 649.779924 seconds (0d 0h 10m 49s)

---------------  T H R E A D  ---------------

Current thread is native thread

Stack: [0x0000000176cf4000,0x0000000176d77000],  sp=0x0000000176d76c00,  free space=523k
Native frames: (J=compiled Java code, j=interpreted, Vv=VM code, C=native code)
C  [CoreVideo+0x3808]  CVXTime::translateTime(CVTimeStamp const*, CVTimeStamp*) const+0x2c
C  [CoreVideo+0x35a4]  CVDisplayLink::calculateNextWakeUpTime(CVTimeStamp*, CVTimeStamp*, bool)+0xdc
C  [CoreVideo+0x2be4]  CVDisplayLink::runIOThread()+0x17c
C  [libsystem_pthread.dylib+0x6c58]  _pthread_start+0x88

siginfo: si_signo: 11 (SIGSEGV), si_code: 2 (SEGV_ACCERR), si_addr: 0x59fa4842c7922a82

Registers:
 x0=0x00000009f0bb60d0  x1=0x0000000176d76d00  x2=0x0000000176d76e20  x3=0x0000000000000000
 x4=0x008cf900008cfa00  x5=0x008cfa01008cfa00  x6=0x0000000000000000  x7=0x00000000016ca790
 x8=0x59fa4842c79228ca  x9=0x0000000000061a70 x10=0x0000027cd48383f0 x11=0x0000000000061a70
x12=0x0000000000000100 x13=0x0000000000000001 x14=0x00000000008cfa00 x15=0x00000000008cf900
x16=0x67900001eed06930 x17=0x00000001ee324450 x18=0x0000000000000000 x19=0x00000009f0bb60d0
x20=0x0000000176d76e20 x21=0x0000000176d76d00 x22=0x0000000000000001 x23=0x0000027cd48cf585
x24=0x0000000000000000 x25=0x00000009f084b818 x26=0x00000001ea46edd8 x27=0x00000001ea46edd8
x28=0x0000000000000001  fp=0x0000000176d76c70  lr=0x000000018b8915a4  sp=0x0000000176d76c00
pc=0x000000018b891808 cpsr=0x0000000080001000

Top of Stack: (sp=0x0000000176d76c00)
0x0000000176d76c00:   00000001ecd92878 000000018b8a97c4
0x0000000176d76c10:   0000000000000001 0000000000000004
0x0000000176d76c20:   000000018b8915d4 000000018b8f3522
0x0000000176d76c30:   0000000176d76c70 000000018b8a9708
0x0000000176d76c40:   0000000000000000 0000027cd48cf585
0x0000000176d76c50:   0000000000000001 42ce0009f084b620
0x0000000176d76c60:   00000009f084b620 0000000176d76e20
0x0000000176d76c70:   0000000176d76e10 000000018b8915a4
0x0000000176d76c80:   00000009f084b620 0000000000000000
0x0000000176d76c90:   0000027cd489b085 0000027cd483fd43
0x0000000176d76ca0:   000000000005b342 0000000000061a70
0x0000000176d76cb0:   0000027cd4839615 0000000000000000
0x0000000176d76cc0:   0000000000000000 0000000176d76def
0x0000000176d76cd0:   000000000000003c 0000000000000001
0x0000000176d76ce0:   00000009f084b638 0000000000000000
0x0000000176d76cf0:   0000000176d76d10 0000000180eda540
0x0000000176d76d00:   016e360000000000 0000027cd4899e60
0x0000000176d76d10:   0000027cd483fd42 3ff0000000000000
0x0000000176d76d20:   0000000000061a70 0000000000000000
0x0000000176d76d30:   0000000000000000 0000000000000000
0x0000000176d76d40:   0000000000000001 0000000000000000
0x0000000176d76d50:   0000000000000000 0000000000000000
0x0000000176d76d60:   0000000000000000 0000000000000000
0x0000000176d76d70:   0000000000000000 0000000000000002
0x0000000176d76d80:   0000000000000000 00000001ecd92bd4
0x0000000176d76d90:   0000000000000000 0000000000000000
0x0000000176d76da0:   000067a6983d8c6d 00000009f084b620
0x0000000176d76db0:   0000000000000000 0000000000000000
0x0000000176d76dc0:   0000027cd48cbdbd 00000001ea46edd8
0x0000000176d76dd0:   0000000176d76e74 00000001ecd92bc8
0x0000000176d76de0:   0000000000000003 00000001ecd92bd4
0x0000000176d76df0:   00000001ecd92bbd 42ce0009f084b620 

Instructions: (pc=0x000000018b891808)
0x000000018b891708:   01 03 00 d0 21 94 19 91 40 00 80 52 ed 5f 00 94
0x000000018b891718:   80 1e 41 f9 95 fd ff 97 80 1e 41 f9 a7 fd ff 97
0x000000018b891728:   90 02 40 f9 f1 03 14 aa d1 59 e8 f2 30 1a c1 da
0x000000018b891738:   08 8e 48 f8 81 82 07 91 e0 03 14 aa d0 df f5 f2
0x000000018b891748:   10 09 3f d7 9f 1a 01 f9 90 02 40 f9 f1 03 14 aa
0x000000018b891758:   d1 59 e8 f2 30 1a c1 da 08 8e 48 f8 e0 03 14 aa
0x000000018b891768:   e1 03 13 aa d0 df f5 f2 10 09 3f d7 fd 7b 59 a9
0x000000018b891778:   f4 4f 58 a9 f6 57 57 a9 f8 5f 56 a9 fa 67 55 a9
0x000000018b891788:   fc 6f 54 a9 e9 23 53 6d ff 83 06 91 ff 0f 5f d6
0x000000018b891798:   7f 23 03 d5 f6 57 bd a9 f4 4f 01 a9 fd 7b 02 a9
0x000000018b8917a8:   fd 83 00 91 f3 03 00 aa 00 60 00 91 1c 81 01 94
0x000000018b8917b8:   74 d6 5b a9 60 62 00 91 1d 81 01 94 e0 03 14 aa
0x000000018b8917c8:   e1 03 15 aa fd 7b 42 a9 f4 4f 41 a9 f6 57 c3 a8
0x000000018b8917d8:   ff 0f 5f d6 7f 23 03 d5 ff 03 02 d1 f8 5f 04 a9
0x000000018b8917e8:   f6 57 05 a9 f4 4f 06 a9 fd 7b 07 a9 fd c3 01 91
0x000000018b8917f8:   f4 03 02 aa f5 03 01 aa f3 03 00 aa 08 00 40 f9
0x000000018b891808:   17 d9 5b a9 20 80 c0 3c 28 20 40 f9 e8 0f 00 f9
0x000000018b891818:   e0 83 80 3c e0 03 00 f9 81 03 00 f0 21 78 24 91
0x000000018b891828:   a0 00 80 52 a7 5f 00 94 80 82 c0 3c 88 22 40 f9
0x000000018b891838:   81 0e 40 fd 89 12 40 f9 8a 06 40 b9 e9 1b 00 f9
0x000000018b891848:   e1 17 00 fd e8 ab 01 a9 e0 83 80 3c f3 03 00 f9
0x000000018b891858:   81 03 00 f0 21 a4 25 91 a0 00 80 52 99 5f 00 94
0x000000018b891868:   f7 db 00 a9 f3 03 00 f9 81 03 00 f0 21 cc 27 91
0x000000018b891878:   a0 00 80 52 93 5f 00 94 68 2e 40 f9 69 52 40 b9
0x000000018b891888:   e8 a7 00 a9 f3 03 00 f9 81 03 00 f0 21 08 29 91
0x000000018b891898:   a0 00 80 52 8b 5f 00 94 60 26 40 fd 61 0a 40 fd
0x000000018b8918a8:   21 d8 61 7e e0 87 00 6d f3 03 00 f9 81 03 00 f0
0x000000018b8918b8:   21 14 2a 91 a0 00 80 52 82 5f 00 94 88 22 40 f9
0x000000018b8918c8:   48 03 00 36 a9 22 40 f9 89 00 00 37 a9 00 08 37
0x000000018b8918d8:   09 00 80 d2 14 00 00 14 a9 06 40 f9 12 00 00 14
0x000000018b8918e8:   a9 0a 40 f9 6a 2e 40 f9 4b 01 09 cb 60 01 63 9e
0x000000018b8918f8:   00 40 61 1e 29 01 0a eb 21 01 63 9e 00 9c 61 1e 



---------------  P R O C E S S  ---------------

VM state: not at safepoint (normal execution)

VM Mutex/Monitor currently owned by a thread: None

Heap address: 0x000000052a800000, size: 2048 MB, Compressed Oops mode: Zero based, Oop shift amount: 3

CDS archive(s) mapped at: [0x00003ff800000000-0x00003ff800d94000-0x00003ff800d94000), size 14237696, SharedBaseAddress: 0x00003ff800000000, ArchiveRelocationMode: 1.
Compressed class space mapped at: 0x00003ff801000000-0x00003ff841000000, reserved size: 1073741824
Narrow klass base: 0x00003ff800000000, Narrow klass shift: 0, Narrow klass range: 0x100000000

GC Precious Log:
<Skipped>

Heap:
 garbage-first heap   total reserved 2097152K, committed 181248K, used 112201K [0x000000052a800000, 0x00000005aa800000)
  region size 1024K, 44 young (45056K), 11 survivors (11264K)
 Metaspace       used 15791K, committed 16128K, reserved 1114112K
  class space    used 1806K, committed 1984K, reserved 1048576K

Heap Regions: E=young(eden), S=young(survivor), O=old, HS=humongous(starts), HC=humongous(continues), CS=collection set, F=free, TAMS=top-at-mark-start, PB=parsable bottom
|   0|0x000000052a800000, 0x000000052a900000, 0x000000052a900000|100%| O|  |TAMS 0x000000052a800000| PB 0x000000052a800000| Untracked |  0
|   1|0x000000052a900000, 0x000000052aa00000, 0x000000052aa00000|100%| O|  |TAMS 0x000000052a900000| PB 0x000000052a900000| Untracked |  0
|   2|0x000000052aa00000, 0x000000052ab00000, 0x000000052ab00000|100%| O|  |TAMS 0x000000052aa00000| PB 0x000000052aa00000| Untracked |  0
|   3|0x000000052ab00000, 0x000000052ac00000, 0x000000052ac00000|100%| O|  |TAMS 0x000000052ab00000| PB 0x000000052ab00000| Untracked |  0
|   4|0x000000052ac00000, 0x000000052ad00000, 0x000000052ad00000|100%| O|  |TAMS 0x000000052ac00000| PB 0x000000052ac00000| Untracked |  0
|   5|0x000000052ad00000, 0x000000052ae00000, 0x000000052ae00000|100%| O|  |TAMS 0x000000052ad00000| PB 0x000000052ad00000| Untracked |  0
|   6|0x000000052ae00000, 0x000000052af00000, 0x000000052af00000|100%| O|  |TAMS 0x000000052ae00000| PB 0x000000052ae00000| Untracked |  0
|   7|0x000000052af00000, 0x000000052b000000, 0x000000052b000000|100%| O|  |TAMS 0x000000052af00000| PB 0x000000052af00000| Untracked |  0
|   8|0x000000052b000000, 0x000000052b100000, 0x000000052b100000|100%| O|  |TAMS 0x000000052b000000| PB 0x000000052b000000| Untracked |  0
|   9|0x000000052b100000, 0x000000052b200000, 0x000000052b200000|100%| O|  |TAMS 0x000000052b100000| PB 0x000000052b100000| Untracked |  0
|  10|0x000000052b200000, 0x000000052b300000, 0x000000052b300000|100%| O|  |TAMS 0x000000052b200000| PB 0x000000052b200000| Untracked |  0
|  11|0x000000052b300000, 0x000000052b400000, 0x000000052b400000|100%| O|  |TAMS 0x000000052b300000| PB 0x000000052b300000| Untracked |  0
|  12|0x000000052b400000, 0x000000052b500000, 0x000000052b500000|100%| O|  |TAMS 0x000000052b400000| PB 0x000000052b400000| Untracked |  0
|  13|0x000000052b500000, 0x000000052b600000, 0x000000052b600000|100%| O|  |TAMS 0x000000052b500000| PB 0x000000052b500000| Untracked |  0
|  14|0x000000052b600000, 0x000000052b700000, 0x000000052b700000|100%| O|  |TAMS 0x000000052b600000| PB 0x000000052b600000| Untracked |  0
|  15|0x000000052b700000, 0x000000052b800000, 0x000000052b800000|100%| O|  |TAMS 0x000000052b700000| PB 0x000000052b700000| Untracked |  0
|  16|0x000000052b800000, 0x000000052b900000, 0x000000052b900000|100%| O|  |TAMS 0x000000052b800000| PB 0x000000052b800000| Untracked |  0
|  17|0x000000052b900000, 0x000000052ba00000, 0x000000052ba00000|100%| O|  |TAMS 0x000000052b900000| PB 0x000000052b900000| Untracked |  0
|  18|0x000000052ba00000, 0x000000052bb00000, 0x000000052bb00000|100%| O|  |TAMS 0x000000052ba00000| PB 0x000000052ba00000| Untracked |  0
|  19|0x000000052bb00000, 0x000000052bc00000, 0x000000052bc00000|100%| O|  |TAMS 0x000000052bb00000| PB 0x000000052bb00000| Untracked |  0
|  20|0x000000052bc00000, 0x000000052bd00000, 0x000000052bd00000|100%| O|  |TAMS 0x000000052bc00000| PB 0x000000052bc00000| Untracked |  0
|  21|0x000000052bd00000, 0x000000052be00000, 0x000000052be00000|100%| O|  |TAMS 0x000000052bd00000| PB 0x000000052bd00000| Untracked |  0
|  22|0x000000052be00000, 0x000000052bf00000, 0x000000052bf00000|100%| O|  |TAMS 0x000000052be00000| PB 0x000000052be00000| Untracked |  0
|  23|0x000000052bf00000, 0x000000052c000000, 0x000000052c000000|100%| O|  |TAMS 0x000000052bf00000| PB 0x000000052bf00000| Untracked |  0
|  24|0x000000052c000000, 0x000000052c100000, 0x000000052c100000|100%| O|  |TAMS 0x000000052c000000| PB 0x000000052c000000| Untracked |  0
|  25|0x000000052c100000, 0x000000052c200000, 0x000000052c200000|100%| O|  |TAMS 0x000000052c100000| PB 0x000000052c100000| Untracked |  0
|  26|0x000000052c200000, 0x000000052c300000, 0x000000052c300000|100%| O|  |TAMS 0x000000052c200000| PB 0x000000052c200000| Untracked |  0
|  27|0x000000052c300000, 0x000000052c400000, 0x000000052c400000|100%| O|  |TAMS 0x000000052c300000| PB 0x000000052c300000| Untracked |  0
|  28|0x000000052c400000, 0x000000052c500000, 0x000000052c500000|100%| O|  |TAMS 0x000000052c400000| PB 0x000000052c400000| Untracked |  0
|  29|0x000000052c500000, 0x000000052c600000, 0x000000052c600000|100%| O|  |TAMS 0x000000052c500000| PB 0x000000052c500000| Untracked |  0
|  30|0x000000052c600000, 0x000000052c700000, 0x000000052c700000|100%| O|  |TAMS 0x000000052c600000| PB 0x000000052c600000| Untracked |  0
|  31|0x000000052c700000, 0x000000052c800000, 0x000000052c800000|100%| O|  |TAMS 0x000000052c700000| PB 0x000000052c700000| Untracked |  0
|  32|0x000000052c800000, 0x000000052c900000, 0x000000052c900000|100%| O|  |TAMS 0x000000052c800000| PB 0x000000052c800000| Untracked |  0
|  33|0x000000052c900000, 0x000000052ca00000, 0x000000052ca00000|100%| O|  |TAMS 0x000000052c900000| PB 0x000000052c900000| Untracked |  0
|  34|0x000000052ca00000, 0x000000052cb00000, 0x000000052cb00000|100%| O|  |TAMS 0x000000052ca00000| PB 0x000000052ca00000| Untracked |  0
|  35|0x000000052cb00000, 0x000000052cc00000, 0x000000052cc00000|100%| O|  |TAMS 0x000000052cb00000| PB 0x000000052cb00000| Untracked |  0
|  36|0x000000052cc00000, 0x000000052cd00000, 0x000000052cd00000|100%| O|  |TAMS 0x000000052cc00000| PB 0x000000052cc00000| Untracked |  0
|  37|0x000000052cd00000, 0x000000052ce00000, 0x000000052ce00000|100%| O|  |TAMS 0x000000052cd00000| PB 0x000000052cd00000| Untracked |  0
|  38|0x000000052ce00000, 0x000000052cf00000, 0x000000052cf00000|100%| O|  |TAMS 0x000000052ce00000| PB 0x000000052ce00000| Untracked |  0
|  39|0x000000052cf00000, 0x000000052d000000, 0x000000052d000000|100%| O|  |TAMS 0x000000052cf00000| PB 0x000000052cf00000| Untracked |  0
|  40|0x000000052d000000, 0x000000052d100000, 0x000000052d100000|100%| O|  |TAMS 0x000000052d000000| PB 0x000000052d000000| Untracked |  0
|  41|0x000000052d100000, 0x000000052d200000, 0x000000052d200000|100%| O|  |TAMS 0x000000052d100000| PB 0x000000052d100000| Untracked |  0
|  42|0x000000052d200000, 0x000000052d300000, 0x000000052d300000|100%| O|  |TAMS 0x000000052d200000| PB 0x000000052d200000| Untracked |  0
|  43|0x000000052d300000, 0x000000052d400000, 0x000000052d400000|100%| O|  |TAMS 0x000000052d300000| PB 0x000000052d300000| Untracked |  0
|  44|0x000000052d400000, 0x000000052d500000, 0x000000052d500000|100%| O|  |TAMS 0x000000052d400000| PB 0x000000052d400000| Untracked |  0
|  45|0x000000052d500000, 0x000000052d600000, 0x000000052d600000|100%| O|  |TAMS 0x000000052d500000| PB 0x000000052d500000| Untracked |  0
|  46|0x000000052d600000, 0x000000052d700000, 0x000000052d700000|100%| O|  |TAMS 0x000000052d600000| PB 0x000000052d600000| Untracked |  0
|  47|0x000000052d700000, 0x000000052d800000, 0x000000052d800000|100%| O|  |TAMS 0x000000052d700000| PB 0x000000052d700000| Untracked |  0
|  48|0x000000052d800000, 0x000000052d900000, 0x000000052d900000|100%| O|  |TAMS 0x000000052d800000| PB 0x000000052d800000| Untracked |  0
|  49|0x000000052d900000, 0x000000052da00000, 0x000000052da00000|100%| O|  |TAMS 0x000000052d900000| PB 0x000000052d900000| Untracked |  0
|  50|0x000000052da00000, 0x000000052db00000, 0x000000052db00000|100%| O|  |TAMS 0x000000052da00000| PB 0x000000052da00000| Untracked |  0
|  51|0x000000052db00000, 0x000000052dc00000, 0x000000052dc00000|100%| O|  |TAMS 0x000000052db00000| PB 0x000000052db00000| Untracked |  0
|  52|0x000000052dc00000, 0x000000052dc6e3b0, 0x000000052dd00000| 43%| O|  |TAMS 0x000000052dc00000| PB 0x000000052dc00000| Untracked |  0
|  53|0x000000052dd00000, 0x000000052dd00000, 0x000000052de00000|  0%| F|  |TAMS 0x000000052dd00000| PB 0x000000052dd00000| Untracked |  0
|  54|0x000000052de00000, 0x000000052de00000, 0x000000052df00000|  0%| F|  |TAMS 0x000000052de00000| PB 0x000000052de00000| Untracked |  0
|  55|0x000000052df00000, 0x000000052df00000, 0x000000052e000000|  0%| F|  |TAMS 0x000000052df00000| PB 0x000000052df00000| Untracked |  0
|  56|0x000000052e000000, 0x000000052e000000, 0x000000052e100000|  0%| F|  |TAMS 0x000000052e000000| PB 0x000000052e000000| Untracked |  0
|  57|0x000000052e100000, 0x000000052e100000, 0x000000052e200000|  0%| F|  |TAMS 0x000000052e100000| PB 0x000000052e100000| Untracked |  0
|  58|0x000000052e200000, 0x000000052e200000, 0x000000052e300000|  0%| F|  |TAMS 0x000000052e200000| PB 0x000000052e200000| Untracked |  0
|  59|0x000000052e300000, 0x000000052e300000, 0x000000052e400000|  0%| F|  |TAMS 0x000000052e300000| PB 0x000000052e300000| Untracked |  0
|  60|0x000000052e400000, 0x000000052e400000, 0x000000052e500000|  0%| F|  |TAMS 0x000000052e400000| PB 0x000000052e400000| Untracked |  0
|  61|0x000000052e500000, 0x000000052e500000, 0x000000052e600000|  0%| F|  |TAMS 0x000000052e500000| PB 0x000000052e500000| Untracked |  0
|  62|0x000000052e600000, 0x000000052e600000, 0x000000052e700000|  0%| F|  |TAMS 0x000000052e600000| PB 0x000000052e600000| Untracked |  0
|  63|0x000000052e700000, 0x000000052e7d1c10, 0x000000052e800000| 81%| S|CS|TAMS 0x000000052e700000| PB 0x000000052e700000| Complete |  0
|  64|0x000000052e800000, 0x000000052e900000, 0x000000052e900000|100%| S|CS|TAMS 0x000000052e800000| PB 0x000000052e800000| Complete |  0
|  65|0x000000052e900000, 0x000000052ea00000, 0x000000052ea00000|100%| S|CS|TAMS 0x000000052e900000| PB 0x000000052e900000| Complete |  0
|  66|0x000000052ea00000, 0x000000052eb00000, 0x000000052eb00000|100%| S|CS|TAMS 0x000000052ea00000| PB 0x000000052ea00000| Complete |  0
|  67|0x000000052eb00000, 0x000000052ec00000, 0x000000052ec00000|100%| S|CS|TAMS 0x000000052eb00000| PB 0x000000052eb00000| Complete |  0
|  68|0x000000052ec00000, 0x000000052ed00000, 0x000000052ed00000|100%| S|CS|TAMS 0x000000052ec00000| PB 0x000000052ec00000| Complete |  0
|  69|0x000000052ed00000, 0x000000052ee00000, 0x000000052ee00000|100%| S|CS|TAMS 0x000000052ed00000| PB 0x000000052ed00000| Complete |  0
|  70|0x000000052ee00000, 0x000000052ef00000, 0x000000052ef00000|100%| S|CS|TAMS 0x000000052ee00000| PB 0x000000052ee00000| Complete |  0
|  71|0x000000052ef00000, 0x000000052ef00000, 0x000000052f000000|  0%| F|  |TAMS 0x000000052ef00000| PB 0x000000052ef00000| Untracked |  0
|  72|0x000000052f000000, 0x000000052f000000, 0x000000052f100000|  0%| F|  |TAMS 0x000000052f000000| PB 0x000000052f000000| Untracked |  0
|  73|0x000000052f100000, 0x000000052f100000, 0x000000052f200000|  0%| F|  |TAMS 0x000000052f100000| PB 0x000000052f100000| Untracked |  0
|  74|0x000000052f200000, 0x000000052f300000, 0x000000052f300000|100%| S|CS|TAMS 0x000000052f200000| PB 0x000000052f200000| Complete |  0
|  75|0x000000052f300000, 0x000000052f400000, 0x000000052f400000|100%| S|CS|TAMS 0x000000052f300000| PB 0x000000052f300000| Complete |  0
|  76|0x000000052f400000, 0x000000052f500000, 0x000000052f500000|100%| S|CS|TAMS 0x000000052f400000| PB 0x000000052f400000| Complete |  0
|  77|0x000000052f500000, 0x000000052f500000, 0x000000052f600000|  0%| F|  |TAMS 0x000000052f500000| PB 0x000000052f500000| Untracked |  0
|  78|0x000000052f600000, 0x000000052f600000, 0x000000052f700000|  0%| F|  |TAMS 0x000000052f600000| PB 0x000000052f600000| Untracked |  0
|  79|0x000000052f700000, 0x000000052f700000, 0x000000052f800000|  0%| F|  |TAMS 0x000000052f700000| PB 0x000000052f700000| Untracked |  0
|  80|0x000000052f800000, 0x000000052f800000, 0x000000052f900000|  0%| F|  |TAMS 0x000000052f800000| PB 0x000000052f800000| Untracked |  0
|  81|0x000000052f900000, 0x000000052f900000, 0x000000052fa00000|  0%| F|  |TAMS 0x000000052f900000| PB 0x000000052f900000| Untracked |  0
|  82|0x000000052fa00000, 0x000000052fa00000, 0x000000052fb00000|  0%| F|  |TAMS 0x000000052fa00000| PB 0x000000052fa00000| Untracked |  0
|  83|0x000000052fb00000, 0x000000052fb00000, 0x000000052fc00000|  0%| F|  |TAMS 0x000000052fb00000| PB 0x000000052fb00000| Untracked |  0
|  84|0x000000052fc00000, 0x000000052fc00000, 0x000000052fd00000|  0%| F|  |TAMS 0x000000052fc00000| PB 0x000000052fc00000| Untracked |  0
|  85|0x000000052fd00000, 0x000000052fd00000, 0x000000052fe00000|  0%| F|  |TAMS 0x000000052fd00000| PB 0x000000052fd00000| Untracked |  0
|  86|0x000000052fe00000, 0x000000052fe00000, 0x000000052ff00000|  0%| F|  |TAMS 0x000000052fe00000| PB 0x000000052fe00000| Untracked |  0
|  87|0x000000052ff00000, 0x000000052ff00000, 0x0000000530000000|  0%| F|  |TAMS 0x000000052ff00000| PB 0x000000052ff00000| Untracked |  0
|  88|0x0000000530000000, 0x0000000530000000, 0x0000000530100000|  0%| F|  |TAMS 0x0000000530000000| PB 0x0000000530000000| Untracked |  0
|  89|0x0000000530100000, 0x0000000530100000, 0x0000000530200000|  0%| F|  |TAMS 0x0000000530100000| PB 0x0000000530100000| Untracked |  0
|  90|0x0000000530200000, 0x0000000530200000, 0x0000000530300000|  0%| F|  |TAMS 0x0000000530200000| PB 0x0000000530200000| Untracked |  0
|  91|0x0000000530300000, 0x0000000530300000, 0x0000000530400000|  0%| F|  |TAMS 0x0000000530300000| PB 0x0000000530300000| Untracked |  0
|  92|0x0000000530400000, 0x0000000530400000, 0x0000000530500000|  0%| F|  |TAMS 0x0000000530400000| PB 0x0000000530400000| Untracked |  0
|  93|0x0000000530500000, 0x0000000530500000, 0x0000000530600000|  0%| F|  |TAMS 0x0000000530500000| PB 0x0000000530500000| Untracked |  0
|  94|0x0000000530600000, 0x0000000530600000, 0x0000000530700000|  0%| F|  |TAMS 0x0000000530600000| PB 0x0000000530600000| Untracked |  0
|  95|0x0000000530700000, 0x0000000530700000, 0x0000000530800000|  0%| F|  |TAMS 0x0000000530700000| PB 0x0000000530700000| Untracked |  0
|  96|0x0000000530800000, 0x0000000530800000, 0x0000000530900000|  0%| F|  |TAMS 0x0000000530800000| PB 0x0000000530800000| Untracked |  0
|  97|0x0000000530900000, 0x0000000530900000, 0x0000000530a00000|  0%| F|  |TAMS 0x0000000530900000| PB 0x0000000530900000| Untracked |  0
|  98|0x0000000530a00000, 0x0000000530a00000, 0x0000000530b00000|  0%| F|  |TAMS 0x0000000530a00000| PB 0x0000000530a00000| Untracked |  0
|  99|0x0000000530b00000, 0x0000000530b00000, 0x0000000530c00000|  0%| F|  |TAMS 0x0000000530b00000| PB 0x0000000530b00000| Untracked |  0
| 100|0x0000000530c00000, 0x0000000530c00000, 0x0000000530d00000|  0%| F|  |TAMS 0x0000000530c00000| PB 0x0000000530c00000| Untracked |  0
| 101|0x0000000530d00000, 0x0000000530d00000, 0x0000000530e00000|  0%| F|  |TAMS 0x0000000530d00000| PB 0x0000000530d00000| Untracked |  0
| 102|0x0000000530e00000, 0x0000000530e00000, 0x0000000530f00000|  0%| F|  |TAMS 0x0000000530e00000| PB 0x0000000530e00000| Untracked |  0
| 103|0x0000000530f00000, 0x0000000530f00000, 0x0000000531000000|  0%| F|  |TAMS 0x0000000530f00000| PB 0x0000000530f00000| Untracked |  0
| 104|0x0000000531000000, 0x0000000531000000, 0x0000000531100000|  0%| F|  |TAMS 0x0000000531000000| PB 0x0000000531000000| Untracked |  0
| 105|0x0000000531100000, 0x0000000531100000, 0x0000000531200000|  0%| F|  |TAMS 0x0000000531100000| PB 0x0000000531100000| Untracked |  0
| 106|0x0000000531200000, 0x0000000531200000, 0x0000000531300000|  0%| F|  |TAMS 0x0000000531200000| PB 0x0000000531200000| Untracked |  0
| 107|0x0000000531300000, 0x0000000531300000, 0x0000000531400000|  0%| F|  |TAMS 0x0000000531300000| PB 0x0000000531300000| Untracked |  0
| 108|0x0000000531400000, 0x0000000531400000, 0x0000000531500000|  0%| F|  |TAMS 0x0000000531400000| PB 0x0000000531400000| Untracked |  0
| 109|0x0000000531500000, 0x0000000531500000, 0x0000000531600000|  0%| F|  |TAMS 0x0000000531500000| PB 0x0000000531500000| Untracked |  0
| 110|0x0000000531600000, 0x0000000531600000, 0x0000000531700000|  0%| F|  |TAMS 0x0000000531600000| PB 0x0000000531600000| Untracked |  0
| 111|0x0000000531700000, 0x0000000531700000, 0x0000000531800000|  0%| F|  |TAMS 0x0000000531700000| PB 0x0000000531700000| Untracked |  0
| 112|0x0000000531800000, 0x0000000531800000, 0x0000000531900000|  0%| F|  |TAMS 0x0000000531800000| PB 0x0000000531800000| Untracked |  0
| 113|0x0000000531900000, 0x0000000531900000, 0x0000000531a00000|  0%| F|  |TAMS 0x0000000531900000| PB 0x0000000531900000| Untracked |  0
| 114|0x0000000531a00000, 0x0000000531a00000, 0x0000000531b00000|  0%| F|  |TAMS 0x0000000531a00000| PB 0x0000000531a00000| Untracked |  0
| 115|0x0000000531b00000, 0x0000000531b00000, 0x0000000531c00000|  0%| F|  |TAMS 0x0000000531b00000| PB 0x0000000531b00000| Untracked |  0
| 116|0x0000000531c00000, 0x0000000531c00000, 0x0000000531d00000|  0%| F|  |TAMS 0x0000000531c00000| PB 0x0000000531c00000| Untracked |  0
| 117|0x0000000531d00000, 0x0000000531d00000, 0x0000000531e00000|  0%| F|  |TAMS 0x0000000531d00000| PB 0x0000000531d00000| Untracked |  0
| 118|0x0000000531e00000, 0x0000000531e00000, 0x0000000531f00000|  0%| F|  |TAMS 0x0000000531e00000| PB 0x0000000531e00000| Untracked |  0
| 119|0x0000000531f00000, 0x0000000531f00000, 0x0000000532000000|  0%| F|  |TAMS 0x0000000531f00000| PB 0x0000000531f00000| Untracked |  0
| 120|0x0000000532000000, 0x0000000532000000, 0x0000000532100000|  0%| F|  |TAMS 0x0000000532000000| PB 0x0000000532000000| Untracked |  0
| 121|0x0000000532100000, 0x0000000532100000, 0x0000000532200000|  0%| F|  |TAMS 0x0000000532100000| PB 0x0000000532100000| Untracked |  0
| 122|0x0000000532200000, 0x0000000532200000, 0x0000000532300000|  0%| F|  |TAMS 0x0000000532200000| PB 0x0000000532200000| Untracked |  0
| 123|0x0000000532300000, 0x0000000532300000, 0x0000000532400000|  0%| F|  |TAMS 0x0000000532300000| PB 0x0000000532300000| Untracked |  0
| 124|0x0000000532400000, 0x0000000532400000, 0x0000000532500000|  0%| F|  |TAMS 0x0000000532400000| PB 0x0000000532400000| Untracked |  0
| 125|0x0000000532500000, 0x0000000532500000, 0x0000000532600000|  0%| F|  |TAMS 0x0000000532500000| PB 0x0000000532500000| Untracked |  0
| 126|0x0000000532600000, 0x0000000532645eb0, 0x0000000532700000| 27%| E|  |TAMS 0x0000000532600000| PB 0x0000000532600000| Complete |  0
| 127|0x0000000532700000, 0x0000000532800000, 0x0000000532800000|100%| E|CS|TAMS 0x0000000532700000| PB 0x0000000532700000| Complete |  0
| 128|0x0000000532800000, 0x00000005328c5eb0, 0x0000000532900000| 77%| E|  |TAMS 0x0000000532800000| PB 0x0000000532800000| Complete |  0
| 129|0x0000000532900000, 0x0000000532a00000, 0x0000000532a00000|100%| E|CS|TAMS 0x0000000532900000| PB 0x0000000532900000| Complete |  0
| 130|0x0000000532a00000, 0x0000000532b00000, 0x0000000532b00000|100%| E|CS|TAMS 0x0000000532a00000| PB 0x0000000532a00000| Complete |  0
| 131|0x0000000532b00000, 0x0000000532c00000, 0x0000000532c00000|100%| E|CS|TAMS 0x0000000532b00000| PB 0x0000000532b00000| Complete |  0
| 132|0x0000000532c00000, 0x0000000532d00000, 0x0000000532d00000|100%| E|CS|TAMS 0x0000000532c00000| PB 0x0000000532c00000| Complete |  0
| 133|0x0000000532d00000, 0x0000000532e00000, 0x0000000532e00000|100%| E|CS|TAMS 0x0000000532d00000| PB 0x0000000532d00000| Complete |  0
| 134|0x0000000532e00000, 0x0000000532f00000, 0x0000000532f00000|100%| E|CS|TAMS 0x0000000532e00000| PB 0x0000000532e00000| Complete |  0
| 135|0x0000000532f00000, 0x0000000533000000, 0x0000000533000000|100%| E|CS|TAMS 0x0000000532f00000| PB 0x0000000532f00000| Complete |  0
| 136|0x0000000533000000, 0x0000000533100000, 0x0000000533100000|100%| E|CS|TAMS 0x0000000533000000| PB 0x0000000533000000| Complete |  0
| 137|0x0000000533100000, 0x0000000533200000, 0x0000000533200000|100%| E|CS|TAMS 0x0000000533100000| PB 0x0000000533100000| Complete |  0
| 138|0x0000000533200000, 0x0000000533300000, 0x0000000533300000|100%| E|CS|TAMS 0x0000000533200000| PB 0x0000000533200000| Complete |  0
| 139|0x0000000533300000, 0x0000000533400000, 0x0000000533400000|100%| O|  |TAMS 0x0000000533300000| PB 0x0000000533300000| Untracked |  0
| 140|0x0000000533400000, 0x0000000533500000, 0x0000000533500000|100%| O|  |TAMS 0x0000000533400000| PB 0x0000000533400000| Untracked |  0
| 141|0x0000000533500000, 0x0000000533600000, 0x0000000533600000|100%| E|CS|TAMS 0x0000000533500000| PB 0x0000000533500000| Complete |  0
| 142|0x0000000533600000, 0x0000000533700000, 0x0000000533700000|100%| O|  |TAMS 0x0000000533600000| PB 0x0000000533600000| Untracked |  0
| 143|0x0000000533700000, 0x0000000533800000, 0x0000000533800000|100%| O|  |TAMS 0x0000000533700000| PB 0x0000000533700000| Untracked |  0
| 144|0x0000000533800000, 0x0000000533900000, 0x0000000533900000|100%| O|  |TAMS 0x0000000533800000| PB 0x0000000533800000| Untracked |  0
| 145|0x0000000533900000, 0x0000000533a00000, 0x0000000533a00000|100%| O|  |TAMS 0x0000000533900000| PB 0x0000000533900000| Untracked |  0
| 146|0x0000000533a00000, 0x0000000533b00000, 0x0000000533b00000|100%| O|  |TAMS 0x0000000533a00000| PB 0x0000000533a00000| Untracked |  0
| 147|0x0000000533b00000, 0x0000000533c00000, 0x0000000533c00000|100%| O|  |TAMS 0x0000000533b00000| PB 0x0000000533b00000| Untracked |  0
| 148|0x0000000533c00000, 0x0000000533d00000, 0x0000000533d00000|100%| O|  |TAMS 0x0000000533c00000| PB 0x0000000533c00000| Untracked |  0
| 149|0x0000000533d00000, 0x0000000533e00000, 0x0000000533e00000|100%| O|  |TAMS 0x0000000533d00000| PB 0x0000000533d00000| Untracked |  0
| 150|0x0000000533e00000, 0x0000000533f00000, 0x0000000533f00000|100%| E|CS|TAMS 0x0000000533e00000| PB 0x0000000533e00000| Complete |  0
| 151|0x0000000533f00000, 0x0000000534000000, 0x0000000534000000|100%| E|CS|TAMS 0x0000000533f00000| PB 0x0000000533f00000| Complete |  0
| 152|0x0000000534000000, 0x0000000534100000, 0x0000000534100000|100%| E|CS|TAMS 0x0000000534000000| PB 0x0000000534000000| Complete |  0
| 153|0x0000000534100000, 0x0000000534200000, 0x0000000534200000|100%| E|CS|TAMS 0x0000000534100000| PB 0x0000000534100000| Complete |  0
| 154|0x0000000534200000, 0x0000000534300000, 0x0000000534300000|100%| E|CS|TAMS 0x0000000534200000| PB 0x0000000534200000| Complete |  0
|2026|0x00000005a9200000, 0x00000005a9300000, 0x00000005a9300000|100%| O|  |TAMS 0x00000005a9200000| PB 0x00000005a9200000| Untracked |  0
|2027|0x00000005a9300000, 0x00000005a9400000, 0x00000005a9400000|100%| O|  |TAMS 0x00000005a9300000| PB 0x00000005a9300000| Untracked |  0
|2028|0x00000005a9400000, 0x00000005a9500000, 0x00000005a9500000|100%| O|  |TAMS 0x00000005a9400000| PB 0x00000005a9400000| Untracked |  0
|2029|0x00000005a9500000, 0x00000005a9600000, 0x00000005a9600000|100%| E|CS|TAMS 0x00000005a9500000| PB 0x00000005a9500000| Complete |  0
|2030|0x00000005a9600000, 0x00000005a9700000, 0x00000005a9700000|100%| E|CS|TAMS 0x00000005a9600000| PB 0x00000005a9600000| Complete |  0
|2031|0x00000005a9700000, 0x00000005a9800000, 0x00000005a9800000|100%| E|CS|TAMS 0x00000005a9700000| PB 0x00000005a9700000| Complete |  0
|2032|0x00000005a9800000, 0x00000005a9900000, 0x00000005a9900000|100%| E|CS|TAMS 0x00000005a9800000| PB 0x00000005a9800000| Complete |  0
|2033|0x00000005a9900000, 0x00000005a9a00000, 0x00000005a9a00000|100%| E|CS|TAMS 0x00000005a9900000| PB 0x00000005a9900000| Complete |  0
|2034|0x00000005a9a00000, 0x00000005a9b00000, 0x00000005a9b00000|100%| E|CS|TAMS 0x00000005a9a00000| PB 0x00000005a9a00000| Complete |  0
|2035|0x00000005a9b00000, 0x00000005a9c00000, 0x00000005a9c00000|100%| E|CS|TAMS 0x00000005a9b00000| PB 0x00000005a9b00000| Complete |  0
|2036|0x00000005a9c00000, 0x00000005a9d00000, 0x00000005a9d00000|100%| E|CS|TAMS 0x00000005a9c00000| PB 0x00000005a9c00000| Complete |  0
|2037|0x00000005a9d00000, 0x00000005a9e00000, 0x00000005a9e00000|100%| E|CS|TAMS 0x00000005a9d00000| PB 0x00000005a9d00000| Complete |  0
|2038|0x00000005a9e00000, 0x00000005a9f00000, 0x00000005a9f00000|100%| E|CS|TAMS 0x00000005a9e00000| PB 0x00000005a9e00000| Complete |  0
|2039|0x00000005a9f00000, 0x00000005aa000000, 0x00000005aa000000|100%| E|CS|TAMS 0x00000005a9f00000| PB 0x00000005a9f00000| Complete |  0
|2040|0x00000005aa000000, 0x00000005aa100000, 0x00000005aa100000|100%| E|CS|TAMS 0x00000005aa000000| PB 0x00000005aa000000| Complete |  0
|2041|0x00000005aa100000, 0x00000005aa200000, 0x00000005aa200000|100%| E|CS|TAMS 0x00000005aa100000| PB 0x00000005aa100000| Complete |  0
|2042|0x00000005aa200000, 0x00000005aa300000, 0x00000005aa300000|100%| E|CS|TAMS 0x00000005aa200000| PB 0x00000005aa200000| Complete |  0
|2043|0x00000005aa300000, 0x00000005aa400000, 0x00000005aa400000|100%| E|CS|TAMS 0x00000005aa300000| PB 0x00000005aa300000| Complete |  0
|2044|0x00000005aa400000, 0x00000005aa500000, 0x00000005aa500000|100%| E|CS|TAMS 0x00000005aa400000| PB 0x00000005aa400000| Complete |  0
|2045|0x00000005aa500000, 0x00000005aa600000, 0x00000005aa600000|100%| E|CS|TAMS 0x00000005aa500000| PB 0x00000005aa500000| Complete |  0
|2046|0x00000005aa600000, 0x00000005aa700000, 0x00000005aa700000|100%| O|  |TAMS 0x00000005aa600000| PB 0x00000005aa600000| Untracked |  0
|2047|0x00000005aa700000, 0x00000005aa800000, 0x00000005aa800000|100%| E|CS|TAMS 0x00000005aa700000| PB 0x00000005aa700000| Complete |  0

Card table byte_map: [0x00000001098b8000,0x0000000109cb8000] _byte_map_base: 0x0000000106f64000

Marking Bits: (CMBitMap*) 0x00000001050dff00
 Bits: [0x0000000122c78000, 0x0000000124c78000)

Polling page: 0x0000000104804000

Metaspace:

Usage:
  Non-class:     13.66 MB used.
      Class:      1.76 MB used.
       Both:     15.42 MB used.

Virtual space:
  Non-class space:       64.00 MB reserved,      13.81 MB ( 22%) committed,  1 nodes.
      Class space:        1.00 GB reserved,       1.94 MB ( <1%) committed,  1 nodes.
             Both:        1.06 GB reserved,      15.75 MB (  1%) committed. 

Chunk freelists:
   Non-Class:  2.19 MB
       Class:  14.10 MB
        Both:  16.29 MB

MaxMetaspaceSize: unlimited
CompressedClassSpaceSize: 1.00 GB
Initial GC threshold: 21.00 MB
Current GC threshold: 26.19 MB
CDS: on
 - commit_granule_bytes: 65536.
 - commit_granule_words: 8192.
 - virtual_space_node_default_size: 8388608.
 - enlarge_chunks_in_place: 1.
 - use_allocation_guard: 0.


Internal statistics:

num_allocs_failed_limit: 0.
num_arena_births: 276.
num_arena_deaths: 0.
num_vsnodes_births: 2.
num_vsnodes_deaths: 0.
num_space_committed: 252.
num_space_uncommitted: 0.
num_chunks_returned_to_freelist: 0.
num_chunks_taken_from_freelist: 363.
num_chunk_merges: 0.
num_chunk_splits: 221.
num_chunks_enlarged: 117.
num_inconsistent_stats: 0.

CodeHeap 'non-profiled nmethods': size=120048Kb used=2843Kb max_used=3303Kb free=117204Kb
 bounds [0x000000011b73c000, 0x000000011ba7c000, 0x0000000122c78000]
CodeHeap 'profiled nmethods': size=120016Kb used=5147Kb max_used=6387Kb free=114868Kb
 bounds [0x0000000113c78000, 0x00000001142b8000, 0x000000011b1ac000]
CodeHeap 'non-nmethods': size=5696Kb used=1588Kb max_used=1698Kb free=4107Kb
 bounds [0x000000011b1ac000, 0x000000011b41c000, 0x000000011b73c000]
CodeCache: size=245760Kb, used=9578Kb, max_used=11388Kb, free=236179Kb
 total_blobs=4660, nmethods=3885, adapters=683, full_count=0
Compilation: enabled, stopped_count=0, restarted_count=0

Compilation events (20 events):
Event: 481.937 Thread 0x00000001050f33c0 5693       4       java.lang.Math::abs (11 bytes)
Event: 481.937 Thread 0x00000001050f33c0 nmethod 5693 0x000000011b948088 code [0x000000011b948180, 0x000000011b9481f0]
Event: 502.365 Thread 0x00000001050f33c0 5711       4       javax.swing.table.DefaultTableColumnModel::getColumnCount (8 bytes)
Event: 502.367 Thread 0x00000001050f33c0 nmethod 5711 0x000000011ba17c88 code [0x000000011ba17d80, 0x000000011ba17fc0]
Event: 502.512 Thread 0x00000001050f33c0 5712   !   4       sun.awt.AWTAutoShutdown::getPeer (43 bytes)
Event: 502.516 Thread 0x00000001050f33c0 nmethod 5712 0x000000011b948b88 code [0x000000011b948d00, 0x000000011b949380]
Event: 508.004 Thread 0x00000001050f33c0 5717 % !   4       java.lang.ref.Reference::processPendingReferences @ 27 (118 bytes)
Event: 508.009 Thread 0x00000001050f33c0 nmethod 5717% 0x000000011b813488 code [0x000000011b813600, 0x000000011b813a28]
Event: 567.986 Thread 0x00000009f30f8000 5765       3       java.awt.Window::eventEnabled (138 bytes)
Event: 567.988 Thread 0x00000009f30f8000 nmethod 5765 0x0000000113cc1288 code [0x0000000113cc1400, 0x0000000113cc18a0]
Event: 587.528 Thread 0x00000009f30f8000 5780       3       sun.java2d.pipe.PixelToParallelogramConverter::fillRect (26 bytes)
Event: 587.530 Thread 0x00000009f30f8000 nmethod 5780 0x0000000113c88588 code [0x0000000113c886c0, 0x0000000113c88920]
Event: 592.136 Thread 0x00000009f30f8000 5784 % !   3       sun.java2d.Disposer::run @ 0 (48 bytes)
Event: 592.147 Thread 0x00000009f30f8000 nmethod 5784% 0x000000011422b488 code [0x000000011422b900, 0x000000011422d3a0]
Event: 594.893 Thread 0x00000001050f33c0 5788 %     4       java.awt.EventDispatchThread::pumpEventsForFilter @ 10 (47 bytes)
Event: 594.913 Thread 0x00000001050f33c0 nmethod 5788% 0x000000011b8b0788 code [0x000000011b8b08c0, 0x000000011b8b0ab8]
Event: 605.421 Thread 0x00000001050f33c0 5797   !   4       java.lang.ref.Reference::processPendingReferences (118 bytes)
Event: 605.424 Thread 0x00000009f30f8000 5798   !   3       sun.java2d.Disposer::run (48 bytes)
Event: 605.442 Thread 0x00000009f30f8000 nmethod 5798 0x0000000114295808 code [0x0000000114295c40, 0x0000000114297688]
Event: 605.471 Thread 0x00000001050f33c0 nmethod 5797 0x000000011b8b9908 code [0x000000011b8b9ac0, 0x000000011b8ba0c0]

GC Heap History (20 events):
Event: 587.713 GC heap before
{Heap before GC invocations=379 (full 0):
 garbage-first heap   total reserved 2097152K, committed 181248K, used 157311K [0x000000052a800000, 0x00000005aa800000)
  region size 1024K, 89 young (91136K), 11 survivors (11264K)
 Metaspace       used 15790K, committed 16128K, reserved 1114112K
  class space    used 1806K, committed 1984K, reserved 1048576K
}
Event: 587.714 GC heap after
{Heap after GC invocations=380 (full 0):
 garbage-first heap   total reserved 2097152K, committed 181248K, used 77723K [0x000000052a800000, 0x00000005aa800000)
  region size 1024K, 10 young (10240K), 10 survivors (10240K)
 Metaspace       used 15790K, committed 16128K, reserved 1114112K
  class space    used 1806K, committed 1984K, reserved 1048576K
}
Event: 589.979 GC heap before
{Heap before GC invocations=380 (full 0):
 garbage-first heap   total reserved 2097152K, committed 181248K, used 158619K [0x000000052a800000, 0x00000005aa800000)
  region size 1024K, 90 young (92160K), 10 survivors (10240K)
 Metaspace       used 15790K, committed 16128K, reserved 1114112K
  class space    used 1806K, committed 1984K, reserved 1048576K
}
Event: 590.002 GC heap after
{Heap after GC invocations=381 (full 0):
 garbage-first heap   total reserved 2097152K, committed 181248K, used 79226K [0x000000052a800000, 0x00000005aa800000)
  region size 1024K, 12 young (12288K), 12 survivors (12288K)
 Metaspace       used 15790K, committed 16128K, reserved 1114112K
  class space    used 1806K, committed 1984K, reserved 1048576K
}
Event: 592.112 GC heap before
{Heap before GC invocations=381 (full 0):
 garbage-first heap   total reserved 2097152K, committed 181248K, used 156026K [0x000000052a800000, 0x00000005aa800000)
  region size 1024K, 88 young (90112K), 12 survivors (12288K)
 Metaspace       used 15790K, committed 16128K, reserved 1114112K
  class space    used 1806K, committed 1984K, reserved 1048576K
}
Event: 592.135 GC heap after
{Heap after GC invocations=382 (full 0):
 garbage-first heap   total reserved 2097152K, committed 181248K, used 78771K [0x000000052a800000, 0x00000005aa800000)
  region size 1024K, 11 young (11264K), 11 survivors (11264K)
 Metaspace       used 15790K, committed 16128K, reserved 1114112K
  class space    used 1806K, committed 1984K, reserved 1048576K
}
Event: 594.333 GC heap before
{Heap before GC invocations=382 (full 0):
 garbage-first heap   total reserved 2097152K, committed 181248K, used 157619K [0x000000052a800000, 0x00000005aa800000)
  region size 1024K, 89 young (91136K), 11 survivors (11264K)
 Metaspace       used 15791K, committed 16128K, reserved 1114112K
  class space    used 1806K, committed 1984K, reserved 1048576K
}
Event: 594.339 GC heap after
{Heap after GC invocations=383 (full 0):
 garbage-first heap   total reserved 2097152K, committed 181248K, used 78775K [0x000000052a800000, 0x00000005aa800000)
  region size 1024K, 11 young (11264K), 11 survivors (11264K)
 Metaspace       used 15791K, committed 16128K, reserved 1114112K
  class space    used 1806K, committed 1984K, reserved 1048576K
}
Event: 596.551 GC heap before
{Heap before GC invocations=383 (full 0):
 garbage-first heap   total reserved 2097152K, committed 181248K, used 157623K [0x000000052a800000, 0x00000005aa800000)
  region size 1024K, 89 young (91136K), 11 survivors (11264K)
 Metaspace       used 15791K, committed 16128K, reserved 1114112K
  class space    used 1806K, committed 1984K, reserved 1048576K
}
Event: 596.554 GC heap after
{Heap after GC invocations=384 (full 0):
 garbage-first heap   total reserved 2097152K, committed 181248K, used 78232K [0x000000052a800000, 0x00000005aa800000)
  region size 1024K, 11 young (11264K), 11 survivors (11264K)
 Metaspace       used 15791K, committed 16128K, reserved 1114112K
  class space    used 1806K, committed 1984K, reserved 1048576K
}
Event: 598.787 GC heap before
{Heap before GC invocations=384 (full 0):
 garbage-first heap   total reserved 2097152K, committed 181248K, used 157080K [0x000000052a800000, 0x00000005aa800000)
  region size 1024K, 89 young (91136K), 11 survivors (11264K)
 Metaspace       used 15791K, committed 16128K, reserved 1114112K
  class space    used 1806K, committed 1984K, reserved 1048576K
}
Event: 598.792 GC heap after
{Heap after GC invocations=385 (full 0):
 garbage-first heap   total reserved 2097152K, committed 181248K, used 79538K [0x000000052a800000, 0x00000005aa800000)
  region size 1024K, 12 young (12288K), 12 survivors (12288K)
 Metaspace       used 15791K, committed 16128K, reserved 1114112K
  class space    used 1806K, committed 1984K, reserved 1048576K
}
Event: 600.942 GC heap before
{Heap before GC invocations=385 (full 0):
 garbage-first heap   total reserved 2097152K, committed 181248K, used 156338K [0x000000052a800000, 0x00000005aa800000)
  region size 1024K, 88 young (90112K), 12 survivors (12288K)
 Metaspace       used 15791K, committed 16128K, reserved 1114112K
  class space    used 1806K, committed 1984K, reserved 1048576K
}
Event: 600.953 GC heap after
{Heap after GC invocations=386 (full 0):
 garbage-first heap   total reserved 2097152K, committed 181248K, used 79266K [0x000000052a800000, 0x00000005aa800000)
  region size 1024K, 11 young (11264K), 11 survivors (11264K)
 Metaspace       used 15791K, committed 16128K, reserved 1114112K
  class space    used 1806K, committed 1984K, reserved 1048576K
}
Event: 603.167 GC heap before
{Heap before GC invocations=386 (full 0):
 garbage-first heap   total reserved 2097152K, committed 181248K, used 158114K [0x000000052a800000, 0x00000005aa800000)
  region size 1024K, 89 young (91136K), 11 survivors (11264K)
 Metaspace       used 15791K, committed 16128K, reserved 1114112K
  class space    used 1806K, committed 1984K, reserved 1048576K
}
Event: 603.188 GC heap after
{Heap after GC invocations=387 (full 0):
 garbage-first heap   total reserved 2097152K, committed 181248K, used 79087K [0x000000052a800000, 0x00000005aa800000)
  region size 1024K, 11 young (11264K), 11 survivors (11264K)
 Metaspace       used 15791K, committed 16128K, reserved 1114112K
  class space    used 1806K, committed 1984K, reserved 1048576K
}
Event: 605.412 GC heap before
{Heap before GC invocations=387 (full 0):
 garbage-first heap   total reserved 2097152K, committed 181248K, used 157935K [0x000000052a800000, 0x00000005aa800000)
  region size 1024K, 89 young (91136K), 11 survivors (11264K)
 Metaspace       used 15791K, committed 16128K, reserved 1114112K
  class space    used 1806K, committed 1984K, reserved 1048576K
}
Event: 605.419 GC heap after
{Heap after GC invocations=388 (full 0):
 garbage-first heap   total reserved 2097152K, committed 181248K, used 78540K [0x000000052a800000, 0x00000005aa800000)
  region size 1024K, 11 young (11264K), 11 survivors (11264K)
 Metaspace       used 15791K, committed 16128K, reserved 1114112K
  class space    used 1806K, committed 1984K, reserved 1048576K
}
Event: 607.602 GC heap before
{Heap before GC invocations=388 (full 0):
 garbage-first heap   total reserved 2097152K, committed 181248K, used 157388K [0x000000052a800000, 0x00000005aa800000)
  region size 1024K, 89 young (91136K), 11 survivors (11264K)
 Metaspace       used 15791K, committed 16128K, reserved 1114112K
  class space    used 1806K, committed 1984K, reserved 1048576K
}
Event: 607.613 GC heap after
{Heap after GC invocations=389 (full 0):
 garbage-first heap   total reserved 2097152K, committed 181248K, used 79103K [0x000000052a800000, 0x00000005aa800000)
  region size 1024K, 11 young (11264K), 11 survivors (11264K)
 Metaspace       used 15791K, committed 16128K, reserved 1114112K
  class space    used 1806K, committed 1984K, reserved 1048576K
}

Dll operation events (12 events):
Event: 0.016 Loaded shared library /Users/gelika/Library/Java/JavaVirtualMachines/openjdk-23.0.2/Contents/Home/lib/libjava.dylib
Event: 0.071 Loaded shared library /Users/gelika/Library/Java/JavaVirtualMachines/openjdk-23.0.2/Contents/Home/lib/libzip.dylib
Event: 0.073 Loaded shared library /Users/gelika/Library/Java/JavaVirtualMachines/openjdk-23.0.2/Contents/Home/lib/libinstrument.dylib
Event: 0.075 Loaded shared library /Users/gelika/Library/Java/JavaVirtualMachines/openjdk-23.0.2/Contents/Home/lib/libnio.dylib
Event: 0.077 Loaded shared library /Users/gelika/Library/Java/JavaVirtualMachines/openjdk-23.0.2/Contents/Home/lib/libzip.dylib
Event: 0.081 Loaded shared library /Users/gelika/Library/Java/JavaVirtualMachines/openjdk-23.0.2/Contents/Home/lib/libnet.dylib
Event: 0.089 Loaded shared library /Users/gelika/Library/Java/JavaVirtualMachines/openjdk-23.0.2/Contents/Home/lib/libextnet.dylib
Event: 0.094 Loaded shared library /Users/gelika/Library/Java/JavaVirtualMachines/openjdk-23.0.2/Contents/Home/lib/libjimage.dylib
Event: 0.102 Loaded shared library /Users/gelika/Library/Java/JavaVirtualMachines/openjdk-23.0.2/Contents/Home/lib/libawt.dylib
Event: 0.181 Loaded shared library /Users/gelika/Library/Java/JavaVirtualMachines/openjdk-23.0.2/Contents/Home/lib/libawt_lwawt.dylib
Event: 0.201 Loaded shared library /Users/gelika/Library/Java/JavaVirtualMachines/openjdk-23.0.2/Contents/Home/lib/libfontmanager.dylib
Event: 1.086 Loaded shared library /Users/gelika/Library/Java/JavaVirtualMachines/openjdk-23.0.2/Contents/Home/lib/libosxui.dylib

Deoptimization events (20 events):
Event: 309.468 Thread 0x00000009f3182a00 Uncommon trap: trap_request=0xffffffde fr.pc=0x000000011b8e4334 relative=0x0000000000000074
Event: 309.468 Thread 0x00000009f3182a00 Uncommon trap: reason=class_check action=maybe_recompile pc=0x000000011b8e4334 method=sun.java2d.Disposer.safeDispose(Lsun/java2d/DisposerRecord;)V @ 1 c2
Event: 309.468 Thread 0x00000009f3182a00 DEOPT PACKING pc=0x000000011b8e4334 sp=0x000000016e6f68e0
Event: 309.468 Thread 0x00000009f3182a00 DEOPT UNPACKING pc=0x000000011b1eed9c sp=0x000000016e6f6860 mode 2
Event: 313.593 Thread 0x00000009f3180e00 Uncommon trap: trap_request=0xffffff45 fr.pc=0x000000011b9b0740 relative=0x0000000000000f00
Event: 313.593 Thread 0x00000009f3180e00 Uncommon trap: reason=unstable_if action=reinterpret pc=0x000000011b9b0740 method=sun.awt.PostEventQueue.flush()V @ 23 c2
Event: 313.593 Thread 0x00000009f3180e00 DEOPT PACKING pc=0x000000011b9b0740 sp=0x000000016e2de6c0
Event: 313.593 Thread 0x00000009f3180e00 DEOPT UNPACKING pc=0x000000011b1eed9c sp=0x000000016e2de5a0 mode 2
Event: 314.850 Thread 0x00000009f3182300 Uncommon trap: trap_request=0xffffff45 fr.pc=0x000000011b823024 relative=0x00000000000005e4
Event: 314.850 Thread 0x00000009f3182300 Uncommon trap: reason=unstable_if action=reinterpret pc=0x000000011b823024 method=sun.java2d.metal.MTLRenderQueue$QueueFlusher.run()V @ 101 c2
Event: 314.851 Thread 0x00000009f3182300 DEOPT PACKING pc=0x000000011b823024 sp=0x000000016e4ea950
Event: 314.851 Thread 0x00000009f3182300 DEOPT UNPACKING pc=0x000000011b1eed9c sp=0x000000016e4ea8d0 mode 2
Event: 317.872 Thread 0x00000009f3180e00 Uncommon trap: trap_request=0xffffff45 fr.pc=0x000000011ba2bb88 relative=0x00000000000017c8
Event: 317.872 Thread 0x00000009f3180e00 Uncommon trap: reason=unstable_if action=reinterpret pc=0x000000011ba2bb88 method=java.awt.LightweightDispatcher.retargetMouseEvent(Ljava/awt/Component;ILjava/awt/event/MouseEvent;)V @ 364 c2
Event: 317.872 Thread 0x00000009f3180e00 DEOPT PACKING pc=0x000000011ba2bb88 sp=0x000000016e2de500
Event: 317.872 Thread 0x00000009f3180e00 DEOPT UNPACKING pc=0x000000011b1eed9c sp=0x000000016e2de440 mode 2
Event: 386.745 Thread 0x00000009f3182300 DEOPT PACKING pc=0x0000000113ffff70 sp=0x000000016e4ea890
Event: 386.745 Thread 0x00000009f3182300 DEOPT UNPACKING pc=0x000000011b1eebbc sp=0x000000016e4ea5e0 mode 0
Event: 605.422 Thread 0x00000001050f2340 DEOPT PACKING pc=0x0000000113e2c0ec sp=0x000000016ca2a9b0
Event: 605.423 Thread 0x00000001050f2340 DEOPT UNPACKING pc=0x000000011b1eebbc sp=0x000000016ca2a660 mode 0

Classes loaded (20 events):
Event: 247.446 Loading class java/awt/dnd/DropTargetDropEvent
Event: 247.446 Loading class java/awt/dnd/DropTargetDropEvent done
Event: 247.447 Loading class java/awt/dnd/DropTargetContext$TransferableProxy
Event: 247.447 Loading class java/awt/dnd/DropTargetContext$TransferableProxy done
Event: 247.447 Loading class sun/awt/datatransfer/TransferableProxy
Event: 247.447 Loading class sun/awt/datatransfer/TransferableProxy done
Event: 247.447 Loading class java/util/AbstractMap$SimpleEntry
Event: 247.447 Loading class java/util/AbstractMap$SimpleEntry done
Event: 247.449 Loading class com/apple/laf/AquaFileChooserUI$DnDHandler$1
Event: 247.449 Loading class com/apple/laf/AquaFileChooserUI$DnDHandler$1 done
Event: 248.292 Loading class java/awt/KeyboardFocusManager$2
Event: 248.292 Loading class java/awt/KeyboardFocusManager$2 done
Event: 248.292 Loading class sun/awt/SunToolkit$1
Event: 248.292 Loading class sun/awt/SunToolkit$1 done
Event: 248.294 Loading class java/awt/Window$1DisposeAction
Event: 248.294 Loading class java/awt/Window$1DisposeAction done
Event: 249.879 Loading class sun/nio/ch/ChannelInputStream
Event: 249.879 Loading class sun/nio/ch/ChannelInputStream done
Event: 317.852 Loading class javax/swing/plaf/basic/BasicSplitPaneDivider$DragController
Event: 317.872 Loading class javax/swing/plaf/basic/BasicSplitPaneDivider$DragController done

Classes unloaded (0 events):
No events

Classes redefined (0 events):
No events

Internal exceptions (20 events):
Event: 11.216 Thread 0x00000009f3f1d500 Exception <a 'sun/nio/fs/UnixException'{0x0000000531df4300}> (0x0000000531df4300) 
thrown [open/src/hotspot/share/prims/jni.cpp, line 520]
Event: 11.228 Thread 0x00000009f3f1d500 Exception <a 'java/lang/NoSuchMethodError'{0x0000000531c802e8}: 'int java.lang.invoke.DirectMethodHandle$Holder.invokeStatic(java.lang.Object, java.lang.Object, java.lang.Object, java.lang.Object)'> (0x0000000531c802e8) 
thrown [open/src/hotspot/share/interpreter/linkResolver.cpp, line 796]
Event: 11.230 Thread 0x00000009f3f1d500 Exception <a 'java/lang/NoSuchMethodError'{0x0000000531c8e1a8}: 'void java.lang.invoke.DirectMethodHandle$Holder.invokeInterface(java.lang.Object, java.lang.Object, java.lang.Object)'> (0x0000000531c8e1a8) 
thrown [open/src/hotspot/share/interpreter/linkResolver.cpp, line 796]
Event: 192.676 Thread 0x00000009f3180e00 Implicit null exception at 0x000000011b7d6a10 to 0x000000011b7d6ab4
Event: 192.707 Thread 0x00000009f3180e00 Exception <a 'java/lang/NullPointerException'{0x00000005322eab68}> (0x00000005322eab68) 
thrown [open/src/hotspot/share/prims/jni.cpp, line 539]
Event: 192.724 Thread 0x00000009f3180e00 Exception <a 'java/lang/NoSuchMethodError'{0x00000005322f65a8}: 'java.lang.Object java.lang.invoke.DirectMethodHandle$Holder.invokeSpecial(java.lang.Object, java.lang.Object, double, double)'> (0x00000005322f65a8) 
thrown [open/src/hotspot/share/interpreter/linkResolver.cpp, line 796]
Event: 192.725 Thread 0x00000009f3180e00 Exception <a 'java/lang/NoSuchMethodError'{0x00000005321283c8}: 'java.lang.Object java.lang.invoke.DirectMethodHandle$Holder.newInvokeSpecial(java.lang.Object, java.lang.Object, int, int)'> (0x00000005321283c8) 
thrown [open/src/hotspot/share/interpreter/linkResolver.cpp, line 796]
Event: 192.772 Thread 0x00000009f3180e00 Exception <a 'java/lang/NoSuchMethodError'{0x00000005321671f0}: 'int java.lang.invoke.DirectMethodHandle$Holder.invokeStatic(java.lang.Object)'> (0x00000005321671f0) 
thrown [open/src/hotspot/share/interpreter/linkResolver.cpp, line 796]
Event: 192.773 Thread 0x00000009f3180e00 Implicit null exception at 0x000000011b864fb8 to 0x000000011b866228
Event: 192.773 Thread 0x00000009f3180e00 Implicit null exception at 0x000000011b808938 to 0x000000011b808bc0
Event: 192.792 Thread 0x00000009f3180e00 Implicit null exception at 0x000000011b884240 to 0x000000011b886354
Event: 192.793 Thread 0x00000009f3180e00 Implicit null exception at 0x000000011b8464c8 to 0x000000011b846808
Event: 192.825 Thread 0x00000009f3180e00 Exception <a 'java/lang/NoSuchMethodError'{0x00000005320e1f88}: 'java.lang.Object java.lang.invoke.DirectMethodHandle$Holder.newInvokeSpecial(java.lang.Object, java.lang.Object, int, int, int, int)'> (0x00000005320e1f88) 
thrown [open/src/hotspot/share/interpreter/linkResolver.cpp, line 796]
Event: 192.840 Thread 0x00000009f3180e00 Implicit null exception at 0x000000011b83a198 to 0x000000011b83a400
Event: 195.970 Thread 0x00000009f3180e00 Exception <a 'java/lang/NoSuchMethodError'{0x00000005327c0cf0}: 'java.lang.Object java.lang.invoke.DirectMethodHandle$Holder.newInvokeSpecial(java.lang.Object, float)'> (0x00000005327c0cf0) 
thrown [open/src/hotspot/share/interpreter/linkResolver.cpp, line 796]
Event: 222.176 Thread 0x00000009f3180e00 Implicit null exception at 0x000000011b9c7ad8 to 0x000000011b9c7e1c
Event: 222.176 Thread 0x00000009f3180e00 Implicit null exception at 0x000000011b83a224 to 0x000000011b83a364
Event: 243.689 Thread 0x00000009f3180e00 Implicit null exception at 0x000000011b882da8 to 0x000000011b884ed4
Event: 248.292 Thread 0x00000009f3180e00 Implicit null exception at 0x000000011b894280 to 0x000000011b894cb0
Event: 249.953 Thread 0x00000009f48d0700 Exception <a 'sun/nio/fs/UnixException'{0x00000005aa5282b0}> (0x00000005aa5282b0) 
thrown [open/src/hotspot/share/prims/jni.cpp, line 520]

VM Operations (20 events):
Event: 592.110 Executing VM operation: G1CollectForAllocation (G1 Evacuation Pause)
Event: 592.135 Executing VM operation: G1CollectForAllocation (G1 Evacuation Pause) done
Event: 594.333 Executing VM operation: G1CollectForAllocation (G1 Evacuation Pause)
Event: 594.340 Executing VM operation: G1CollectForAllocation (G1 Evacuation Pause) done
Event: 596.551 Executing VM operation: G1CollectForAllocation (G1 Evacuation Pause)
Event: 596.554 Executing VM operation: G1CollectForAllocation (G1 Evacuation Pause) done
Event: 598.787 Executing VM operation: G1CollectForAllocation (G1 Evacuation Pause)
Event: 598.792 Executing VM operation: G1CollectForAllocation (G1 Evacuation Pause) done
Event: 600.942 Executing VM operation: G1CollectForAllocation (G1 Evacuation Pause)
Event: 600.953 Executing VM operation: G1CollectForAllocation (G1 Evacuation Pause) done
Event: 601.088 Executing VM operation: HandshakeAllThreads (HandshakeForDeflation)
Event: 601.088 Executing VM operation: HandshakeAllThreads (HandshakeForDeflation) done
Event: 601.088 Executing VM operation: RendezvousGCThreads
Event: 601.088 Executing VM operation: RendezvousGCThreads done
Event: 603.167 Executing VM operation: G1CollectForAllocation (G1 Evacuation Pause)
Event: 603.188 Executing VM operation: G1CollectForAllocation (G1 Evacuation Pause) done
Event: 605.411 Executing VM operation: G1CollectForAllocation (G1 Evacuation Pause)
Event: 605.419 Executing VM operation: G1CollectForAllocation (G1 Evacuation Pause) done
Event: 607.602 Executing VM operation: G1CollectForAllocation (G1 Evacuation Pause)
Event: 607.614 Executing VM operation: G1CollectForAllocation (G1 Evacuation Pause) done

Memory protections (20 events):
Event: 222.176 Protecting memory [0x000000017bc90000,0x000000017bc9c000] with protection modes 0
Event: 222.272 Protecting memory [0x000000017bc90000,0x000000017bc9c000] with protection modes 3
Event: 249.876 Protecting memory [0x000000017709c000,0x00000001770a8000] with protection modes 0
Event: 249.927 Protecting memory [0x0000000178a9c000,0x0000000178aa8000] with protection modes 0
Event: 249.927 Protecting memory [0x0000000178ca8000,0x0000000178cb4000] with protection modes 0
Event: 249.928 Protecting memory [0x0000000178eb4000,0x0000000178ec0000] with protection modes 0
Event: 249.928 Protecting memory [0x00000001790c0000,0x00000001790cc000] with protection modes 0
Event: 249.928 Protecting memory [0x00000001792cc000,0x00000001792d8000] with protection modes 0
Event: 249.928 Protecting memory [0x00000001794d8000,0x00000001794e4000] with protection modes 0
Event: 249.928 Protecting memory [0x00000001796e4000,0x00000001796f0000] with protection modes 0
Event: 249.929 Protecting memory [0x00000001798f0000,0x00000001798fc000] with protection modes 0
Event: 249.930 Protecting memory [0x00000001794d8000,0x00000001794e4000] with protection modes 3
Event: 249.930 Protecting memory [0x00000001798f0000,0x00000001798fc000] with protection modes 3
Event: 249.930 Protecting memory [0x00000001792cc000,0x00000001792d8000] with protection modes 3
Event: 249.930 Protecting memory [0x0000000178ca8000,0x0000000178cb4000] with protection modes 3
Event: 249.930 Protecting memory [0x0000000178eb4000,0x0000000178ec0000] with protection modes 3
Event: 249.931 Protecting memory [0x00000001796e4000,0x00000001796f0000] with protection modes 3
Event: 249.932 Protecting memory [0x00000001790c0000,0x00000001790cc000] with protection modes 3
Event: 249.953 Protecting memory [0x0000000178a9c000,0x0000000178aa8000] with protection modes 3
Event: 249.955 Protecting memory [0x000000017709c000,0x00000001770a8000] with protection modes 3

Nmethod flushes (20 events):
Event: 384.506 Thread 0x00000009f3079800 flushing  nmethod 0x0000000114082088
Event: 384.506 Thread 0x00000009f3079800 flushing  nmethod 0x0000000114141b08
Event: 384.506 Thread 0x00000009f3079800 flushing  nmethod 0x00000001142a7588
Event: 384.506 Thread 0x00000009f3079800 flushing  nmethod 0x00000001142ade88
Event: 384.506 Thread 0x00000009f3079800 flushing  nmethod 0x00000001142b3f88
Event: 384.506 Thread 0x00000009f3079800 flushing  nmethod 0x0000000113e48c08
Event: 384.506 Thread 0x00000009f3079800 flushing  nmethod 0x0000000113f60788
Event: 384.506 Thread 0x00000009f3079800 flushing  nmethod 0x000000011404ce08
Event: 384.506 Thread 0x00000009f3079800 flushing  nmethod 0x0000000113db1208
Event: 384.506 Thread 0x00000009f3079800 flushing  nmethod 0x0000000113dd6508
Event: 384.506 Thread 0x00000009f3079800 flushing  nmethod 0x0000000113e57688
Event: 384.506 Thread 0x00000009f3079800 flushing  nmethod 0x000000011408d088
Event: 384.506 Thread 0x00000009f3079800 flushing  nmethod 0x0000000114091c88
Event: 384.506 Thread 0x00000009f3079800 flushing  nmethod 0x00000001140c5108
Event: 384.506 Thread 0x00000009f3079800 flushing  nmethod 0x000000011410ac08
Event: 384.506 Thread 0x00000009f3079800 flushing  nmethod 0x000000011428ac08
Event: 384.506 Thread 0x00000009f3079800 flushing  nmethod 0x0000000114290a88
Event: 384.506 Thread 0x00000009f3079800 flushing  nmethod 0x0000000114295808
Event: 384.506 Thread 0x00000009f3079800 flushing  nmethod 0x0000000113cf9708
Event: 384.506 Thread 0x00000009f3079800 flushing  nmethod 0x00000001140d6588

Events (20 events):
Event: 222.176 Thread 0x00000009f3180e00 Thread added: 0x00000009f356c700
Event: 222.272 Thread 0x00000009f356c700 Thread exited: 0x00000009f356c700
Event: 249.876 Thread 0x00000009f3180e00 Thread added: 0x00000009f48d0700
Event: 249.927 Thread 0x00000009f48d0700 Thread added: 0x00000009f48d2300
Event: 249.927 Thread 0x00000009f48d0700 Thread added: 0x00000009f48d2a00
Event: 249.928 Thread 0x00000009f48d0700 Thread added: 0x00000009f48d3100
Event: 249.928 Thread 0x00000009f48d0700 Thread added: 0x00000009f48d3800
Event: 249.928 Thread 0x00000009f48d0700 Thread added: 0x00000009f35b4000
Event: 249.928 Thread 0x00000009f48d0700 Thread added: 0x00000009f35b4700
Event: 249.928 Thread 0x00000009f48d0700 Thread added: 0x00000009f35b4e00
Event: 249.929 Thread 0x00000009f48d0700 Thread added: 0x00000009f35b5500
Event: 249.930 Thread 0x00000009f35b4700 Thread exited: 0x00000009f35b4700
Event: 249.930 Thread 0x00000009f35b5500 Thread exited: 0x00000009f35b5500
Event: 249.930 Thread 0x00000009f35b4000 Thread exited: 0x00000009f35b4000
Event: 249.930 Thread 0x00000009f48d2a00 Thread exited: 0x00000009f48d2a00
Event: 249.930 Thread 0x00000009f48d3100 Thread exited: 0x00000009f48d3100
Event: 249.931 Thread 0x00000009f35b4e00 Thread exited: 0x00000009f35b4e00
Event: 249.932 Thread 0x00000009f48d3800 Thread exited: 0x00000009f48d3800
Event: 249.953 Thread 0x00000009f48d2300 Thread exited: 0x00000009f48d2300
Event: 249.955 Thread 0x00000009f48d0700 Thread exited: 0x00000009f48d0700


Dynamic libraries:
0x000000010481c000 	/Users/gelika/Library/Java/JavaVirtualMachines/openjdk-23.0.2/Contents/Home/lib/libjli.dylib
0x000000019da56000 	/System/Library/Frameworks/ApplicationServices.framework/Versions/A/ApplicationServices
0x0000000187c77000 	/System/Library/Frameworks/CoreGraphics.framework/Versions/A/CoreGraphics
0x0000000183e01000 	/System/Library/Frameworks/CoreText.framework/Versions/A/CoreText
0x000000018e008000 	/System/Library/Frameworks/ImageIO.framework/Versions/A/ImageIO
0x00000001883cc000 	/System/Library/Frameworks/ColorSync.framework/Versions/A/ColorSync
0x0000000194eb4000 	/System/Library/Frameworks/ApplicationServices.framework/Versions/A/Frameworks/ATS.framework/Versions/A/ATS
0x0000000199396000 	/System/Library/Frameworks/CoreServices.framework/Versions/A/CoreServices
0x0000000188574000 	/System/Library/Frameworks/ApplicationServices.framework/Versions/A/Frameworks/HIServices.framework/Versions/A/HIServices
0x0000000193588000 	/System/Library/Frameworks/ApplicationServices.framework/Versions/A/Frameworks/PrintCore.framework/Versions/A/PrintCore
0x0000000195266000 	/System/Library/Frameworks/ApplicationServices.framework/Versions/A/Frameworks/QD.framework/Versions/A/QD
0x0000000195261000 	/System/Library/Frameworks/ApplicationServices.framework/Versions/A/Frameworks/ColorSyncLegacy.framework/Versions/A/ColorSyncLegacy
0x0000000194e86000 	/System/Library/Frameworks/ApplicationServices.framework/Versions/A/Frameworks/SpeechSynthesis.framework/Versions/A/SpeechSynthesis
0x0000000190d02000 	/usr/lib/libSystem.B.dylib
0x00000001876c2000 	/System/Library/PrivateFrameworks/SkyLight.framework/Versions/A/SkyLight
0x0000000188db6000 	/System/Library/PrivateFrameworks/ProtocolBuffer.framework/Versions/A/ProtocolBuffer
0x0000000190d06000 	/System/Library/PrivateFrameworks/SoftLinking.framework/Versions/A/SoftLinking
0x0000000184bde000 	/usr/lib/libicucore.A.dylib
0x000000018aa63000 	/System/Library/PrivateFrameworks/CoreAnalytics.framework/Versions/A/CoreAnalytics
0x000000018d9e3000 	/System/Library/PrivateFrameworks/FontServices.framework/libFontParser.dylib
0x0000000199615000 	/System/Library/Frameworks/Accelerate.framework/Versions/A/Accelerate
0x000000018d515000 	/System/Library/Frameworks/IOSurface.framework/Versions/A/IOSurface
0x000000018b7a7000 	/usr/lib/libxml2.2.dylib
0x0000000187234000 	/System/Library/Frameworks/CFNetwork.framework/Versions/A/CFNetwork
0x0000000180f1f000 	/System/Library/Frameworks/CoreFoundation.framework/Versions/A/CoreFoundation
0x000000018278b000 	/System/Library/Frameworks/Foundation.framework/Versions/C/Foundation
0x0000000190c4c000 	/usr/lib/libz.1.dylib
0x0000000180a7c000 	/usr/lib/libobjc.A.dylib
0x0000000180def000 	/usr/lib/libc++.1.dylib
0x00000001847c0000 	/System/Library/Frameworks/Security.framework/Versions/A/Security
0x00000002391c7000 	/System/Library/PrivateFrameworks/CollectionsInternal.framework/Versions/A/CollectionsInternal
0x000000019456b000 	/usr/lib/swift/libswiftCore.dylib
0x00000001ae0f4000 	/usr/lib/swift/libswiftCoreFoundation.dylib
0x000000019b0f6000 	/usr/lib/swift/libswiftDispatch.dylib
0x00000001ae155000 	/usr/lib/swift/libswiftIOKit.dylib
0x000000019e0c9000 	/usr/lib/swift/libswiftObjectiveC.dylib
0x00000001ae107000 	/usr/lib/swift/libswiftXPC.dylib
0x0000000284fa1000 	/usr/lib/swift/libswift_Builtin_float.dylib
0x0000000235e9e000 	/System/Library/PrivateFrameworks/BiomeLibrary.framework/Versions/A/BiomeLibrary
0x000000018905d000 	/System/Library/PrivateFrameworks/BaseBoard.framework/Versions/A/BaseBoard
0x000000019b457000 	/System/Library/PrivateFrameworks/BoardServices.framework/Versions/A/BoardServices
0x000000019d323000 	/System/Library/PrivateFrameworks/BackBoardServices.framework/Versions/A/BackBoardServices
0x0000000235da3000 	/System/Library/PrivateFrameworks/BackBoardHIDEventFoundation.framework/Versions/A/BackBoardHIDEventFoundation
0x000000018b88e000 	/System/Library/Frameworks/CoreVideo.framework/Versions/A/CoreVideo
0x000000018aa93000 	/usr/lib/libDiagnosticMessagesClient.dylib
0x000000018391d000 	/System/Library/Frameworks/CoreDisplay.framework/Versions/A/CoreDisplay
0x000000018ff5f000 	/usr/lib/libbsm.0.dylib
0x0000000192ee1000 	/System/Library/Frameworks/VideoToolbox.framework/Versions/A/VideoToolbox
0x0000000190f22000 	/System/Library/Frameworks/MetalPerformanceShaders.framework/Versions/A/MetalPerformanceShaders
0x000000018fc0f000 	/System/Library/PrivateFrameworks/IOMobileFramebuffer.framework/Versions/A/IOMobileFramebuffer
0x0000000263a05000 	/System/Library/PrivateFrameworks/ProDisplayLibrary.framework/Versions/A/ProDisplayLibrary
0x00000001a1142000 	/System/Library/PrivateFrameworks/IOSurfaceAccelerator.framework/Versions/A/IOSurfaceAccelerator
0x000000018914f000 	/System/Library/PrivateFrameworks/RunningBoardServices.framework/Versions/A/RunningBoardServices
0x00000001823fa000 	/System/Library/Frameworks/SystemConfiguration.framework/Versions/A/SystemConfiguration
0x000000018d53d000 	/System/Library/Frameworks/Metal.framework/Versions/A/Metal
0x000000018d532000 	/System/Library/PrivateFrameworks/IOAccelerator.framework/Versions/A/IOAccelerator
0x000000018d841000 	/System/Library/Frameworks/CoreMedia.framework/Versions/A/CoreMedia
0x000000018769e000 	/System/Library/PrivateFrameworks/TCC.framework/Versions/A/TCC
0x0000000187606000 	/usr/lib/libMobileGestalt.dylib
0x0000000192e99000 	/System/Library/PrivateFrameworks/WatchdogClient.framework/Versions/A/WatchdogClient
0x000000018afbd000 	/System/Library/Frameworks/QuartzCore.framework/Versions/A/QuartzCore
0x0000000185236000 	/System/Library/Frameworks/IOKit.framework/Versions/A/IOKit
0x0000000190f2a000 	/usr/lib/libcompression.dylib
0x0000000192e9b000 	/System/Library/PrivateFrameworks/MultitouchSupport.framework/Versions/A/MultitouchSupport
0x00000001c5eba000 	/usr/lib/swift/libswiftAccelerate.dylib
0x00000001ae0d4000 	/usr/lib/swift/libswiftCoreAudio.dylib
0x00000001ca023000 	/usr/lib/swift/libswiftCoreMedia.dylib
0x00000001bc041000 	/usr/lib/swift/libswiftMetal.dylib
0x00000001cb7d1000 	/usr/lib/swift/libswiftOSLog.dylib
0x00000001c1422000 	/usr/lib/swift/libswiftQuartzCore.dylib
0x00000001c5eaa000 	/usr/lib/swift/libswiftUniformTypeIdentifiers.dylib
0x0000000284f89000 	/usr/lib/swift/libswiftVideoToolbox.dylib
0x000000019e0cd000 	/usr/lib/swift/libswiftos.dylib
0x00000001b1c2f000 	/usr/lib/swift/libswiftsimd.dylib
0x00000001bd09f000 	/System/Library/PrivateFrameworks/BiomeStreams.framework/Versions/A/BiomeStreams
0x00000001c3375000 	/System/Library/PrivateFrameworks/BiomeStorage.framework/Versions/A/BiomeStorage
0x00000001b9121000 	/System/Library/PrivateFrameworks/BiomeFoundation.framework/Versions/A/BiomeFoundation
0x00000002520a8000 	/System/Library/PrivateFrameworks/IntelligencePlatformLibrary.framework/Versions/A/IntelligencePlatformLibrary
0x0000000188dd2000 	/usr/lib/libsqlite3.dylib
0x00000002627cd000 	/System/Library/PrivateFrameworks/PoirotSchematizer.framework/Versions/A/PoirotSchematizer
0x000000023674c000 	/System/Library/PrivateFrameworks/BiomeSync.framework/Versions/A/BiomeSync
0x0000000235e84000 	/System/Library/PrivateFrameworks/BiomeDSL.framework/Versions/A/BiomeDSL
0x00000001c3314000 	/System/Library/PrivateFrameworks/BiomePubSub.framework/Versions/A/BiomePubSub
0x00000001adfb6000 	/System/Library/PrivateFrameworks/LoggingSupport.framework/Versions/A/LoggingSupport
0x000000019f034000 	/System/Library/PrivateFrameworks/ProactiveSupport.framework/Versions/A/ProactiveSupport
0x00000001dc2e2000 	/System/Library/PrivateFrameworks/FeatureFlags.framework/Versions/A/FeatureFlags
0x00000001d41ac000 	/System/Library/PrivateFrameworks/InternalSwiftProtobuf.framework/Versions/A/InternalSwiftProtobuf
0x000000026283b000 	/System/Library/PrivateFrameworks/PoirotUDFs.framework/Versions/A/PoirotUDFs
0x00000002850d2000 	/usr/lib/swift/libswift_StringProcessing.dylib
0x0000000190cfc000 	/usr/lib/system/libcache.dylib
0x0000000190cb7000 	/usr/lib/system/libcommonCrypto.dylib
0x0000000190ce2000 	/usr/lib/system/libcompiler_rt.dylib
0x0000000190cd7000 	/usr/lib/system/libcopyfile.dylib
0x0000000180c24000 	/usr/lib/system/libcorecrypto.dylib
0x0000000180d23000 	/usr/lib/system/libdispatch.dylib
0x0000000180acf000 	/usr/lib/system/libdyld.dylib
0x0000000190cf2000 	/usr/lib/system/libkeymgr.dylib
0x0000000190c9a000 	/usr/lib/system/libmacho.dylib
0x000000018ff37000 	/usr/lib/system/libquarantine.dylib
0x0000000190cef000 	/usr/lib/system/libremovefile.dylib
0x0000000187686000 	/usr/lib/system/libsystem_asl.dylib
0x0000000180baa000 	/usr/lib/system/libsystem_blocks.dylib
0x0000000180d6e000 	/usr/lib/system/libsystem_c.dylib
0x0000000190ce6000 	/usr/lib/system/libsystem_collections.dylib
0x000000018e8ec000 	/usr/lib/system/libsystem_configuration.dylib
0x000000018d4dc000 	/usr/lib/system/libsystem_containermanager.dylib
0x00000001906d6000 	/usr/lib/system/libsystem_coreservices.dylib
0x0000000184eb4000 	/usr/lib/system/libsystem_darwin.dylib
0x00000002852c2000 	/usr/lib/system/libsystem_darwindirectory.dylib
0x0000000190cf3000 	/usr/lib/system/libsystem_dnssd.dylib
0x00000002852c6000 	/usr/lib/system/libsystem_eligibility.dylib
0x0000000180d6b000 	/usr/lib/system/libsystem_featureflags.dylib
0x0000000180eef000 	/usr/lib/system/libsystem_info.dylib
0x0000000190c5b000 	/usr/lib/system/libsystem_m.dylib
0x0000000180cd2000 	/usr/lib/system/libsystem_malloc.dylib
0x00000001875e9000 	/usr/lib/system/libsystem_networkextension.dylib
0x000000018531f000 	/usr/lib/system/libsystem_notify.dylib
0x000000018e8f1000 	/usr/lib/system/libsystem_sandbox.dylib
0x00000002852d0000 	/usr/lib/system/libsystem_sanitizers.dylib
0x0000000190ceb000 	/usr/lib/system/libsystem_secinit.dylib
0x0000000180e9b000 	/usr/lib/system/libsystem_kernel.dylib
0x0000000180ee6000 	/usr/lib/system/libsystem_platform.dylib
0x0000000180ed9000 	/usr/lib/system/libsystem_pthread.dylib
0x0000000189241000 	/usr/lib/system/libsystem_symptoms.dylib
0x0000000180c03000 	/usr/lib/system/libsystem_trace.dylib
0x00000002852d8000 	/usr/lib/system/libsystem_trial.dylib
0x0000000190cc5000 	/usr/lib/system/libunwind.dylib
0x0000000180bae000 	/usr/lib/system/libxpc.dylib
0x0000000180e80000 	/usr/lib/libc++abi.dylib
0x00000002835e5000 	/usr/lib/libRosetta.dylib
0x0000000284b2d000 	/usr/lib/libswiftPrespecialized.dylib
0x000000018b75e000 	/System/Library/PrivateFrameworks/CoreAutoLayout.framework/Versions/A/CoreAutoLayout
0x0000000190d04000 	/usr/lib/libfakelink.dylib
0x000000018ab8e000 	/System/Library/Frameworks/DiskArbitration.framework/Versions/A/DiskArbitration
0x0000000190d57000 	/usr/lib/libarchive.2.dylib
0x000000018e8ff000 	/usr/lib/liblangid.dylib
0x000000019704f000 	/System/Library/Frameworks/Combine.framework/Versions/A/Combine
0x0000000264ad9000 	/System/Library/PrivateFrameworks/ReflectionInternal.framework/Versions/A/ReflectionInternal
0x0000000265a21000 	/System/Library/PrivateFrameworks/RuntimeInternal.framework/Versions/A/RuntimeInternal
0x00000001aaf9e000 	/usr/lib/swift/libswiftDarwin.dylib
0x0000000284f6f000 	/usr/lib/swift/libswiftSystem.dylib
0x0000000284fa2000 	/usr/lib/swift/libswift_Concurrency.dylib
0x000000028502e000 	/usr/lib/swift/libswift_DarwinFoundation1.dylib
0x00000001851b6000 	/System/Library/PrivateFrameworks/CoreServicesInternal.framework/Versions/A/CoreServicesInternal
0x0000000190ccf000 	/usr/lib/liboah.dylib
0x000000019d501000 	/System/Library/PrivateFrameworks/DiskImages.framework/Versions/A/DiskImages
0x00000001aaa44000 	/System/Library/Frameworks/NetFS.framework/Versions/A/NetFS
0x000000018b723000 	/System/Library/Frameworks/CoreServices.framework/Versions/A/Frameworks/FSEvents.framework/Versions/A/FSEvents
0x0000000184ebe000 	/System/Library/Frameworks/CoreServices.framework/Versions/A/Frameworks/CarbonCore.framework/Versions/A/CarbonCore
0x000000018ab02000 	/System/Library/Frameworks/CoreServices.framework/Versions/A/Frameworks/Metadata.framework/Versions/A/Metadata
0x00000001906dd000 	/System/Library/Frameworks/CoreServices.framework/Versions/A/Frameworks/OSServices.framework/Versions/A/OSServices
0x0000000190e4f000 	/System/Library/Frameworks/CoreServices.framework/Versions/A/Frameworks/SearchKit.framework/Versions/A/SearchKit
0x00000001891bb000 	/System/Library/Frameworks/CoreServices.framework/Versions/A/Frameworks/AE.framework/Versions/A/AE
0x000000018147d000 	/System/Library/Frameworks/CoreServices.framework/Versions/A/Frameworks/LaunchServices.framework/Versions/A/LaunchServices
0x00000001921d0000 	/System/Library/Frameworks/CoreServices.framework/Versions/A/Frameworks/DictionaryServices.framework/Versions/A/DictionaryServices
0x000000018b730000 	/System/Library/Frameworks/CoreServices.framework/Versions/A/Frameworks/SharedFileList.framework/Versions/A/SharedFileList
0x0000000190ee2000 	/usr/lib/libapple_nghttp2.dylib
0x0000000188fbb000 	/System/Library/Frameworks/Accounts.framework/Versions/A/Accounts
0x000000019d743000 	/System/Library/PrivateFrameworks/AppSupport.framework/Versions/A/AppSupport
0x00000001acebd000 	/System/Library/Frameworks/AVFoundation.framework/Versions/A/AVFoundation
0x000000019529d000 	/System/Library/Frameworks/GSS.framework/Versions/A/GSS
0x0000000193692000 	/System/Library/PrivateFrameworks/InternationalSupport.framework/Versions/A/InternationalSupport
0x000000019e051000 	/System/Library/PrivateFrameworks/StreamingZip.framework/Versions/A/StreamingZip
0x0000000187604000 	/usr/lib/libenergytrace.dylib
0x000000018924a000 	/System/Library/Frameworks/Network.framework/Versions/A/Network
0x0000000190c9e000 	/usr/lib/system/libkxld.dylib
0x000000023482e000 	/System/Library/PrivateFrameworks/AppleKeyStore.framework/Versions/A/AppleKeyStore
0x00000002832e7000 	/usr/lib/libCoreEntitlements.dylib
0x0000000259357000 	/System/Library/PrivateFrameworks/MessageSecurity.framework/Versions/A/MessageSecurity
0x000000019a50a000 	/System/Library/PrivateFrameworks/SymptomDiagnosticReporter.framework/Versions/A/SymptomDiagnosticReporter
0x0000000192415000 	/System/Library/PrivateFrameworks/CrashReporterSupport.framework/Versions/A/CrashReporterSupport
0x00000001906bd000 	/System/Library/PrivateFrameworks/AppleFSCompression.framework/Versions/A/AppleFSCompression
0x000000018ff47000 	/usr/lib/libcoretls.dylib
0x0000000192246000 	/usr/lib/libcoretls_cfhelpers.dylib
0x0000000190f24000 	/usr/lib/libpam.2.dylib
0x00000001922bc000 	/usr/lib/libxar.1.dylib
0x0000000192248000 	/System/Library/PrivateFrameworks/APFS.framework/Versions/A/APFS
0x0000000271134000 	/System/Library/PrivateFrameworks/SwiftASN1Internal.framework/Versions/A/SwiftASN1Internal
0x00000001922cb000 	/usr/lib/libutil.dylib
0x000000018e8fa000 	/System/Library/PrivateFrameworks/AppleSystemInfo.framework/Versions/A/AppleSystemInfo
0x000000019ce61000 	/System/Library/PrivateFrameworks/CoreWiFi.framework/Versions/A/CoreWiFi
0x0000000195300000 	/System/Library/PrivateFrameworks/MobileAsset.framework/Versions/A/MobileAsset
0x000000019a51a000 	/System/Library/PrivateFrameworks/PowerLog.framework/Versions/A/PowerLog
0x000000019b9d6000 	/System/Library/PrivateFrameworks/Rapport.framework/Versions/A/Rapport
0x000000022d4f3000 	/System/Library/Frameworks/SwiftData.framework/Versions/A/SwiftData
0x0000000186c6a000 	/System/Library/Frameworks/UniformTypeIdentifiers.framework/Versions/A/UniformTypeIdentifiers
0x000000018b950000 	/System/Library/PrivateFrameworks/UserManagement.framework/Versions/A/UserManagement
0x000000018715b000 	/usr/lib/libboringssl.dylib
0x000000018922f000 	/usr/lib/libdns_services.dylib
0x00000001acff1000 	/usr/lib/libquic.dylib
0x00000001944fc000 	/usr/lib/libusrtcp.dylib
0x00000002356e2000 	/System/Library/PrivateFrameworks/AtomicsInternal.framework/Versions/A/AtomicsInternal
0x0000000284df6000 	/usr/lib/swift/libswiftDistributed.dylib
0x0000000284e1f000 	/usr/lib/swift/libswiftObservation.dylib
0x0000000284f5b000 	/usr/lib/swift/libswiftSynchronization.dylib
0x000000018e8f8000 	/System/Library/PrivateFrameworks/AggregateDictionary.framework/Versions/A/AggregateDictionary
0x00000001889c8000 	/System/Library/Frameworks/CoreData.framework/Versions/A/CoreData
0x000000022f53e000 	/System/Library/Frameworks/_LocationEssentials.framework/Versions/A/_LocationEssentials
0x0000000192227000 	/usr/lib/liblzma.5.dylib
0x000000018fe40000 	/System/Library/PrivateFrameworks/MobileKeyBag.framework/Versions/A/MobileKeyBag
0x000000019da57000 	/System/Library/PrivateFrameworks/InternationalTextSearch.framework/Versions/A/InternationalTextSearch
0x00000001b5606000 	/System/Library/PrivateFrameworks/SoftwareUpdateCoreSupport.framework/Versions/A/SoftwareUpdateCoreSupport
0x00000001bdb3d000 	/System/Library/PrivateFrameworks/SoftwareUpdateCoreConnect.framework/Versions/A/SoftwareUpdateCoreConnect
0x000000019d5fb000 	/System/Library/PrivateFrameworks/RemoteServiceDiscovery.framework/Versions/A/RemoteServiceDiscovery
0x00000001b51dc000 	/System/Library/PrivateFrameworks/MSUDataAccessor.framework/Versions/A/MSUDataAccessor
0x00000001b0181000 	/usr/lib/libbootpolicy.dylib
0x000000019d612000 	/System/Library/PrivateFrameworks/RemoteXPC.framework/Versions/A/RemoteXPC
0x00000001bcf73000 	/usr/lib/libFDR.dylib
0x00000001c2f16000 	/usr/lib/libamsupport.dylib
0x00000002835dd000 	/usr/lib/libReverseProxyDevice.dylib
0x00000002340a3000 	/System/Library/PrivateFrameworks/AppleDeviceQuerySupport.framework/Versions/A/AppleDeviceQuerySupport
0x00000001c60d2000 	/usr/lib/libpartition2_dynamic.dylib
0x0000000190ebe000 	/System/Library/PrivateFrameworks/AppleSauce.framework/Versions/A/AppleSauce
0x0000000283192000 	/usr/lib/libAppleArchive.dylib
0x00000001906c9000 	/usr/lib/libbz2.1.0.dylib
0x000000018ab98000 	/System/Library/Frameworks/Accelerate.framework/Versions/A/Frameworks/vImage.framework/Versions/A/vImage
0x0000000199371000 	/System/Library/Frameworks/Accelerate.framework/Versions/A/Frameworks/vecLib.framework/Versions/A/vecLib
0x0000000192302000 	/System/Library/Frameworks/Accelerate.framework/Versions/A/Frameworks/vecLib.framework/Versions/A/libvMisc.dylib
0x0000000181981000 	/System/Library/Frameworks/Accelerate.framework/Versions/A/Frameworks/vecLib.framework/Versions/A/libBLAS.dylib
0x0000000225f50000 	/System/Library/Frameworks/OpenGL.framework/Versions/A/OpenGL
0x0000000247df1000 	/System/Library/PrivateFrameworks/GPUCompiler.framework/Versions/32023/Libraries/libllvm-flatbuffers.dylib
0x0000000242851000 	/System/Library/PrivateFrameworks/FramePacing.framework/Versions/A/FramePacing
0x0000000225f42000 	/System/Library/Frameworks/OpenGL.framework/Versions/A/Libraries/libCoreFSCache.dylib
0x000000024397e000 	/System/Library/PrivateFrameworks/GPUCompiler.framework/Versions/32023/Libraries/libGPUCompilerUtils.dylib
0x0000000225fa1000 	/System/Library/Frameworks/OpenGL.framework/Versions/A/Libraries/libGLU.dylib
0x0000000225f64000 	/System/Library/Frameworks/OpenGL.framework/Versions/A/Libraries/libGFXShared.dylib
0x0000000226131000 	/System/Library/Frameworks/OpenGL.framework/Versions/A/Libraries/libGL.dylib
0x0000000225f6d000 	/System/Library/Frameworks/OpenGL.framework/Versions/A/Libraries/libGLImage.dylib
0x0000000225f61000 	/System/Library/Frameworks/OpenGL.framework/Versions/A/Libraries/libCVMSPluginSupport.dylib
0x0000000225f4a000 	/System/Library/Frameworks/OpenGL.framework/Versions/A/Libraries/libCoreVMClient.dylib
0x000000018fa9d000 	/System/Library/Frameworks/Accelerate.framework/Versions/A/Frameworks/vecLib.framework/Versions/A/libvDSP.dylib
0x0000000190fff000 	/System/Library/Frameworks/Accelerate.framework/Versions/A/Frameworks/vecLib.framework/Versions/A/libLAPACK.dylib
0x000000018ffd3000 	/System/Library/Frameworks/Accelerate.framework/Versions/A/Frameworks/vecLib.framework/Versions/A/libLinearAlgebra.dylib
0x0000000190efb000 	/System/Library/Frameworks/Accelerate.framework/Versions/A/Frameworks/vecLib.framework/Versions/A/libSparseBLAS.dylib
0x0000000190ffa000 	/System/Library/Frameworks/Accelerate.framework/Versions/A/Frameworks/vecLib.framework/Versions/A/libQuadrature.dylib
0x000000018ea28000 	/System/Library/Frameworks/Accelerate.framework/Versions/A/Frameworks/vecLib.framework/Versions/A/libBNNS.dylib
0x000000018228c000 	/System/Library/Frameworks/Accelerate.framework/Versions/A/Frameworks/vecLib.framework/Versions/A/libSparse.dylib
0x0000000254151000 	/System/Library/PrivateFrameworks/MIL.framework/Versions/A/MIL
0x00000001bff8c000 	/System/Library/PrivateFrameworks/OSAnalytics.framework/Versions/A/OSAnalytics
0x00000002404c3000 	/System/Library/PrivateFrameworks/DeviceRecovery.framework/Versions/A/DeviceRecovery
0x000000019b86f000 	/System/Library/PrivateFrameworks/CoreSymbolication.framework/Versions/A/CoreSymbolication
0x00000001cf897000 	/System/Library/PrivateFrameworks/Symbolication.framework/Versions/A/Symbolication
0x000000019b84d000 	/System/Library/PrivateFrameworks/DebugSymbols.framework/Versions/A/DebugSymbols
0x00000001ae045000 	/System/Library/PrivateFrameworks/MallocStackLogging.framework/Versions/A/MallocStackLogging
0x0000000285033000 	/usr/lib/swift/libswift_RegexParser.dylib
0x0000000197143000 	/System/Library/PrivateFrameworks/GeoServices.framework/Versions/A/GeoServices
0x0000000194b86000 	/System/Library/PrivateFrameworks/LocationSupport.framework/Versions/A/LocationSupport
0x000000019a3ff000 	/System/Library/Frameworks/CoreBluetooth.framework/Versions/A/CoreBluetooth
0x000000024b896000 	/System/Library/PrivateFrameworks/GeoServicesCore.framework/Versions/A/GeoServicesCore
0x00000001a6e9d000 	/System/Library/PrivateFrameworks/PhoneNumbers.framework/Versions/A/PhoneNumbers
0x0000000195476000 	/System/Library/PrivateFrameworks/CorePhoneNumbers.framework/Versions/A/CorePhoneNumbers
0x0000000190d3c000 	/usr/lib/libiconv.2.dylib
0x0000000190c99000 	/usr/lib/libcharset.1.dylib
0x0000000227fc6000 	/System/Library/Frameworks/ExtensionFoundation.framework/Versions/A/ExtensionFoundation
0x00000001928f0000 	/System/Library/PrivateFrameworks/AppServerSupport.framework/Versions/A/AppServerSupport
0x000000025e251000 	/System/Library/PrivateFrameworks/OSEligibility.framework/Versions/A/OSEligibility
0x00000001926f2000 	/System/Library/PrivateFrameworks/IconServices.framework/Versions/A/IconServices
0x00000002293b1000 	/System/Library/Frameworks/LightweightCodeRequirements.framework/Versions/A/LightweightCodeRequirements
0x000000019256c000 	/System/Library/PrivateFrameworks/PlugInKit.framework/Versions/A/PlugInKit
0x000000018fe58000 	/System/Library/PrivateFrameworks/AssertionServices.framework/Versions/A/AssertionServices
0x0000000192c93000 	/System/Library/PrivateFrameworks/AppleJPEG.framework/Versions/A/AppleJPEG
0x000000019266c000 	/usr/lib/libexpat.1.dylib
0x000000019345e000 	/System/Library/Frameworks/ImageIO.framework/Versions/A/Resources/libPng.dylib
0x0000000193489000 	/System/Library/Frameworks/ImageIO.framework/Versions/A/Resources/libTIFF.dylib
0x0000000193571000 	/System/Library/Frameworks/ImageIO.framework/Versions/A/Resources/libGIF.dylib
0x0000000192cd8000 	/System/Library/Frameworks/ImageIO.framework/Versions/A/Resources/libJP2.dylib
0x000000019237c000 	/usr/lib/libate.dylib
0x0000000193518000 	/System/Library/Frameworks/ImageIO.framework/Versions/A/Resources/libJPEG.dylib
0x000000019350f000 	/System/Library/Frameworks/ImageIO.framework/Versions/A/Resources/libRadiance.dylib
0x0000000285031000 	/usr/lib/swift/libswift_DarwinFoundation2.dylib
0x0000000285032000 	/usr/lib/swift/libswift_DarwinFoundation3.dylib
0x0000000192691000 	/System/Library/PrivateFrameworks/IconFoundation.framework/Versions/A/IconFoundation
0x000000024ec16000 	/System/Library/PrivateFrameworks/IconRendering.framework/Versions/A/IconRendering
0x000000018b425000 	/System/Library/PrivateFrameworks/CoreUI.framework/Versions/A/CoreUI
0x000000018e347000 	/System/Library/Frameworks/CoreImage.framework/Versions/A/CoreImage
0x0000000265bed000 	/System/Library/PrivateFrameworks/SFSymbols.framework/Versions/A/SFSymbols
0x0000000227e7c000 	/System/Library/Frameworks/DeveloperToolsSupport.framework/Versions/A/DeveloperToolsSupport
0x00000001a526c000 	/System/Library/PrivateFrameworks/RenderBox.framework/Versions/A/RenderBox
0x000000018dfca000 	/System/Library/PrivateFrameworks/CoreSVG.framework/Versions/A/CoreSVG
0x00000001935fb000 	/System/Library/PrivateFrameworks/TextureIO.framework/Versions/A/TextureIO
0x00000001ae154000 	/usr/lib/swift/libswiftCoreImage.dylib
0x00000001928a0000 	/System/Library/PrivateFrameworks/GraphVisualizer.framework/Versions/A/GraphVisualizer
0x000000024275c000 	/System/Library/PrivateFrameworks/FontServices.framework/Versions/A/FontServices
0x00000001928b0000 	/System/Library/PrivateFrameworks/OTSVG.framework/Versions/A/OTSVG
0x000000018b3d3000 	/System/Library/Frameworks/ApplicationServices.framework/Versions/A/Frameworks/ATS.framework/Versions/A/Resources/libFontRegistry.dylib
0x000000028416d000 	/usr/lib/libhvf.dylib
0x000000025eed1000 	/System/Library/PrivateFrameworks/ParsingInternal.framework/Versions/A/ParsingInternal
0x0000000242760000 	/System/Library/PrivateFrameworks/FontServices.framework/libXTFontStaticRegistryData.dylib
0x000000018e832000 	/System/Library/Frameworks/MetalPerformanceShaders.framework/Versions/A/Frameworks/MPSCore.framework/Versions/A/MPSCore
0x0000000190628000 	/System/Library/Frameworks/MetalPerformanceShaders.framework/Versions/A/Frameworks/MPSImage.framework/Versions/A/MPSImage
0x000000018ffe7000 	/System/Library/Frameworks/MetalPerformanceShaders.framework/Versions/A/Frameworks/MPSNeuralNetwork.framework/Versions/A/MPSNeuralNetwork
0x0000000190426000 	/System/Library/Frameworks/MetalPerformanceShaders.framework/Versions/A/Frameworks/MPSMatrix.framework/Versions/A/MPSMatrix
0x000000019023e000 	/System/Library/Frameworks/MetalPerformanceShaders.framework/Versions/A/Frameworks/MPSRayIntersector.framework/Versions/A/MPSRayIntersector
0x0000000190458000 	/System/Library/Frameworks/MetalPerformanceShaders.framework/Versions/A/Frameworks/MPSNDArray.framework/Versions/A/MPSNDArray
0x000000022a232000 	/System/Library/Frameworks/MetalPerformanceShaders.framework/Versions/A/Frameworks/MPSFunctions.framework/Versions/A/MPSFunctions
0x000000022a213000 	/System/Library/Frameworks/MetalPerformanceShaders.framework/Versions/A/Frameworks/MPSBenchmarkLoop.framework/Versions/A/MPSBenchmarkLoop
0x000000022a246000 	/System/Library/Frameworks/MetalPerformanceShaders.framework/Versions/A/Frameworks/MPSHost.framework/Versions/A/MPSHost
0x0000000181798000 	/System/Library/PrivateFrameworks/MetalTools.framework/Versions/A/MetalTools
0x00000001b3345000 	/System/Library/PrivateFrameworks/IOAccelMemoryInfo.framework/Versions/A/IOAccelMemoryInfo
0x00000001c1815000 	/System/Library/PrivateFrameworks/kperf.framework/Versions/A/kperf
0x00000001ae0d0000 	/System/Library/PrivateFrameworks/GPURawCounter.framework/Versions/A/GPURawCounter
0x000000019f1bf000 	/System/Library/PrivateFrameworks/ASEProcessing.framework/Versions/A/ASEProcessing
0x000000026237c000 	/System/Library/PrivateFrameworks/PhotosensitivityProcessing.framework/Versions/A/PhotosensitivityProcessing
0x0000000265c73000 	/System/Library/PrivateFrameworks/SILManager.framework/Versions/A/SILManager
0x0000000274847000 	/System/Library/PrivateFrameworks/Tightbeam.framework/Versions/A/Tightbeam
0x00000001bc04f000 	/usr/lib/swift/libswiftCompression.dylib
0x00000001c663f000 	/System/Library/PrivateFrameworks/AFKUser.framework/Versions/A/AFKUser
0x0000000193543000 	/System/Library/Frameworks/ApplicationServices.framework/Versions/A/Frameworks/ATSUI.framework/Versions/A/ATSUI
0x0000000194c16000 	/System/Library/Frameworks/AudioToolbox.framework/Versions/A/AudioToolbox
0x0000000190a90000 	/System/Library/Frameworks/UserNotifications.framework/Versions/A/UserNotifications
0x00000001b3ad2000 	/System/Library/PrivateFrameworks/SiriInstrumentation.framework/Versions/A/SiriInstrumentation
0x00000002680aa000 	/System/Library/PrivateFrameworks/SiriAnalytics.framework/Versions/A/SiriAnalytics
0x00000001b1266000 	/System/Library/PrivateFrameworks/FeedbackLogger.framework/Versions/A/FeedbackLogger
0x00000001cba69000 	/usr/lib/swift/libswiftAVFoundation.dylib
0x000000027706b000 	/System/Library/PrivateFrameworks/UnifiedAssetFramework.framework/Versions/A/UnifiedAssetFramework
0x0000000183a3e000 	/System/Library/PrivateFrameworks/AudioToolboxCore.framework/Versions/A/AudioToolboxCore
0x0000000194deb000 	/System/Library/PrivateFrameworks/AudioSession.framework/Versions/A/AudioSession
0x00000001a043a000 	/System/Library/Frameworks/CoreMIDI.framework/Versions/A/CoreMIDI
0x0000000194e6c000 	/usr/lib/libAudioStatistics.dylib
0x000000018d817000 	/System/Library/PrivateFrameworks/caulk.framework/Versions/A/caulk
0x000000018402a000 	/System/Library/Frameworks/CoreAudio.framework/Versions/A/CoreAudio
0x0000000193438000 	/usr/lib/libAudioToolboxUtility.dylib
0x00000001b4a00000 	/usr/lib/swift/libswiftCoreMIDI.dylib
0x000000019526f000 	/System/Library/PrivateFrameworks/perfdata.framework/Versions/A/perfdata
0x00000001ad0e6000 	/System/Library/PrivateFrameworks/SystemPolicy.framework/Versions/A/SystemPolicy
0x0000000195114000 	/usr/lib/libSMC.dylib
0x000000019527d000 	/usr/lib/libperfcheck.dylib
0x00000002357b1000 	/System/Library/PrivateFrameworks/AudioAnalytics.framework/Versions/A/AudioAnalytics
0x00000001d3e9e000 	/System/Library/Frameworks/OSLog.framework/Versions/A/OSLog
0x00000001ae077000 	/usr/lib/libmis.dylib
0x000000019b9cb000 	/System/Library/PrivateFrameworks/CoreTime.framework/Versions/A/CoreTime
0x00000001927b1000 	/System/Library/PrivateFrameworks/MediaExperience.framework/Versions/A/MediaExperience
0x0000000194bc0000 	/System/Library/PrivateFrameworks/AudioSession.framework/libSessionUtility.dylib
0x0000000193577000 	/System/Library/PrivateFrameworks/CMCaptureCore.framework/Versions/A/CMCaptureCore
0x00000001928fd000 	/usr/lib/libspindump.dylib
0x000000018fccc000 	/System/Library/PrivateFrameworks/CoreUtils.framework/Versions/A/CoreUtils
0x00000001a5f9e000 	/System/Library/PrivateFrameworks/HID.framework/Versions/A/HID
0x000000023f76a000 	/System/Library/PrivateFrameworks/CoreUtilsExtras.framework/Versions/A/CoreUtilsExtras
0x000000024eb6b000 	/System/Library/PrivateFrameworks/IO80211.framework/Versions/A/IO80211
0x0000000196d9d000 	/System/Library/Frameworks/IOBluetooth.framework/Versions/A/IOBluetooth
0x0000000284e3e000 	/usr/lib/swift/libswiftRegexBuilder.dylib
0x000000019240c000 	/usr/lib/libIOReport.dylib
0x00000001dc366000 	/System/Library/PrivateFrameworks/WiFiPeerToPeer.framework/Versions/A/WiFiPeerToPeer
0x000000018fe67000 	/System/Library/Frameworks/SecurityFoundation.framework/Versions/A/SecurityFoundation
0x0000000237e2e000 	/System/Library/PrivateFrameworks/Centauri.framework/Versions/A/Centauri
0x000000018217c000 	/System/Library/PrivateFrameworks/Lexicon.framework/Versions/A/Lexicon
0x00000002845bd000 	/usr/lib/libmrc.dylib
0x000000024ebd6000 	/System/Library/PrivateFrameworks/IPConfiguration.framework/Versions/A/IPConfiguration
0x00000001d006f000 	/System/Library/PrivateFrameworks/Netrb.framework/Versions/A/Netrb
0x000000019b37d000 	/System/Library/PrivateFrameworks/FrontBoardServices.framework/Versions/A/FrontBoardServices
0x000000018ffd0000 	/usr/lib/libgermantok.dylib
0x000000018ea21000 	/System/Library/PrivateFrameworks/LinguisticData.framework/Versions/A/LinguisticData
0x000000019b524000 	/System/Library/PrivateFrameworks/GraphicsServices.framework/Versions/A/GraphicsServices
0x000000019a608000 	/System/Library/PrivateFrameworks/MediaKit.framework/Versions/A/MediaKit
0x000000019a556000 	/System/Library/Frameworks/DiscRecording.framework/Versions/A/DiscRecording
0x0000000192687000 	/usr/lib/libheimdal-asn1.dylib
0x000000019e027000 	/System/Library/Frameworks/AudioUnit.framework/Versions/A/AudioUnit
0x000000018b6eb000 	/System/Library/Frameworks/OpenDirectory.framework/Versions/A/OpenDirectory
0x000000018b6f9000 	/System/Library/Frameworks/OpenDirectory.framework/Versions/A/Frameworks/CFOpenDirectory.framework/Versions/A/CFOpenDirectory
0x00000002264bd000 	/System/Library/Frameworks/AVFAudio.framework/Versions/A/AVFAudio
0x0000000226601000 	/System/Library/Frameworks/AVRouting.framework/Versions/A/AVRouting
0x00000001a6fb5000 	/usr/lib/libAccessibility.dylib
0x0000000252a24000 	/System/Library/PrivateFrameworks/IsolatedCoreAudioClient.framework/Versions/A/IsolatedCoreAudioClient
0x000000023b5c0000 	/System/Library/PrivateFrameworks/CoreAudioOrchestration.framework/Versions/A/CoreAudioOrchestration
0x0000000193a5f000 	/System/Library/Frameworks/MediaToolbox.framework/Versions/A/MediaToolbox
0x000000019a72e000 	/System/Library/PrivateFrameworks/CoreAVCHD.framework/Versions/A/CoreAVCHD
0x0000000199664000 	/System/Library/Frameworks/MediaAccessibility.framework/Versions/A/MediaAccessibility
0x000000019a72a000 	/System/Library/PrivateFrameworks/Mangrove.framework/Versions/A/Mangrove
0x000000023746c000 	/System/Library/PrivateFrameworks/CMPhoto.framework/Versions/A/CMPhoto
0x000000019aef2000 	/System/Library/Frameworks/CoreTelephony.framework/Versions/A/CoreTelephony
0x000000019a71d000 	/System/Library/PrivateFrameworks/CoreAUC.framework/Versions/A/CoreAUC
0x000000023465f000 	/System/Library/PrivateFrameworks/AppleJPEGXL.framework/Versions/A/AppleJPEGXL
0x0000000278f50000 	/System/Library/PrivateFrameworks/VideoToolboxParavirtualizationSupport.framework/Versions/A/VideoToolboxParavirtualizationSupport
0x0000000192623000 	/System/Library/PrivateFrameworks/AppleVA.framework/Versions/A/AppleVA
0x0000000195486000 	/usr/lib/libTelephonyUtilDynamic.dylib
0x000000019350a000 	/System/Library/PrivateFrameworks/GPUWrangler.framework/Versions/A/GPUWrangler
0x00000001934ea000 	/System/Library/PrivateFrameworks/IOPresentment.framework/Versions/A/IOPresentment
0x0000000193512000 	/System/Library/PrivateFrameworks/DSExternalDisplay.framework/Versions/A/DSExternalDisplay
0x00000001d6f05000 	/System/Library/Frameworks/CryptoKit.framework/Versions/A/CryptoKit
0x000000019e022000 	/System/Library/PrivateFrameworks/CryptoKitCBridging.framework/Versions/A/CryptoKitCBridging
0x000000019b536000 	/System/Library/Frameworks/CryptoTokenKit.framework/Versions/A/CryptoTokenKit
0x000000023ff45000 	/System/Library/PrivateFrameworks/Dendrite.framework/Versions/A/Dendrite
0x00000001adc7a000 	/System/Library/Frameworks/NaturalLanguage.framework/Versions/A/NaturalLanguage
0x000000024b5a2000 	/System/Library/PrivateFrameworks/GenerativeModels.framework/Versions/A/GenerativeModels
0x00000001dc2ee000 	/usr/lib/swift/libswiftNaturalLanguage.dylib
0x00000002351d1000 	/System/Library/PrivateFrameworks/AppleMobileFileIntegrity.framework/Versions/A/AppleMobileFileIntegrity
0x0000000283654000 	/usr/lib/libTLE.dylib
0x00000001e590a000 	/System/Library/PrivateFrameworks/ConfigProfileHelper.framework/Versions/A/ConfigProfileHelper
0x000000019e1b1000 	/System/Library/PrivateFrameworks/Espresso.framework/Versions/A/Espresso
0x000000018be78000 	/System/Library/Frameworks/CoreML.framework/Versions/A/CoreML
0x00000001da1ae000 	/usr/lib/libedit.3.dylib
0x00000002232cc000 	/System/Library/PrivateFrameworks/ANECompiler.framework/Versions/A/ANECompiler
0x00000001a027f000 	/System/Library/PrivateFrameworks/AppleNeuralEngine.framework/Versions/A/AppleNeuralEngine
0x000000022a24c000 	/System/Library/Frameworks/MetalPerformanceShadersGraph.framework/Versions/A/MetalPerformanceShadersGraph
0x00000002548c0000 	/System/Library/PrivateFrameworks/MLCompilerServices.framework/Versions/A/MLCompilerServices
0x000000019f003000 	/System/Library/PrivateFrameworks/ANEServices.framework/Versions/A/ANEServices
0x00000001b3308000 	/usr/lib/libncurses.5.4.dylib
0x0000000185331000 	/usr/lib/libsandbox.1.dylib
0x00000001925ad000 	/usr/lib/libMatch.1.dylib
0x000000025dfd3000 	/System/Library/PrivateFrameworks/ODIE.framework/Versions/A/ODIE
0x000000025754d000 	/System/Library/PrivateFrameworks/MLModelAsset.framework/Versions/A/MLModelAsset
0x0000000254866000 	/System/Library/PrivateFrameworks/MLCompilerRuntime.framework/Versions/A/MLCompilerRuntime
0x0000000190293000 	/System/Library/Frameworks/MLCompute.framework/Versions/A/MLCompute
0x00000002547e8000 	/System/Library/PrivateFrameworks/MLAssetIO.framework/Versions/A/MLAssetIO
0x0000000284e10000 	/usr/lib/swift/libswiftMLCompute.dylib
0x000000019b10d000 	/System/Library/PrivateFrameworks/AVFCore.framework/Versions/A/AVFCore
0x00000001a48be000 	/System/Library/PrivateFrameworks/AVFCapture.framework/Versions/A/AVFCapture
0x0000000237263000 	/System/Library/PrivateFrameworks/CMImaging.framework/Versions/A/CMImaging
0x00000001a4b00000 	/System/Library/PrivateFrameworks/Quagga.framework/Versions/A/Quagga
0x00000001a4c31000 	/System/Library/PrivateFrameworks/CMCapture.framework/Versions/A/CMCapture
0x0000000195011000 	/System/Library/Frameworks/CoreMediaIO.framework/Versions/A/CoreMediaIO
0x000000023719e000 	/System/Library/PrivateFrameworks/CMCaptureDevice.framework/Versions/A/CMCaptureDevice
0x00000001929e9000 	/System/Library/PrivateFrameworks/CoreBrightness.framework/Versions/A/CoreBrightness
0x0000000238324000 	/System/Library/PrivateFrameworks/CinematicFraming.framework/Versions/A/CinematicFraming
0x000000025a620000 	/System/Library/PrivateFrameworks/ModelManagerServices.framework/Versions/A/ModelManagerServices
0x00000001c8ade000 	/System/Library/PrivateFrameworks/CPMS.framework/Versions/A/CPMS
0x0000000271f81000 	/System/Library/PrivateFrameworks/SystemStatus.framework/Versions/A/SystemStatus
0x00000001acabb000 	/System/Library/Frameworks/CoreMotion.framework/Versions/A/CoreMotion
0x00000001bd01e000 	/System/Library/PrivateFrameworks/TimeSync.framework/Versions/A/TimeSync
0x00000002408f6000 	/System/Library/PrivateFrameworks/DistributedSensing.framework/Versions/A/DistributedSensing
0x00000001b8438000 	/System/Library/PrivateFrameworks/MobileBluetooth.framework/Versions/A/MobileBluetooth
0x00000001becda000 	/System/Library/PrivateFrameworks/IOKitten.framework/Versions/A/IOKitten
0x0000000254033000 	/System/Library/PrivateFrameworks/LocationLogEncryption.framework/Versions/A/LocationLogEncryption
0x00000002344dd000 	/System/Library/PrivateFrameworks/AppleIntelligenceReporting.framework/Versions/A/AppleIntelligenceReporting
0x0000000237d7a000 	/System/Library/PrivateFrameworks/CascadeSets.framework/Versions/A/CascadeSets
0x000000018fbdb000 	/System/Library/PrivateFrameworks/CoreEmoji.framework/Versions/A/CoreEmoji
0x000000018248e000 	/usr/lib/libCRFSuite.dylib
0x000000018376e000 	/System/Library/PrivateFrameworks/LanguageModeling.framework/Versions/A/LanguageModeling
0x000000018e901000 	/System/Library/PrivateFrameworks/CoreNLP.framework/Versions/A/CoreNLP
0x00000001886dd000 	/System/Library/PrivateFrameworks/Montreal.framework/Versions/A/Montreal
0x0000000190d44000 	/usr/lib/libcmph.dylib
0x000000018ff71000 	/usr/lib/libmecab.dylib
0x0000000190eb5000 	/usr/lib/libThaiTokenizer.dylib
0x000000024b685000 	/System/Library/PrivateFrameworks/GenerativeModelsFoundation.framework/Versions/A/GenerativeModelsFoundation
0x0000000274d4a000 	/System/Library/PrivateFrameworks/TokenGeneration.framework/Versions/A/TokenGeneration
0x000000024b458000 	/System/Library/PrivateFrameworks/GenerativeFunctions.framework/Versions/A/GenerativeFunctions
0x000000024b4a6000 	/System/Library/PrivateFrameworks/GenerativeFunctionsFoundation.framework/Versions/A/GenerativeFunctionsFoundation
0x000000025a2e5000 	/System/Library/PrivateFrameworks/ModelCatalog.framework/Versions/A/ModelCatalog
0x00000002672c8000 	/System/Library/PrivateFrameworks/SensitiveContentAnalysisML.framework/Versions/A/SensitiveContentAnalysisML
0x000000024b53c000 	/System/Library/PrivateFrameworks/GenerativeFunctionsInstrumentation.framework/Versions/A/GenerativeFunctionsInstrumentation
0x000000026416b000 	/System/Library/PrivateFrameworks/PromptKit.framework/Versions/A/PromptKit
0x0000000263ba4000 	/System/Library/PrivateFrameworks/ProactiveDaemonSupport.framework/Versions/A/ProactiveDaemonSupport
0x0000000274f82000 	/System/Library/PrivateFrameworks/TokenGenerationCore.framework/Versions/A/TokenGenerationCore
0x00000001aeb43000 	/System/Library/PrivateFrameworks/Trial.framework/Versions/A/Trial
0x00000001aeac4000 	/System/Library/PrivateFrameworks/TrialProto.framework/Versions/A/TrialProto
0x000000023410a000 	/System/Library/PrivateFrameworks/AppleFlatBuffers.framework/Versions/A/AppleFlatBuffers
0x0000000267598000 	/System/Library/PrivateFrameworks/SentencePieceInternal.framework/Versions/A/SentencePieceInternal
0x00000001996bd000 	/System/Library/Frameworks/Vision.framework/Versions/A/Vision
0x000000023f463000 	/System/Library/PrivateFrameworks/CoreSceneUnderstanding.framework/Versions/A/CoreSceneUnderstanding
0x0000000279b54000 	/System/Library/PrivateFrameworks/VisionCore.framework/Versions/A/VisionCore
0x000000019399c000 	/System/Library/PrivateFrameworks/DataDetectorsCore.framework/Versions/A/DataDetectorsCore
0x00000001b73c7000 	/System/Library/Frameworks/Vision.framework/libfaceCore.dylib
0x00000001b7ee1000 	/System/Library/PrivateFrameworks/Futhark.framework/Versions/A/Futhark
0x00000001bbe08000 	/System/Library/PrivateFrameworks/InertiaCam.framework/Versions/A/InertiaCam
0x00000001b7c6e000 	/System/Library/PrivateFrameworks/TextRecognition.framework/Versions/A/TextRecognition
0x0000000227e65000 	/System/Library/Frameworks/DataDetection.framework/Versions/A/DataDetection
0x00000001b1eb2000 	/System/Library/PrivateFrameworks/TextInput.framework/Versions/A/TextInput
0x000000019244a000 	/System/Library/PrivateFrameworks/CVNLP.framework/Versions/A/CVNLP
0x000000022794a000 	/System/Library/Frameworks/CoreTransferable.framework/Versions/A/CoreTransferable
0x0000000195254000 	/System/Library/PrivateFrameworks/NetAuth.framework/Versions/A/NetAuth
0x000000018b90f000 	/System/Library/PrivateFrameworks/login.framework/Versions/A/Frameworks/loginsupport.framework/Versions/A/loginsupport
0x0000000186ab1000 	/System/Library/PrivateFrameworks/UIFoundation.framework/Versions/A/UIFoundation
0x0000000192904000 	/System/Library/PrivateFrameworks/Heimdal.framework/Versions/A/Heimdal
0x0000000194efc000 	/usr/lib/libresolv.9.dylib
0x00000001952ef000 	/System/Library/PrivateFrameworks/CommonAuth.framework/Versions/A/CommonAuth
0x000000018ff3b000 	/usr/lib/libCheckFix.dylib
0x000000018aa95000 	/System/Library/PrivateFrameworks/MetadataUtilities.framework/Versions/A/MetadataUtilities
0x000000024f66b000 	/System/Library/PrivateFrameworks/InstalledContentLibrary.framework/Versions/A/InstalledContentLibrary
0x00000001851f6000 	/System/Library/PrivateFrameworks/CoreServicesStore.framework/Versions/A/CoreServicesStore
0x000000018b75a000 	/usr/lib/libapp_launch_measurement.dylib
0x00000001c192c000 	/System/Library/PrivateFrameworks/MobileSystemServices.framework/Versions/A/MobileSystemServices
0x00000001922cf000 	/usr/lib/libxslt.1.dylib
0x000000018fefa000 	/System/Library/PrivateFrameworks/BackgroundTaskManagement.framework/Versions/A/BackgroundTaskManagement
0x000000019d6bc000 	/usr/lib/libcurl.4.dylib
0x0000000283f21000 	/usr/lib/libcrypto.46.dylib
0x0000000284aba000 	/usr/lib/libssl.48.dylib
0x000000019d396000 	/System/Library/Frameworks/LDAP.framework/Versions/A/LDAP
0x000000019528b000 	/System/Library/Frameworks/Kerberos.framework/Versions/A/Kerberos
0x000000019d3d2000 	/System/Library/PrivateFrameworks/TrustEvaluationAgent.framework/Versions/A/TrustEvaluationAgent
0x0000000194f19000 	/usr/lib/libsasl2.2.dylib
0x000000019e026000 	/System/Library/Frameworks/Kerberos.framework/Versions/A/Libraries/libHeimdalProxy.dylib
0x0000000262790000 	/System/Library/PrivateFrameworks/PoirotSQLite.framework/Versions/A/PoirotSQLite
0x00000001d4383000 	/System/Library/PrivateFrameworks/HIDDisplay.framework/Versions/A/HIDDisplay
0x00000001951f5000 	/usr/lib/libcups.2.dylib
0x00000001a6ea9000 	/System/Library/PrivateFrameworks/AXCoreUtilities.framework/Versions/A/AXCoreUtilities
0x00000001b7212000 	/System/Library/PrivateFrameworks/AttributeGraph.framework/Versions/A/AttributeGraph
0x0000000283155000 	/usr/lib/libAXSafeCategoryBundle.dylib
0x000000022e5d7000 	/System/Library/Frameworks/TabularData.framework/Versions/A/TabularData
0x0000000235380000 	/System/Library/PrivateFrameworks/ArgumentParserInternal.framework/Versions/A/ArgumentParserInternal
0x00000001a062d000 	/System/Library/Frameworks/Cocoa.framework/Versions/A/Cocoa
0x000000018538e000 	/System/Library/Frameworks/AppKit.framework/Versions/C/AppKit
0x00000002391a2000 	/System/Library/PrivateFrameworks/CollectionViewCore.framework/Versions/A/CollectionViewCore
0x000000018dfc4000 	/System/Library/PrivateFrameworks/XCTTargetBootstrap.framework/Versions/A/XCTTargetBootstrap
0x00000001939ee000 	/System/Library/PrivateFrameworks/UserActivity.framework/Versions/A/UserActivity
0x000000024285e000 	/System/Library/PrivateFrameworks/FrontBoard.framework/Versions/A/FrontBoard
0x0000000276990000 	/System/Library/PrivateFrameworks/UIIntelligenceSupport.framework/Versions/A/UIIntelligenceSupport
0x000000022d660000 	/System/Library/Frameworks/SwiftUICore.framework/Versions/A/SwiftUICore
0x000000027d4a9000 	/System/Library/PrivateFrameworks/WritingTools.framework/Versions/A/WritingTools
0x000000027c2b2000 	/System/Library/PrivateFrameworks/WindowManagement.framework/Versions/A/WindowManagement
0x0000000242593000 	/System/Library/PrivateFrameworks/FocusEngine.framework/Versions/A/FocusEngine
0x000000023ffb5000 	/System/Library/PrivateFrameworks/DesignLibrary.framework/Versions/A/DesignLibrary
0x000000018dfaf000 	/System/Library/PrivateFrameworks/DFRFoundation.framework/Versions/A/DFRFoundation
0x0000000277884000 	/System/Library/PrivateFrameworks/UpdateCycle.framework/Versions/A/UpdateCycle
0x000000018dcb3000 	/System/Library/Frameworks/Carbon.framework/Versions/A/Frameworks/HIToolbox.framework/Versions/A/HIToolbox
0x0000000198f85000 	/System/Library/Frameworks/Carbon.framework/Versions/A/Frameworks/SpeechRecognition.framework/Versions/A/SpeechRecognition
0x000000018b6e1000 	/System/Library/PrivateFrameworks/PerformanceAnalysis.framework/Versions/A/PerformanceAnalysis
0x0000000199314000 	/System/Library/Frameworks/Accessibility.framework/Versions/A/Accessibility
0x000000022e5bd000 	/System/Library/Frameworks/Symbols.framework/Versions/A/Symbols
0x000000024ba44000 	/System/Library/PrivateFrameworks/Gestures.framework/Versions/A/Gestures
0x0000000284ee1000 	/usr/lib/swift/libswiftSpatial.dylib
0x00000001aaf9d000 	/usr/lib/swift/libswiftCoreGraphics.dylib
0x0000000199d57000 	/usr/lib/swift/libswiftFoundation.dylib
0x00000001e52ae000 	/usr/lib/swift/libswiftSwiftOnoneSupport.dylib
0x0000000285167000 	/usr/lib/swift/libswiftsys_time.dylib
0x00000001d00ad000 	/System/Library/PrivateFrameworks/CoreMaterial.framework/Versions/A/CoreMaterial
0x0000000283651000 	/usr/lib/libSpatial.dylib
0x0000000283072000 	/System/Library/SubFrameworks/UIUtilities.framework/Versions/A/UIUtilities
0x000000010a53c000 	/Users/gelika/Library/Java/JavaVirtualMachines/openjdk-23.0.2/Contents/Home/lib/server/libjvm.dylib
0x0000000104844000 	/Users/gelika/Library/Java/JavaVirtualMachines/openjdk-23.0.2/Contents/Home/lib/libjimage.dylib
0x0000000104870000 	/Users/gelika/Library/Java/JavaVirtualMachines/openjdk-23.0.2/Contents/Home/lib/libinstrument.dylib
0x00000001048b8000 	/Users/gelika/Library/Java/JavaVirtualMachines/openjdk-23.0.2/Contents/Home/lib/libjava.dylib
0x0000000109cb8000 	/Users/gelika/Library/Java/JavaVirtualMachines/openjdk-23.0.2/Contents/Home/lib/libzip.dylib
0x0000000109ce0000 	/Users/gelika/Library/Java/JavaVirtualMachines/openjdk-23.0.2/Contents/Home/lib/libnio.dylib
0x0000000104f28000 	/Users/gelika/Library/Java/JavaVirtualMachines/openjdk-23.0.2/Contents/Home/lib/libnet.dylib
0x0000000104f40000 	/Users/gelika/Library/Java/JavaVirtualMachines/openjdk-23.0.2/Contents/Home/lib/libextnet.dylib
0x0000000109d8c000 	/Users/gelika/Library/Java/JavaVirtualMachines/openjdk-23.0.2/Contents/Home/lib/libawt.dylib
0x00000002293a8000 	/System/Library/Frameworks/JavaRuntimeSupport.framework/Versions/A/JavaRuntimeSupport
0x00000001acaba000 	/System/Library/Frameworks/Carbon.framework/Versions/A/Carbon
0x00000001a2d16000 	/System/Library/Frameworks/Carbon.framework/Versions/A/Frameworks/CommonPanels.framework/Versions/A/CommonPanels
0x000000019d6a7000 	/System/Library/Frameworks/Carbon.framework/Versions/A/Frameworks/Help.framework/Versions/A/Help
0x00000001a2d1a000 	/System/Library/Frameworks/Carbon.framework/Versions/A/Frameworks/ImageCapture.framework/Versions/A/ImageCapture
0x00000001a2cf5000 	/System/Library/Frameworks/Carbon.framework/Versions/A/Frameworks/OpenScripting.framework/Versions/A/OpenScripting
0x00000001a2d15000 	/System/Library/Frameworks/Carbon.framework/Versions/A/Frameworks/Ink.framework/Versions/A/Ink
0x00000001a2d12000 	/System/Library/Frameworks/Carbon.framework/Versions/A/Frameworks/SecurityHI.framework/Versions/A/SecurityHI
0x00000002834c5000 	/usr/lib/libInterpreterSecurity.dylib
0x00000001c36a2000 	/System/Library/PrivateFrameworks/XprotectFramework.framework/Versions/A/XprotectFramework
0x00000001a62bf000 	/System/Library/PrivateFrameworks/yara.framework/Versions/A/yara
0x0000000283442000 	/usr/lib/libEndpointSecuritySystem.dylib
0x0000000109f70000 	/Users/gelika/Library/Java/JavaVirtualMachines/openjdk-23.0.2/Contents/Home/lib/libawt_lwawt.dylib
0x0000000109d30000 	/Users/gelika/Library/Java/JavaVirtualMachines/openjdk-23.0.2/Contents/Home/lib/libosxapp.dylib
0x00000001ab006000 	/System/Library/Frameworks/ExceptionHandling.framework/Versions/A/ExceptionHandling
0x000000010a1d0000 	/Users/gelika/Library/Java/JavaVirtualMachines/openjdk-23.0.2/Contents/Home/lib/libfontmanager.dylib
0x000000010a0a0000 	/Users/gelika/Library/Java/JavaVirtualMachines/openjdk-23.0.2/Contents/Home/lib/libfreetype.dylib
0x000000022676c000 	/System/Library/Frameworks/AppIntents.framework/Versions/A/AppIntents
0x000000022cd2f000 	/System/Library/Frameworks/RelevanceKit.framework/Versions/A/RelevanceKit
0x0000000190ae1000 	/System/Library/Frameworks/CoreSpotlight.framework/Versions/A/CoreSpotlight
0x0000000253baf000 	/System/Library/PrivateFrameworks/LinkServices.framework/Versions/A/LinkServices
0x000000019a01c000 	/System/Library/Frameworks/Contacts.framework/Versions/A/Contacts
0x0000000232da9000 	/System/Library/PrivateFrameworks/AppIntentsTypeSupport.framework/Versions/A/AppIntentsTypeSupport
0x00000002409f2000 	/System/Library/PrivateFrameworks/DoNotDisturb.framework/Versions/A/DoNotDisturb
0x00000002539fd000 	/System/Library/PrivateFrameworks/LinkMetadata.framework/Versions/A/LinkMetadata
0x00000001ae0fb000 	/usr/lib/swift/libswiftIntents.dylib
0x00000001b3462000 	/System/Library/PrivateFrameworks/IntentsCore.framework/Versions/A/IntentsCore
0x0000000235c90000 	/System/Library/PrivateFrameworks/AvailabilityKit.framework/Versions/A/AvailabilityKit
0x000000023298c000 	/System/Library/PrivateFrameworks/AppIntentSchemas.framework/Versions/A/AppIntentSchemas
0x00000002288bf000 	/System/Library/Frameworks/GeoToolbox.framework/Versions/A/GeoToolbox
0x000000024838e000 	/System/Library/PrivateFrameworks/GRDBInternal.framework/Versions/A/GRDBInternal
0x000000027081c000 	/System/Library/PrivateFrameworks/StatusKit.framework/Versions/A/StatusKit
0x0000000199e33000 	/System/Library/PrivateFrameworks/ContactsPersistence.framework/Versions/A/ContactsPersistence
0x0000000198f89000 	/System/Library/PrivateFrameworks/AppleLDAP.framework/Versions/A/AppleLDAP
0x000000019da5a000 	/System/Library/Frameworks/ClassKit.framework/Versions/A/ClassKit
0x000000019fcfd000 	/System/Library/PrivateFrameworks/CoreSuggestions.framework/Versions/A/CoreSuggestions
0x0000000199d58000 	/System/Library/PrivateFrameworks/ContactsFoundation.framework/Versions/A/ContactsFoundation
0x000000019b4e4000 	/System/Library/PrivateFrameworks/vCard.framework/Versions/A/vCard
0x0000000239772000 	/System/Library/PrivateFrameworks/ContactsMetrics.framework/Versions/A/ContactsMetrics
0x00000001929c5000 	/System/Library/PrivateFrameworks/login.framework/Versions/A/login
0x0000000257fd8000 	/System/Library/PrivateFrameworks/ManagedOrganizationContacts.framework/Versions/A/ManagedOrganizationContacts
0x000000018bda5000 	/System/Library/PrivateFrameworks/CloudDocs.framework/Versions/A/CloudDocs
0x00000001a685d000 	/System/Library/PrivateFrameworks/ProactiveEventTracker.framework/Versions/A/ProactiveEventTracker
0x000000019a932000 	/System/Library/PrivateFrameworks/GenerationalStorage.framework/Versions/A/GenerationalStorage
0x00000001953e4000 	/System/Library/PrivateFrameworks/CacheDelete.framework/Versions/A/CacheDelete
0x000000019e163000 	/System/Library/Frameworks/QuickLookThumbnailing.framework/Versions/A/QuickLookThumbnailing
0x000000019a75c000 	/System/Library/Frameworks/FileProvider.framework/Versions/A/FileProvider
0x0000000186c81000 	/System/Library/PrivateFrameworks/DesktopServicesPriv.framework/Versions/A/DesktopServicesPriv
0x00000001adb58000 	/System/Library/PrivateFrameworks/FTServices.framework/Versions/A/FTServices
0x00000001a5f54000 	/System/Library/PrivateFrameworks/CloudServices.framework/Versions/A/CloudServices
0x000000018d25b000 	/System/Library/Frameworks/CoreLocation.framework/Versions/A/CoreLocation
0x000000019c7e7000 	/System/Library/Frameworks/Intents.framework/Versions/A/Intents
0x000000019070f000 	/System/Library/PrivateFrameworks/AuthKit.framework/Versions/A/AuthKit
0x00000001b49de000 	/usr/lib/swift/libswiftCoreLocation.dylib
0x0000000196994000 	/System/Library/PrivateFrameworks/Sharing.framework/Versions/A/Sharing
0x0000000196328000 	/System/Library/PrivateFrameworks/IDSFoundation.framework/Versions/A/IDSFoundation
0x000000019ce60000 	/System/Library/PrivateFrameworks/Apple80211.framework/Versions/A/Apple80211
0x000000018fc49000 	/System/Library/Frameworks/CoreWLAN.framework/Versions/A/CoreWLAN
0x0000000194b0d000 	/System/Library/PrivateFrameworks/IMFoundation.framework/Versions/A/IMFoundation
0x00000001a62be000 	/System/Library/PrivateFrameworks/Marco.framework/Versions/A/Marco
0x0000000189046000 	/System/Library/PrivateFrameworks/CommonUtilities.framework/Versions/A/CommonUtilities
0x00000001a2cdd000 	/System/Library/PrivateFrameworks/Engram.framework/Versions/A/Engram
0x000000027d9b0000 	/System/Library/PrivateFrameworks/XPCDistributed.framework/Versions/A/XPCDistributed
0x00000001a2c7b000 	/usr/lib/libtidy.A.dylib
0x0000000192c18000 	/System/Library/PrivateFrameworks/Bom.framework/Versions/A/Bom
0x0000000194f39000 	/usr/lib/libParallelCompression.dylib
0x0000000194f2c000 	/System/Library/PrivateFrameworks/MultiverseSupport.framework/Versions/A/MultiverseSupport
0x000000019a63a000 	/System/Library/PrivateFrameworks/DiskManagement.framework/Versions/A/DiskManagement
0x000000019a549000 	/System/Library/PrivateFrameworks/AppleIDAuthSupport.framework/Versions/A/AppleIDAuthSupport
0x000000022fe5e000 	/System/Library/PrivateFrameworks/AAAFoundation.framework/Versions/A/AAAFoundation
0x0000000195433000 	/System/Library/PrivateFrameworks/KeychainCircle.framework/Versions/A/KeychainCircle
0x00000001a6e9f000 	/System/Library/PrivateFrameworks/URLFormatting.framework/Versions/A/URLFormatting
0x000000019d6b0000 	/usr/lib/libcsfde.dylib
0x00000001925b5000 	/usr/lib/libCoreStorage.dylib
0x0000000196e73000 	/System/Library/PrivateFrameworks/ProtectedCloudStorage.framework/Versions/A/ProtectedCloudStorage
0x000000019d6ab000 	/System/Library/PrivateFrameworks/EFILogin.framework/Versions/A/EFILogin
0x000000019a959000 	/System/Library/PrivateFrameworks/OctagonTrust.framework/Versions/A/OctagonTrust
0x0000000196103000 	/System/Library/PrivateFrameworks/IDS.framework/Versions/A/IDS
0x000000019b5b8000 	/System/Library/Frameworks/LocalAuthentication.framework/Versions/A/LocalAuthentication
0x0000000253de8000 	/System/Library/PrivateFrameworks/LocalAuthenticationCore.framework/Versions/A/LocalAuthenticationCore
0x0000000253fae000 	/System/Library/PrivateFrameworks/LocalAuthenticationCredentialServices.framework/Versions/A/LocalAuthenticationCredentialServices
0x000000019b625000 	/System/Library/Frameworks/LocalAuthentication.framework/Support/SharedUtils.framework/Versions/A/SharedUtils
0x000000023563b000 	/System/Library/PrivateFrameworks/AsyncAlgorithmsInternal.framework/Versions/A/AsyncAlgorithmsInternal
0x00000001bca92000 	/System/Library/PrivateFrameworks/FTAWD.framework/Versions/A/FTAWD
0x000000019e0eb000 	/System/Library/PrivateFrameworks/IntentsFoundation.framework/Versions/A/IntentsFoundation
0x000000018b912000 	/System/Library/PrivateFrameworks/ApplePushService.framework/Versions/A/ApplePushService
0x000000018b97d000 	/System/Library/Frameworks/CloudKit.framework/Versions/A/CloudKit
0x00000001c4ab0000 	/System/Library/PrivateFrameworks/DeviceIdentity.framework/Versions/A/DeviceIdentity
0x000000022d1b9000 	/System/Library/Frameworks/SharedWithYouCore.framework/Versions/A/SharedWithYouCore
0x0000000238c01000 	/System/Library/PrivateFrameworks/CloudTelemetry.framework/Versions/A/CloudTelemetry
0x000000019db22000 	/System/Library/PrivateFrameworks/AppleAccount.framework/Versions/A/AppleAccount
0x000000019e106000 	/System/Library/PrivateFrameworks/C2.framework/Versions/A/C2
0x0000000238855000 	/System/Library/PrivateFrameworks/CloudCoreInternal.framework/Versions/A/CloudCoreInternal
0x00000002385c0000 	/System/Library/PrivateFrameworks/CloudAsset.framework/Versions/A/CloudAsset
0x000000019e0fc000 	/System/Library/Frameworks/PushKit.framework/Versions/A/PushKit
0x0000000238c26000 	/System/Library/PrivateFrameworks/CloudTelemetryTools.framework/Versions/A/CloudTelemetryTools
0x0000000238c17000 	/System/Library/PrivateFrameworks/CloudTelemetryShared.dylib
0x000000019ffd4000 	/System/Library/PrivateFrameworks/RTCReporting.framework/Versions/A/RTCReporting
0x000000022fe7b000 	/System/Library/PrivateFrameworks/AAAFoundationSwift.framework/Versions/A/AAAFoundationSwift
0x000000019dda8000 	/System/Library/PrivateFrameworks/AppleIDSSOAuthentication.framework/Versions/A/AppleIDSSOAuthentication
0x000000018b5ac000 	/System/Library/PrivateFrameworks/ViewBridge.framework/Versions/A/ViewBridge
0x000000022f434000 	/System/Library/Frameworks/_AppIntents_AppKit.framework/Versions/A/_AppIntents_AppKit
0x000000010a140000 	/usr/lib/libobjc-trampolines.dylib
0x00000001b7fe1000 	/System/Library/CoreServices/RawCamera.bundle/Contents/MacOS/RawCamera
0x00000001b49c3000 	/System/Library/Frameworks/Accelerate.framework/Versions/A/Frameworks/vImage.framework/Versions/A/Libraries/libCGInterfaces.dylib
0x0000000283159000 	/usr/lib/libAccessibilityBaseImplementations.dylib
0x000000027d4ae000 	/System/Library/PrivateFrameworks/WritingToolsUI.framework/Versions/A/WritingToolsUI
0x000000024b273000 	/System/Library/PrivateFrameworks/GenerativeAssistantSettings.framework/Versions/A/GenerativeAssistantSettings
0x000000027284e000 	/System/Library/PrivateFrameworks/TextComposer.framework/Versions/A/TextComposer
0x000000024b246000 	/System/Library/PrivateFrameworks/GenerativeAssistantCommon.framework/Versions/A/GenerativeAssistantCommon
0x00000001b5ac8000 	/System/Library/Frameworks/SwiftUI.framework/Versions/A/SwiftUI
0x00000002326b0000 	/System/Library/PrivateFrameworks/Anvil.framework/Versions/A/Anvil
0x000000024b6fb000 	/System/Library/PrivateFrameworks/GenerativePartnerService.framework/Versions/A/GenerativePartnerService
0x000000024b726000 	/System/Library/PrivateFrameworks/GenerativePartnerServiceUI.framework/Versions/A/GenerativePartnerServiceUI
0x00000001adcf3000 	/System/Library/Frameworks/SafariServices.framework/Versions/A/SafariServices
0x00000001ab096000 	/System/Library/Frameworks/WebKit.framework/Versions/A/WebKit
0x000000022f473000 	/System/Library/Frameworks/_AuthenticationServices_SwiftUI.framework/Versions/A/_AuthenticationServices_SwiftUI
0x00000001b5047000 	/System/Library/PrivateFrameworks/AppStoreDaemon.framework/Versions/A/AppStoreDaemon
0x00000001a0683000 	/System/Library/PrivateFrameworks/AppleMediaServices.framework/Versions/A/AppleMediaServices
0x00000001b1295000 	/System/Library/PrivateFrameworks/AppleMediaServicesUI.framework/Versions/A/AppleMediaServicesUI
0x00000001e4806000 	/System/Library/PrivateFrameworks/JetEngine.framework/Versions/A/JetEngine
0x00000001ae9d4000 	/System/Library/PrivateFrameworks/OnBoardingKit.framework/Versions/A/OnBoardingKit
0x00000002678ce000 	/System/Library/PrivateFrameworks/Settings.framework/Versions/A/Settings
0x0000000228139000 	/System/Library/Frameworks/ExtensionKit.framework/Versions/A/ExtensionKit
0x000000022817c000 	/System/Library/Frameworks/FSKit.framework/Versions/A/FSKit
0x000000027272a000 	/System/Library/PrivateFrameworks/TextAnimationSupport.framework/Versions/A/TextAnimationSupport
0x0000000264a31000 	/System/Library/PrivateFrameworks/RecapPerformanceTesting.framework/Versions/A/RecapPerformanceTesting
0x00000001ae9c4000 	/System/Library/PrivateFrameworks/SignpostCollection.framework/Versions/A/SignpostCollection
0x00000001a0005000 	/System/Library/Frameworks/WebKit.framework/Versions/A/Frameworks/WebKitLegacy.framework/Versions/A/WebKitLegacy
0x000000019ddf9000 	/System/Library/PrivateFrameworks/CorePrediction.framework/Versions/A/CorePrediction
0x000000018c6b2000 	/System/Library/Frameworks/WebKit.framework/Versions/A/Frameworks/WebCore.framework/Versions/A/Frameworks/libwebrtc.dylib
0x0000000194fa1000 	/System/Library/Frameworks/SecurityInterface.framework/Versions/A/SecurityInterface
0x00000001ae9d3000 	/System/Library/PrivateFrameworks/WebInspectorUI.framework/Versions/A/WebInspectorUI
0x00000001a2d1d000 	/System/Library/Frameworks/JavaScriptCore.framework/Versions/A/JavaScriptCore
0x00000001a6fec000 	/System/Library/Frameworks/WebKit.framework/Versions/A/Frameworks/WebCore.framework/Versions/A/WebCore
0x000000022723d000 	/System/Library/Frameworks/BrowserEngineCore.framework/Versions/A/BrowserEngineCore
0x000000022efed000 	/System/Library/Frameworks/WebKit.framework/Versions/A/Frameworks/WebCore.framework/Versions/A/Frameworks/libANGLE-shared.dylib
0x000000027bd09000 	/System/Library/PrivateFrameworks/WebGPU.framework/Versions/A/WebGPU
0x00000001b0910000 	/System/Library/Frameworks/SceneKit.framework/Versions/A/SceneKit
0x00000001c21e9000 	/System/Library/Frameworks/ModelIO.framework/Versions/A/ModelIO
0x0000000196f71000 	/System/Library/Frameworks/MetalKit.framework/Versions/A/MetalKit
0x0000000199297000 	/System/Library/Frameworks/GLKit.framework/Versions/A/GLKit
0x00000002854b9000 	/usr/lib/usd/libusd_ms.dylib
0x0000000276f31000 	/System/Library/PrivateFrameworks/USDLib_FormatLoaderProxy.framework/Versions/A/USDLib_FormatLoaderProxy
0x0000000285162000 	/usr/lib/swift/libswift_errno.dylib
0x00000001adb39000 	/System/Library/PrivateFrameworks/CoreOptimization.framework/Versions/A/CoreOptimization
0x0000000235b3d000 	/System/Library/PrivateFrameworks/AuthenticationServicesCore.framework/Versions/A/AuthenticationServicesCore
0x00000001b8478000 	/System/Library/Frameworks/AuthenticationServices.framework/Versions/A/AuthenticationServices
0x0000000192548000 	/System/Library/PrivateFrameworks/SharedWebCredentials.framework/Versions/A/SharedWebCredentials
0x00000001af89d000 	/System/Library/PrivateFrameworks/SafariCore.framework/Versions/A/SafariCore
0x00000001b7f8a000 	/System/Library/PrivateFrameworks/SafariFoundation.framework/Versions/A/SafariFoundation
0x0000000236e14000 	/System/Library/PrivateFrameworks/CBORLibrary.framework/Versions/A/CBORLibrary
0x0000000237e73000 	/System/Library/PrivateFrameworks/Chirp.framework/Versions/A/Chirp
0x0000000238ac4000 	/System/Library/PrivateFrameworks/CloudSubscriptionFeatures.framework/Versions/A/CloudSubscriptionFeatures
0x00000001e5c49000 	/System/Library/PrivateFrameworks/RemoteManagement.framework/Versions/A/RemoteManagement
0x0000000264e20000 	/System/Library/PrivateFrameworks/RemoteManagementModel.framework/Versions/A/RemoteManagementModel
0x0000000264eb1000 	/System/Library/PrivateFrameworks/RemoteManagementStore.framework/Versions/A/RemoteManagementStore
0x0000000196f90000 	/usr/lib/libxcselect.dylib
0x00000001b7ef9000 	/System/Library/PrivateFrameworks/DifferentialPrivacy.framework/Versions/A/DifferentialPrivacy
0x0000000257fde000 	/System/Library/PrivateFrameworks/ManagedSettingsObjC.framework/Versions/A/ManagedSettingsObjC
0x000000019f1e4000 	/System/Library/PrivateFrameworks/ConfigurationProfiles.framework/Versions/A/ConfigurationProfiles
0x0000000254038000 	/System/Library/PrivateFrameworks/LockdownMode.framework/Versions/A/LockdownMode
0x0000000277b96000 	/System/Library/PrivateFrameworks/VDAF.framework/Versions/A/VDAF
0x000000019967d000 	/System/Library/PrivateFrameworks/SystemAdministration.framework/Versions/A/SystemAdministration
0x00000001a47c6000 	/System/Library/PrivateFrameworks/PowerlogControl.framework/Versions/A/PowerlogControl
0x00000001a47c8000 	/usr/lib/libUniversalAccess.dylib
0x00000001a114d000 	/System/Library/PrivateFrameworks/FamilyControls.framework/Versions/A/FamilyControls
0x0000000198f5d000 	/System/Library/Frameworks/DirectoryService.framework/Versions/A/DirectoryService
0x000000019d73d000 	/System/Library/PrivateFrameworks/LoginUIKit.framework/Versions/A/Frameworks/LoginUICore.framework/Versions/A/LoginUICore
0x0000000192c16000 	/usr/lib/libodfde.dylib
0x00000001a1147000 	/System/Library/PrivateFrameworks/UniversalAccess.framework/Versions/A/Libraries/libUAPreferences.dylib
0x00000001a116f000 	/System/Library/PrivateFrameworks/CommerceKit.framework/Versions/A/Frameworks/CommerceCore.framework/Versions/A/CommerceCore
0x0000000194fdb000 	/System/Library/PrivateFrameworks/CoreFollowUp.framework/Versions/A/CoreFollowUp
0x000000023faa5000 	/System/Library/PrivateFrameworks/DMCUtilities.framework/Versions/A/DMCUtilities
0x00000002540c7000 	/System/Library/PrivateFrameworks/MDMClientLibrary.framework/Versions/A/MDMClientLibrary
0x0000000264ea5000 	/System/Library/PrivateFrameworks/RemoteManagementProtocol.framework/Versions/A/RemoteManagementProtocol
0x000000023fa07000 	/System/Library/PrivateFrameworks/DEPClientLibrary.framework/Versions/A/DEPClientLibrary
0x000000023fa34000 	/System/Library/PrivateFrameworks/DMCEnrollmentLibrary.framework/Versions/A/DMCEnrollmentLibrary
0x00000001a48ac000 	/System/Library/PrivateFrameworks/SetupAssistantFramework.framework/Versions/A/SetupAssistantFramework
0x000000019de4f000 	/System/Library/PrivateFrameworks/AuthKitUI.framework/Versions/A/AuthKitUI
0x000000019d787000 	/System/Library/PrivateFrameworks/AppSSO.framework/Versions/A/AppSSO
0x00000001b4d9a000 	/System/Library/PrivateFrameworks/LocalAuthenticationUI.framework/Versions/A/LocalAuthenticationUI
0x00000002623e0000 	/System/Library/PrivateFrameworks/PlatformSSO.framework/Versions/A/PlatformSSO
0x00000002624ce000 	/System/Library/PrivateFrameworks/PlatformSSOCore.framework/Versions/A/PlatformSSOCore
0x0000000229438000 	/System/Library/Frameworks/LocalAuthenticationEmbeddedUI.framework/Versions/A/LocalAuthenticationEmbeddedUI
0x00000001b5892000 	/System/Library/PrivateFrameworks/AOSUI.framework/Versions/A/AOSUI
0x00000001a661e000 	/System/Library/Frameworks/ContactsUI.framework/Versions/A/ContactsUI
0x000000019a2d9000 	/System/Library/PrivateFrameworks/FamilyCircle.framework/Versions/A/FamilyCircle
0x00000001c3ab1000 	/System/Library/Frameworks/LinkPresentation.framework/Versions/A/LinkPresentation
0x00000001a61a3000 	/System/Library/PrivateFrameworks/IASUtilities.framework/Versions/A/IASUtilities
0x000000024eaa0000 	/System/Library/PrivateFrameworks/IASUtilitiesCore.framework/Versions/A/IASUtilitiesCore
0x0000000264f1a000 	/System/Library/PrivateFrameworks/RemoteUI.framework/Versions/A/RemoteUI
0x0000000253352000 	/System/Library/PrivateFrameworks/LiftUI.framework/Versions/A/LiftUI
0x000000027dad5000 	/System/Library/PrivateFrameworks/_IconServices_SwiftUI.framework/Versions/A/_IconServices_SwiftUI
0x00000002389fa000 	/System/Library/PrivateFrameworks/CloudSettings.framework/Versions/A/CloudSettings
0x000000019fdd0000 	/System/Library/Frameworks/EventKit.framework/Versions/A/EventKit
0x00000001aebed000 	/System/Library/PrivateFrameworks/SearchFoundation.framework/Versions/A/SearchFoundation
0x00000001c5c14000 	/System/Library/PrivateFrameworks/Email.framework/Versions/A/Email
0x00000001ad749000 	/System/Library/PrivateFrameworks/CoreRoutine.framework/Versions/A/CoreRoutine
0x00000001e55a2000 	/System/Library/PrivateFrameworks/VoiceShortcutClient.framework/Versions/A/VoiceShortcutClient
0x00000001bd66a000 	/System/Library/PrivateFrameworks/Categories.framework/Versions/A/Categories
0x00000001b5737000 	/System/Library/PrivateFrameworks/ChronoServices.framework/Versions/A/ChronoServices
0x00000002378ab000 	/System/Library/PrivateFrameworks/CalendarDatabase.framework/Versions/A/CalendarDatabase
0x00000002377ec000 	/System/Library/PrivateFrameworks/CalendarDaemon.framework/Versions/A/CalendarDaemon
0x000000019f11f000 	/System/Library/PrivateFrameworks/CalendarFoundation.framework/Versions/A/CalendarFoundation
0x000000019f0da000 	/System/Library/PrivateFrameworks/iCalendar.framework/Versions/A/iCalendar
0x000000023fcaa000 	/System/Library/PrivateFrameworks/DataAccessExpress.framework/Versions/A/DataAccessExpress
0x00000001a6786000 	/System/Library/PrivateFrameworks/ContactsAutocomplete.framework/Versions/A/ContactsAutocomplete
0x00000001b5683000 	/System/Library/PrivateFrameworks/FTClientServices.framework/Versions/A/FTClientServices
0x0000000270ea5000 	/System/Library/PrivateFrameworks/StorageContainersPrivate.framework/Versions/A/StorageContainersPrivate
0x0000000284df1000 	/usr/lib/swift/libswiftCoreMediaIO.dylib
0x00000001a6024000 	/System/Library/PrivateFrameworks/CoreDAV.framework/Versions/A/CoreDAV
0x000000019fc9a000 	/System/Library/PrivateFrameworks/CalDAV.framework/Versions/A/CalDAV
0x00000001aacec000 	/System/Library/PrivateFrameworks/TelephonyUtilities.framework/Versions/A/TelephonyUtilities
0x00000002293f4000 	/System/Library/Frameworks/LiveCommunicationKit.framework/Versions/A/LiveCommunicationKit
0x0000000239320000 	/System/Library/PrivateFrameworks/CommunicationTrust.framework/Versions/A/CommunicationTrust
0x00000001af6ac000 	/System/Library/Frameworks/CallKit.framework/Versions/A/CallKit
0x000000019a2d2000 	/System/Library/PrivateFrameworks/CommunicationsFilter.framework/Versions/A/CommunicationsFilter
0x00000001da2ed000 	/System/Library/PrivateFrameworks/IMTransferServices.framework/Versions/A/IMTransferServices
0x00000001adb52000 	/System/Library/PrivateFrameworks/IncomingCallFilter.framework/Versions/A/IncomingCallFilter
0x000000025d1ae000 	/System/Library/PrivateFrameworks/NeighborhoodActivityConduit.framework/Versions/A/NeighborhoodActivityConduit
0x00000001b1c47000 	/System/Library/PrivateFrameworks/CallHistory.framework/Versions/A/CallHistory
0x00000002832d2000 	/usr/lib/libBASupport.dylib
0x0000000237cf1000 	/System/Library/PrivateFrameworks/CallsUtilities.framework/Versions/A/CallsUtilities
0x0000000237cfd000 	/System/Library/PrivateFrameworks/CallsXPC.framework/Versions/A/CallsXPC
0x00000001e5db4000 	/usr/lib/swift/libswiftCallKit.dylib
0x0000000237ce3000 	/System/Library/PrivateFrameworks/CallsPersistence.framework/Versions/A/CallsPersistence
0x000000022d007000 	/System/Library/Frameworks/SensitiveContentAnalysis.framework/Versions/A/SensitiveContentAnalysis
0x00000001b2cb7000 	/System/Library/PrivateFrameworks/PeopleSuggester.framework/Versions/A/PeopleSuggester
0x00000001bc3f1000 	/System/Library/PrivateFrameworks/SpotlightReceiver.framework/Versions/A/SpotlightReceiver
0x000000027da95000 	/System/Library/PrivateFrameworks/_AppIntentsServices_AppIntents.framework/Versions/A/_AppIntentsServices_AppIntents
0x0000000232b0e000 	/System/Library/PrivateFrameworks/AppIntentsServices.framework/Versions/A/AppIntentsServices
0x000000019f0c3000 	/System/Library/PrivateFrameworks/CoreRecents.framework/Versions/A/CoreRecents
0x000000022f4f6000 	/System/Library/Frameworks/_GeoToolbox_AppIntents.framework/Versions/A/_GeoToolbox_AppIntents
0x00000001cfa52000 	/System/Library/PrivateFrameworks/DiagnosticRequest.framework/Versions/A/DiagnosticRequest
0x0000000264ae2000 	/System/Library/PrivateFrameworks/RegulatoryDomain.framework/Versions/A/RegulatoryDomain
0x000000019936f000 	/usr/lib/libCTGreenTeaLogger.dylib
0x000000025400b000 	/System/Library/PrivateFrameworks/LocalStatusKit.framework/Versions/A/LocalStatusKit
0x00000001aabd3000 	/System/Library/PrivateFrameworks/CoreParsec.framework/Versions/A/CoreParsec
0x00000001c5c08000 	/System/Library/PrivateFrameworks/EmailAddressing.framework/Versions/A/EmailAddressing
0x00000001c19f2000 	/System/Library/PrivateFrameworks/EmailCore.framework/Versions/A/EmailCore
0x00000001c2ae3000 	/System/Library/PrivateFrameworks/EmailFoundation.framework/Versions/A/EmailFoundation
0x000000025fcb7000 	/System/Library/PrivateFrameworks/PegasusAPI.framework/Versions/A/PegasusAPI
0x0000000260a73000 	/System/Library/PrivateFrameworks/PegasusConfiguration.framework/Versions/A/PegasusConfiguration
0x0000000275360000 	/System/Library/PrivateFrameworks/ToolKit.framework/Versions/A/ToolKit
0x00000002652c9000 	/System/Library/PrivateFrameworks/ReplicatorEngine.framework/Versions/A/ReplicatorEngine
0x0000000265484000 	/System/Library/PrivateFrameworks/ReplicatorServices.framework/Versions/A/ReplicatorServices
0x0000000271ffa000 	/System/Library/PrivateFrameworks/SystemWake.framework/Versions/A/SystemWake
0x00000001af883000 	/System/Library/PrivateFrameworks/ContextKit.framework/Versions/A/ContextKit
0x00000002398bc000 	/System/Library/PrivateFrameworks/ContextKitCore.framework/Versions/A/ContextKitCore
0x00000001adde8000 	/System/Library/Frameworks/LocalAuthentication.framework/Support/DaemonUtils.framework/Versions/A/DaemonUtils
0x0000000253f6d000 	/System/Library/PrivateFrameworks/LocalAuthenticationCoreUI.framework/Versions/A/LocalAuthenticationCoreUI
0x00000001b125b000 	/System/Library/PrivateFrameworks/BridgeXPC.framework/Versions/A/BridgeXPC
0x00000001aeab4000 	/System/Library/PrivateFrameworks/CoreKDL.framework/Versions/A/CoreKDL
0x00000001ad0df000 	/System/Library/PrivateFrameworks/EmbeddedOSSupportHost.framework/Versions/A/EmbeddedOSSupportHost
0x00000001a1c9a000 	/System/Library/PrivateFrameworks/LoginUIKit.framework/Versions/A/LoginUIKit
0x00000001bdb6a000 	/System/Library/PrivateFrameworks/StorageKit.framework/Versions/A/StorageKit
0x0000000224946000 	/System/Library/Frameworks/DeviceCheck.framework/Versions/A/DeviceCheck
0x00000002406a1000 	/System/Library/PrivateFrameworks/DiskImages2.framework/Versions/A/DiskImages2
0x00000001bdbe4000 	/System/Library/PrivateFrameworks/CoreWLANKit.framework/Versions/A/CoreWLANKit
0x000000027b05e000 	/System/Library/PrivateFrameworks/Wallpaper.framework/Versions/A/Wallpaper
0x0000000284e0c000 	/usr/lib/swift/libswiftGLKit.dylib
0x0000000284e18000 	/usr/lib/swift/libswiftMetalKit.dylib
0x0000000284e1a000 	/usr/lib/swift/libswiftModelIO.dylib
0x0000000284edd000 	/usr/lib/swift/libswiftSceneKit.dylib
0x00000001c6b8d000 	/System/Library/PrivateFrameworks/DynamicDesktop.framework/Versions/A/DynamicDesktop
0x000000027b1f1000 	/System/Library/PrivateFrameworks/WallpaperFoundation.framework/Versions/A/WallpaperFoundation
0x000000027b250000 	/System/Library/PrivateFrameworks/WallpaperTypes.framework/Versions/A/WallpaperTypes
0x00000001dc0e0000 	/System/Library/PrivateFrameworks/SystemDesktopAppearance.framework/Versions/A/SystemDesktopAppearance
0x0000000280b9a000 	/System/Library/PrivateFrameworks/icloudMCCKit.framework/Versions/A/icloudMCCKit
0x0000000233e05000 	/System/Library/PrivateFrameworks/AppleAccountUI.framework/Versions/A/AppleAccountUI
0x00000001d0079000 	/System/Library/PrivateFrameworks/PreferencePanesSupport.framework/Versions/A/PreferencePanesSupport
0x00000001b5a40000 	/System/Library/PrivateFrameworks/FindMyDeviceUI.framework/Versions/A/FindMyDeviceUI
0x000000027e776000 	/System/Library/PrivateFrameworks/iCloudQuotaUI.framework/Versions/A/iCloudQuotaUI
0x00000001d022a000 	/System/Library/PrivateFrameworks/CoreCDPUI.framework/Versions/A/CoreCDPUI
0x00000001af5dc000 	/System/Library/PrivateFrameworks/CoreFollowUpUI.framework/Versions/A/CoreFollowUpUI
0x00000001bc675000 	/System/Library/PrivateFrameworks/IMCore.framework/Versions/A/IMCore
0x00000001a482d000 	/System/Library/PrivateFrameworks/CoreCDP.framework/Versions/A/CoreCDP
0x00000001a066e000 	/System/Library/PrivateFrameworks/AskPermission.framework/Versions/A/AskPermission
0x00000001b33d6000 	/System/Library/Frameworks/Quartz.framework/Versions/A/Quartz
0x00000001c00cc000 	/System/Library/PrivateFrameworks/CloudPhotoServicesConfiguration.framework/Versions/A/CloudPhotoServicesConfiguration
0x00000001b1a67000 	/System/Library/PrivateFrameworks/CommerceKit.framework/Versions/A/CommerceKit
0x00000001c1ac4000 	/System/Library/PrivateFrameworks/FindMyMac.framework/Versions/A/FindMyMac
0x00000001c1994000 	/System/Library/Frameworks/PreferencePanes.framework/Versions/A/PreferencePanes
0x00000001b4e88000 	/System/Library/Frameworks/AddressBook.framework/Versions/A/AddressBook
0x000000019f509000 	/System/Library/PrivateFrameworks/AOSAccounts.framework/Versions/A/AOSAccounts
0x0000000199677000 	/System/Library/PrivateFrameworks/AppleSRP.framework/Versions/A/AppleSRP
0x000000019e036000 	/System/Library/PrivateFrameworks/NetFSServer.framework/Versions/A/NetFSServer
0x00000001b07e8000 	/System/Library/Frameworks/PDFKit.framework/Versions/A/PDFKit
0x0000000284e30000 	/usr/lib/swift/libswiftPassKit.dylib
0x00000001d42be000 	/System/Library/Frameworks/PassKit.framework/Versions/A/PassKit
0x00000001a1da7000 	/System/Library/PrivateFrameworks/PassKitCore.framework/Versions/A/PassKitCore
0x000000025f5d1000 	/System/Library/PrivateFrameworks/PassKitMacHelperTemp.framework/Versions/A/PassKitMacHelperTemp
0x000000028322d000 	/usr/lib/libAppleSSE.dylib
0x00000001ade30000 	/System/Library/PrivateFrameworks/BiometricKit.framework/Versions/A/BiometricKit
0x0000000265ae2000 	/System/Library/PrivateFrameworks/SEService.framework/Versions/A/SEService
0x0000000228247000 	/System/Library/Frameworks/FinanceKit.framework/Versions/A/FinanceKit
0x00000001b3482000 	/System/Library/PrivateFrameworks/NearField.framework/Versions/A/NearField
0x0000000265a59000 	/System/Library/PrivateFrameworks/SESShared.framework/Versions/A/SESShared
0x0000000265d4b000 	/System/Library/PrivateFrameworks/STSXPCHelperClient.framework/Versions/A/STSXPCHelperClient
0x00000001b52a1000 	/usr/lib/libnfshared.dylib
0x0000000271d7a000 	/System/Library/PrivateFrameworks/Symptoms.framework/Versions/A/Frameworks/SymptomPresentationFeed.framework/Versions/A/SymptomPresentationFeed
0x00000002348d7000 	/System/Library/PrivateFrameworks/AppleMediaServicesKitInternal.framework/Versions/A/AppleMediaServicesKitInternal
0x0000000271ab6000 	/System/Library/PrivateFrameworks/SymptomShared.framework/Versions/A/SymptomShared
0x00000001d717b000 	/System/Library/PrivateFrameworks/PassKitUIFoundation.framework/Versions/A/PassKitUIFoundation
0x0000000198f9b000 	/System/Library/Frameworks/MapKit.framework/Versions/A/MapKit
0x000000024b7ca000 	/System/Library/PrivateFrameworks/GeoAnalytics.framework/Versions/A/GeoAnalytics
0x00000001b52cf000 	/System/Library/PrivateFrameworks/Navigation.framework/Versions/A/Navigation
0x00000001bf14d000 	/System/Library/PrivateFrameworks/VectorKit.framework/Versions/A/VectorKit
0x00000001a626c000 	/System/Library/PrivateFrameworks/VirtualGarage.framework/Versions/A/VirtualGarage
0x00000001b54cc000 	/System/Library/Frameworks/ExternalAccessory.framework/ExternalAccessory
0x00000001b54e7000 	/System/Library/PrivateFrameworks/IAP.framework/Versions/A/IAP
0x000000019925d000 	/System/Library/PrivateFrameworks/IOPlatformPluginFamily.framework/Versions/A/IOPlatformPluginFamily
0x0000000235c93000 	/System/Library/PrivateFrameworks/AvatarKit.framework/Versions/A/AvatarKit
0x0000000235d52000 	/System/Library/PrivateFrameworks/AvatarPersistence.framework/Versions/A/AvatarPersistence
0x000000022e967000 	/System/Library/Frameworks/TipKit.framework/Versions/A/TipKit
0x00000001a186b000 	/System/Library/PrivateFrameworks/IMSharedUtilities.framework/Versions/A/IMSharedUtilities
0x0000000284dd1000 	/usr/lib/swift/libswiftAppleArchive.dylib
0x0000000277c92000 	/System/Library/PrivateFrameworks/VFX.framework/Versions/A/VFX
0x00000001d1e7c000 	/System/Library/PrivateFrameworks/AppleCVA.framework/Versions/A/AppleCVA
0x0000000235d51000 	/System/Library/PrivateFrameworks/AvatarKitContent.framework/Versions/A/AvatarKitContent
0x000000022a19d000 	/System/Library/Frameworks/MetalFX.framework/Versions/A/MetalFX
0x0000000239437000 	/System/Library/PrivateFrameworks/CompositorNonUI.framework/Versions/A/CompositorNonUI
0x00000002264bc000 	/System/Library/Frameworks/ARKit.framework/Versions/A/ARKit
0x0000000231165000 	/System/Library/PrivateFrameworks/ARKitCore.framework/Versions/A/ARKitCore
0x000000028331e000 	/usr/lib/libDisplayWarpSupport.dylib
0x000000023b707000 	/System/Library/PrivateFrameworks/CoreComposite.framework/Versions/A/CoreComposite
0x0000000283db5000 	/usr/lib/libchannel.dylib
0x0000000284a2b000 	/usr/lib/librealtime_safety.dylib
0x00000002311f1000 	/System/Library/PrivateFrameworks/ARKitFoundation.framework/Versions/A/ARKitFoundation
0x0000000233ea1000 	/System/Library/PrivateFrameworks/AppleDepth.framework/Versions/A/AppleDepth
0x000000023401e000 	/System/Library/PrivateFrameworks/AppleDepthCore.framework/Versions/A/AppleDepthCore
0x0000000199397000 	/System/Library/PrivateFrameworks/CoreAppleCVA.framework/Versions/A/CoreAppleCVA
0x00000001a639e000 	/System/Library/PrivateFrameworks/ContactsUICore.framework/Versions/A/ContactsUICore
0x00000001adc5d000 	/System/Library/PrivateFrameworks/ContactsDonation.framework/Versions/A/ContactsDonation
0x00000001ad51a000 	/System/Library/PrivateFrameworks/DataDetectors.framework/Versions/A/DataDetectors
0x000000019fc86000 	/System/Library/Frameworks/MediaLibrary.framework/Versions/A/MediaLibrary
0x000000019a2c1000 	/System/Library/PrivateFrameworks/PersonaKit.framework/Versions/A/PersonaKit
0x00000001a638b000 	/System/Library/PrivateFrameworks/PersonaUI.framework/Versions/A/PersonaUI
0x00000001c13aa000 	/System/Library/PrivateFrameworks/Transparency.framework/Versions/A/Transparency
0x00000002421fb000 	/System/Library/PrivateFrameworks/FindMyLocate.framework/Versions/A/FindMyLocate
0x00000001af55a000 	/System/Library/PrivateFrameworks/IntlPreferences.framework/Versions/A/IntlPreferences
0x000000023f75e000 	/System/Library/PrivateFrameworks/CoreTransparency.framework/Versions/A/CoreTransparency
0x00000002420cf000 	/System/Library/PrivateFrameworks/FindMyCommon.framework/Versions/A/FindMyCommon
0x0000000241ea2000 	/System/Library/PrivateFrameworks/FindMyBase.framework/Versions/A/FindMyBase
0x000000022bc32000 	/System/Library/Frameworks/NearbyInteraction.framework/Versions/A/NearbyInteraction
0x0000000199eb2000 	/System/Library/PrivateFrameworks/AddressBookCore.framework/Versions/A/AddressBookCore
0x00000001b5025000 	/System/Library/PrivateFrameworks/ToneKit.framework/Versions/A/ToneKit
0x00000001af5a1000 	/System/Library/PrivateFrameworks/ToneLibrary.framework/Versions/A/ToneLibrary
0x000000023973e000 	/System/Library/PrivateFrameworks/ContactsAccounts.framework/Versions/A/ContactsAccounts
0x00000001b32ed000 	/System/Library/PrivateFrameworks/Lookup.framework/Versions/A/Lookup
0x000000022c553000 	/System/Library/Frameworks/QuickLookUI.framework/Versions/A/QuickLookUI
0x000000022cf80000 	/System/Library/Frameworks/ScreenCaptureKit.framework/Versions/A/ScreenCaptureKit
0x00000001b0307000 	/System/Library/Frameworks/Quartz.framework/Versions/A/Frameworks/QuartzComposer.framework/Versions/A/QuartzComposer
0x00000001af531000 	/System/Library/Frameworks/Quartz.framework/Versions/A/Frameworks/QuartzFilters.framework/Versions/A/QuartzFilters
0x00000001ae5b8000 	/System/Library/Frameworks/Quartz.framework/Versions/A/Frameworks/ImageKit.framework/Versions/A/ImageKit
0x00000002262bd000 	/System/Library/Frameworks/OpenCL.framework/Versions/A/OpenCL
0x00000001acab9000 	/System/Library/PrivateFrameworks/CorePDF.framework/Versions/A/CorePDF
0x0000000196f0a000 	/System/Library/Frameworks/QuickLook.framework/Versions/A/QuickLook
0x00000001a1c95000 	/System/Library/PrivateFrameworks/DisplayServices.framework/Versions/A/DisplayServices
0x00000001af4b5000 	/System/Library/Frameworks/ImageCaptureCore.framework/Versions/A/ImageCaptureCore
0x0000000279ba1000 	/System/Library/PrivateFrameworks/VisionKitCore.framework/Versions/A/VisionKitCore
0x00000001aaba3000 	/System/Library/PrivateFrameworks/QuickLookSupport.framework/Versions/A/QuickLookSupport
0x00000002588d0000 	/System/Library/PrivateFrameworks/MediaAnalysisServices.framework/Versions/A/MediaAnalysisServices
0x00000001b227a000 	/System/Library/PrivateFrameworks/PhotoLibraryServices.framework/Versions/A/PhotoLibraryServices
0x00000001af0c6000 	/System/Library/Frameworks/Photos.framework/Versions/A/Photos
0x00000001c3eb6000 	/System/Library/PrivateFrameworks/PhotosFormats.framework/Versions/A/PhotosFormats
0x0000000278ceb000 	/System/Library/PrivateFrameworks/VectorSearch.framework/Versions/A/VectorSearch
0x00000001c00f8000 	/System/Library/PrivateFrameworks/CloudPhotoLibrary.framework/Versions/A/CloudPhotoLibrary
0x00000001c9939000 	/System/Library/PrivateFrameworks/CloudPhotoServices.framework/Versions/A/CloudPhotoServices
0x00000001c5d8a000 	/System/Library/PrivateFrameworks/CoreMediaStream.framework/Versions/A/CoreMediaStream
0x000000019a98b000 	/System/Library/PrivateFrameworks/CPAnalytics.framework/Versions/A/CPAnalytics
0x00000001c2120000 	/System/Library/PrivateFrameworks/MediaConversionService.framework/Versions/A/MediaConversionService
0x00000001a1857000 	/System/Library/PrivateFrameworks/PhotoFoundation.framework/Versions/A/PhotoFoundation
0x000000026109e000 	/System/Library/PrivateFrameworks/PhotoLibraryServicesCore.framework/Versions/A/PhotoLibraryServicesCore
0x00000001bbd5c000 	/System/Library/PrivateFrameworks/MMCS.framework/Versions/A/MMCS
0x000000019fae1000 	/System/Library/PrivateFrameworks/ChunkingLibrary.framework/Versions/A/ChunkingLibrary
0x0000000199644000 	/System/Library/PrivateFrameworks/AssetCacheServices.framework/Versions/A/AssetCacheServices
0x000000019b633000 	/System/Library/PrivateFrameworks/AVFoundationCF.framework/Versions/A/AVFoundationCF
0x00000001da1e4000 	/usr/lib/swift/libswiftDemangle.dylib
0x000000024ec8f000 	/System/Library/PrivateFrameworks/ImageCaptureDevices.framework/Versions/A/ImageCaptureDevices
0x00000001ad7df000 	/System/Library/PrivateFrameworks/MediaStream.framework/Versions/A/MediaStream
0x00000001c260e000 	/System/Library/PrivateFrameworks/NeutrinoCore.framework/Versions/A/NeutrinoCore
0x00000001888d2000 	/System/Library/PrivateFrameworks/NLP.framework/Versions/A/NLP
0x00000001c868e000 	/System/Library/PrivateFrameworks/PhotoImaging.framework/Versions/A/PhotoImaging
0x00000001c98fa000 	/System/Library/PrivateFrameworks/PhotosImagingFoundation.framework/Versions/A/PhotosImagingFoundation
0x0000000261c4b000 	/System/Library/PrivateFrameworks/PhotosIntelligenceCore.framework/Versions/A/PhotosIntelligenceCore
0x000000019baca000 	/System/Library/PrivateFrameworks/EmbeddedAcousticRecognition.framework/Versions/A/EmbeddedAcousticRecognition
0x00000001b7258000 	/System/Library/PrivateFrameworks/EmojiFoundation.framework/Versions/A/EmojiFoundation
0x00000001c0371000 	/System/Library/PrivateFrameworks/SDAPI.framework/Versions/A/SDAPI
0x0000000252a19000 	/System/Library/PrivateFrameworks/IsolatedContextLogging.framework/Versions/A/IsolatedContextLogging
0x00000001c9948000 	/System/Library/PrivateFrameworks/AutoLoop.framework/Versions/A/AutoLoop
0x0000000262871000 	/System/Library/PrivateFrameworks/Portrait.framework/Versions/A/Portrait
0x0000000242920000 	/System/Library/PrivateFrameworks/FusionTracker.framework/Versions/A/FusionTracker
0x00000001afd8a000 	/System/Library/PrivateFrameworks/iTunesCloud.framework/Versions/A/iTunesCloud
0x00000001b9179000 	/System/Library/PrivateFrameworks/DAAPKit.framework/Versions/A/DAAPKit
0x00000001aaf3c000 	/System/Library/PrivateFrameworks/DeviceManagement.framework/Versions/A/DeviceManagement
0x00000001cf9a4000 	/System/Library/PrivateFrameworks/ScreenTimeUI.framework/Versions/A/ScreenTimeUI
0x00000001ad514000 	/System/Library/PrivateFrameworks/QuickLookNonBaseSystem.framework/Versions/A/QuickLookNonBaseSystem
0x00000001add33000 	/System/Library/PrivateFrameworks/Catalyst.framework/Versions/A/Catalyst
0x00000001af754000 	/System/Library/PrivateFrameworks/ScreenTimeCore.framework/Versions/A/ScreenTimeCore
0x00000001c330d000 	/System/Library/PrivateFrameworks/ScreenTimeServiceUI.framework/Versions/A/ScreenTimeServiceUI
0x00000001bbeee000 	/System/Library/PrivateFrameworks/ConfigurationEngineModel.framework/Versions/A/ConfigurationEngineModel
0x00000001bf107000 	/System/Library/PrivateFrameworks/UsageTracking.framework/Versions/A/UsageTracking
0x0000000227e94000 	/System/Library/Frameworks/DeviceActivity.framework/Versions/A/DeviceActivity
0x00000001bf0d6000 	/System/Library/PrivateFrameworks/KnowledgeMonitor.framework/Versions/A/KnowledgeMonitor
0x00000001d7121000 	/System/Library/PrivateFrameworks/BluetoothManager.framework/Versions/A/BluetoothManager
0x000000022952b000 	/System/Library/Frameworks/ManagedSettings.framework/Versions/A/ManagedSettings
0x0000000258023000 	/System/Library/PrivateFrameworks/ManagedSettingsSupport.framework/Versions/A/ManagedSettingsSupport
0x00000001d438f000 	/System/Library/Frameworks/ReplayKit.framework/Versions/A/ReplayKit
0x00000001a2caf000 	/System/Library/PrivateFrameworks/MarkupUI.framework/Versions/A/MarkupUI
0x00000001ad4eb000 	/System/Library/PrivateFrameworks/SidecarCore.framework/Versions/A/SidecarCore
0x00000001b01bb000 	/System/Library/PrivateFrameworks/AnnotationKit.framework/Versions/A/AnnotationKit
0x00000001ae7eb000 	/System/Library/Frameworks/PencilKit.framework/Versions/A/PencilKit
0x00000001ae9af000 	/System/Library/PrivateFrameworks/SidecarUI.framework/Versions/A/SidecarUI
0x00000001ae156000 	/System/Library/PrivateFrameworks/CoreHandwriting.framework/Versions/A/CoreHandwriting
0x00000001824c3000 	/usr/lib/libmecabra.dylib
0x00000001a6998000 	/System/Library/PrivateFrameworks/Calculate.framework/Versions/A/Calculate
0x00000001922fa000 	/usr/lib/libChineseTokenizer.dylib
0x00000001e5b6e000 	/System/Library/PrivateFrameworks/ScreenReaderCore.framework/Versions/A/ScreenReaderCore
0x0000000270e37000 	/System/Library/PrivateFrameworks/StocksKit.framework/Versions/A/StocksKit
0x00000001a5945000 	/System/Library/PrivateFrameworks/OAuth.framework/Versions/A/OAuth
0x0000000270b2d000 	/System/Library/PrivateFrameworks/StocksCore.framework/Versions/A/StocksCore
0x000000027230a000 	/System/Library/PrivateFrameworks/TeaFoundation.framework/Versions/A/TeaFoundation
0x00000002724f1000 	/System/Library/PrivateFrameworks/TeaSettings.framework/Versions/A/TeaSettings
0x00000001db8fd000 	/System/Library/PrivateFrameworks/NewsCore.framework/Versions/A/NewsCore
0x00000002722a7000 	/System/Library/PrivateFrameworks/TeaDB.framework/Versions/A/TeaDB
0x00000001d8293000 	/System/Library/PrivateFrameworks/RemoteConfiguration.framework/Versions/A/RemoteConfiguration
0x00000001db4e6000 	/System/Library/PrivateFrameworks/NewsTransport.framework/Versions/A/NewsTransport
0x00000001db8ed000 	/System/Library/PrivateFrameworks/NewsFoundation.framework/Versions/A/NewsFoundation
0x000000025d7af000 	/System/Library/PrivateFrameworks/NewsURLBucket.framework/Versions/A/NewsURLBucket
0x00000001b1e79000 	/System/Library/PrivateFrameworks/MobileInstallation.framework/Versions/A/MobileInstallation
0x000000022ead0000 	/System/Library/Frameworks/Translation.framework/Versions/A/Translation
0x00000001cb31d000 	/System/Library/PrivateFrameworks/RevealCore.framework/Versions/A/RevealCore
0x00000001cb311000 	/System/Library/PrivateFrameworks/Reveal.framework/Versions/A/Reveal
0x00000001c2fb8000 	/System/Library/Frameworks/Speech.framework/Versions/A/Speech
0x000000022ffba000 	/System/Library/PrivateFrameworks/AIMLExperimentationAnalytics.framework/Versions/A/AIMLExperimentationAnalytics
0x0000000232435000 	/System/Library/PrivateFrameworks/AlgorithmsInternal.framework/Versions/A/AlgorithmsInternal
0x0000000275c65000 	/System/Library/PrivateFrameworks/TranslationUIServices.framework/Versions/A/TranslationUIServices
0x00000002749b9000 	/System/Library/PrivateFrameworks/TipKitCore.framework/Versions/A/TipKitCore
0x00000001b72dd000 	/System/Library/PrivateFrameworks/CoreCDPInternal.framework/Versions/A/CoreCDPInternal
0x000000024f478000 	/System/Library/PrivateFrameworks/InputAnalytics.framework/Versions/A/InputAnalytics
0x00000001bcf62000 	/System/Library/Frameworks/InstantMessage.framework/Versions/A/InstantMessage
0x00000001b4d93000 	/System/Library/PrivateFrameworks/IDSKVStore.framework/Versions/A/IDSKVStore
0x00000001b4a45000 	/System/Library/PrivateFrameworks/IMDPersistence.framework/Versions/A/IMDPersistence
0x0000000277b8c000 	/System/Library/PrivateFrameworks/UserSafety.framework/Versions/A/UserSafety
0x00000001d6220000 	/System/Library/PrivateFrameworks/BlastDoor.framework/Versions/A/BlastDoor
0x0000000253b80000 	/System/Library/PrivateFrameworks/LinkPresentationStyleSheetParsing.framework/Versions/A/LinkPresentationStyleSheetParsing
0x0000000262a32000 	/System/Library/PrivateFrameworks/PosterFoundation.framework/Versions/A/PosterFoundation
0x0000000262abf000 	/System/Library/PrivateFrameworks/PosterModel.framework/Versions/A/PosterModel
0x0000000262a9a000 	/System/Library/PrivateFrameworks/PosterFuturesKit.framework/Versions/A/PosterFuturesKit
0x0000000241c79000 	/System/Library/PrivateFrameworks/FeedbackService.framework/Versions/A/FeedbackService
0x00000001adbb1000 	/System/Library/PrivateFrameworks/CoreSDB.framework/Versions/A/CoreSDB
0x0000000235412000 	/System/Library/PrivateFrameworks/AskToCore.framework/Versions/A/AskToCore
0x00000001d0227000 	/System/Library/PrivateFrameworks/MachineSettings.framework/Versions/A/MachineSettings
0x00000001c190d000 	/System/Library/PrivateFrameworks/BezelServices.framework/Versions/A/BezelServices
0x00000001b9204000 	/System/Library/PrivateFrameworks/SPOwner.framework/Versions/A/SPOwner
0x00000001b1acc000 	/System/Library/PrivateFrameworks/FMCore.framework/Versions/A/FMCore
0x000000027e6c8000 	/System/Library/PrivateFrameworks/iCloudQuota.framework/Versions/A/iCloudQuota
0x00000001a6308000 	/System/Library/PrivateFrameworks/CoreRecognition.framework/Versions/A/CoreRecognition
0x00000001c19cd000 	/System/Library/PrivateFrameworks/InAppMessages.framework/Versions/A/InAppMessages
0x00000001e471f000 	/System/Library/PrivateFrameworks/JetUI.framework/Versions/A/JetUI
0x0000000252d78000 	/System/Library/PrivateFrameworks/JetPack.framework/Versions/A/JetPack
0x00000001c19c4000 	/System/Library/PrivateFrameworks/InAppMessagesCore.framework/Versions/A/InAppMessagesCore
0x000000027dae5000 	/System/Library/PrivateFrameworks/_JetEngine_SwiftUI.framework/Versions/A/_JetEngine_SwiftUI
0x0000000271da3000 	/System/Library/PrivateFrameworks/Synapse.framework/Versions/A/Synapse
0x000000023763b000 	/System/Library/PrivateFrameworks/CSExattrCrypto.framework/Versions/A/CSExattrCrypto
0x00000001b2fe4000 	/System/Library/PrivateFrameworks/StoreFoundation.framework/Versions/A/StoreFoundation
0x00000001b1ac6000 	/System/Library/PrivateFrameworks/ServerInformation.framework/Versions/A/ServerInformation
0x00000001b14de000 	/System/Library/PrivateFrameworks/Install.framework/Frameworks/DistributionKit.framework/Versions/A/DistributionKit
0x00000001aa977000 	/System/Library/PrivateFrameworks/PackageKit.framework/Versions/A/PackageKit
0x00000001b1501000 	/System/Library/PrivateFrameworks/OSPersonalization.framework/Versions/A/OSPersonalization
0x00000001b354a000 	/System/Library/PrivateFrameworks/BridgeOSSoftwareUpdate.framework/Versions/A/BridgeOSSoftwareUpdate
0x00000001ae055000 	/System/Library/PrivateFrameworks/StorageManagement.framework/Versions/A/StorageManagement
0x00000001c2e3c000 	/usr/lib/libauthinstall.dylib
0x00000001b3553000 	/System/Library/PrivateFrameworks/InstallerDiagnostics.framework/Versions/A/InstallerDiagnostics
0x00000001c34f5000 	/usr/lib/libcrypto.42.dylib
0x000000028530c000 	/usr/lib/updaters/libAppleTconUARPUpdater.dylib
0x00000002854a1000 	/usr/lib/updaters/libT200Updater.dylib
0x00000001b3538000 	/System/Library/PrivateFrameworks/GPUInfo.framework/Versions/A/GPUInfo
0x00000001c1aca000 	/System/Library/PrivateFrameworks/MobileActivationMacOS.framework/Versions/A/MobileActivationMacOS
0x00000001a588a000 	/System/Library/PrivateFrameworks/AccountsDaemon.framework/Versions/A/AccountsDaemon
0x00000001b3596000 	/System/Library/PrivateFrameworks/AOSKit.framework/Versions/A/AOSKit
0x0000000192429000 	/System/Library/PrivateFrameworks/AppSSOCore.framework/Versions/A/AppSSOCore
0x0000000235dec000 	/System/Library/PrivateFrameworks/BackgroundSystemTasks.framework/Versions/A/BackgroundSystemTasks
0x000000019e070000 	/System/Library/PrivateFrameworks/DuetActivityScheduler.framework/Versions/A/DuetActivityScheduler
0x00000001c0023000 	/System/Library/PrivateFrameworks/NetworkServiceProxy.framework/Versions/A/NetworkServiceProxy
0x00000001992d1000 	/usr/lib/libnetworkextension.dylib
0x0000000271ac6000 	/System/Library/PrivateFrameworks/Symptoms.framework/Versions/A/Frameworks/SymptomAnalytics.framework/Versions/A/SymptomAnalytics
0x0000000195e39000 	/System/Library/Frameworks/NetworkExtension.framework/Versions/A/NetworkExtension
0x000000019c790000 	/System/Library/PrivateFrameworks/CoreDuetContext.framework/Versions/A/CoreDuetContext
0x0000000186f2a000 	/System/Library/PrivateFrameworks/CoreDuet.framework/Versions/A/CoreDuet
0x00000001a1591000 	/System/Library/PrivateFrameworks/AssistantServices.framework/Versions/A/AssistantServices
0x000000019b776000 	/System/Library/PrivateFrameworks/SAObjects.framework/Versions/A/SAObjects
0x00000001a117c000 	/System/Library/PrivateFrameworks/MediaRemote.framework/Versions/A/MediaRemote
0x000000026e355000 	/System/Library/PrivateFrameworks/SiriTTSService.framework/Versions/A/SiriTTSService
0x0000000268a52000 	/System/Library/PrivateFrameworks/SiriCrossDeviceArbitration.framework/Versions/A/SiriCrossDeviceArbitration
0x0000000241804000 	/System/Library/PrivateFrameworks/FaceTimeNameUtility.framework/Versions/A/FaceTimeNameUtility
0x0000000268aa6000 	/System/Library/PrivateFrameworks/SiriCrossDeviceArbitrationFeedback.framework/Versions/A/SiriCrossDeviceArbitrationFeedback
0x00000001c2352000 	/System/Library/PrivateFrameworks/UIKitServices.framework/Versions/A/UIKitServices
0x00000001a6118000 	/System/Library/PrivateFrameworks/MediaServices.framework/Versions/A/MediaServices
0x0000000192873000 	/System/Library/PrivateFrameworks/PersistentConnection.framework/Versions/A/PersistentConnection
0x000000026fc4c000 	/System/Library/PrivateFrameworks/SonicFoundation.framework/Versions/A/SonicFoundation
0x00000001b5a93000 	/usr/lib/libtailspin.dylib
0x00000001c9a5a000 	/System/Library/PrivateFrameworks/Osprey.framework/Versions/A/Osprey
0x000000026d9d5000 	/System/Library/PrivateFrameworks/SiriTTS.framework/Versions/A/SiriTTS
0x000000026c595000 	/System/Library/PrivateFrameworks/SiriPowerInstrumentation.framework/Versions/A/SiriPowerInstrumentation
0x00000002722a5000 	/System/Library/PrivateFrameworks/TailspinSymbolication.framework/Versions/A/TailspinSymbolication
0x000000023fb70000 	/System/Library/PrivateFrameworks/Darwinup.framework/Versions/A/Darwinup
0x00000001c215b000 	/System/Library/PrivateFrameworks/SignpostSupport.framework/Versions/A/SignpostSupport
0x00000001adb3e000 	/System/Library/PrivateFrameworks/FeatureFlagsSupport.framework/Versions/A/FeatureFlagsSupport
0x00000001c181b000 	/System/Library/PrivateFrameworks/ktrace.framework/Versions/A/ktrace
0x00000001c238a000 	/System/Library/PrivateFrameworks/SampleAnalysis.framework/Versions/A/SampleAnalysis
0x00000001cb2eb000 	/System/Library/PrivateFrameworks/kperfdata.framework/Versions/A/kperfdata
0x0000000197048000 	/usr/lib/libdscsym.dylib
0x00000001cb7bc000 	/System/Library/PrivateFrameworks/BulkSymbolication.framework/Versions/A/BulkSymbolication
0x000000019f1be000 	/System/Library/PrivateFrameworks/CoreDuetDaemonProtocol.framework/Versions/A/CoreDuetDaemonProtocol
0x00000001b2e66000 	/System/Library/PrivateFrameworks/CaptiveNetwork.framework/Versions/A/CaptiveNetwork
0x000000019d5bb000 	/System/Library/PrivateFrameworks/EAP8021X.framework/Versions/A/EAP8021X
0x000000023f936000 	/System/Library/PrivateFrameworks/CryptoKitPrivate.framework/Versions/A/CryptoKitPrivate
0x00000001ad10f000 	/System/Library/PrivateFrameworks/FindMyDevice.framework/Versions/A/FindMyDevice
0x00000001a1d86000 	/System/Library/PrivateFrameworks/FMCoreLite.framework/Versions/A/FMCoreLite
0x000000018ff2c000 	/System/Library/Frameworks/ServiceManagement.framework/Versions/A/ServiceManagement
0x000000013b164000 	/System/Library/Extensions/AGXMetalG14G.bundle/Contents/MacOS/AGXMetalG14G
0x00000001a5fb2000 	/System/Library/PrivateFrameworks/IOGPU.framework/Versions/A/IOGPU
0x0000000126fbc000 	/Users/gelika/Library/Java/JavaVirtualMachines/openjdk-23.0.2/Contents/Home/lib/libosxui.dylib
0x000000023143f000 	/System/Library/PrivateFrameworks/AccessibilityBundles.framework/Versions/A/AccessibilityBundles
0x0000000272ab7000 	/System/Library/PrivateFrameworks/TextInputUI.framework/Versions/A/TextInputUI
0x0000000272aed000 	/System/Library/PrivateFrameworks/TextInputUIMacHelper.framework/Versions/A/TextInputUIMacHelper
0x00000001b7fd1000 	/System/Library/PrivateFrameworks/SafariPlatformSupport.framework/Versions/A/SafariPlatformSupport


VM Arguments:
jvm_args: -javaagent:/Applications/IntelliJ IDEA CE.app/Contents/lib/idea_rt.jar=58964 -Dfile.encoding=UTF-8 -Dsun.stdout.encoding=UTF-8 -Dsun.stderr.encoding=UTF-8 
java_command: com.plt.sudoku.Main
java_class_path (initial): /Users/gelika/Downloads/sudoku-solver/out/production/sudoku-solver
Launcher Type: SUN_STANDARD

[Global flags]
     intx CICompilerCount                          = 4                                         {product} {ergonomic}
     uint ConcGCThreads                            = 2                                         {product} {ergonomic}
     uint G1ConcRefinementThreads                  = 8                                         {product} {ergonomic}
   size_t G1HeapRegionSize                         = 1048576                                   {product} {ergonomic}
   size_t InitialHeapSize                          = 134217728                                 {product} {ergonomic}
   size_t MarkStackSize                            = 4194304                                   {product} {ergonomic}
   size_t MarkStackSizeMax                         = 536870912                                 {product} {ergonomic}
   size_t MaxHeapSize                              = 2147483648                                {product} {ergonomic}
   size_t MaxNewSize                               = 1287651328                                {product} {ergonomic}
   size_t MinHeapDeltaBytes                        = 1048576                                   {product} {ergonomic}
   size_t MinHeapSize                              = 8388608                                   {product} {ergonomic}
    uintx NonNMethodCodeHeapSize                   = 5832704                                {pd product} {ergonomic}
    uintx NonProfiledCodeHeapSize                  = 122929152                              {pd product} {ergonomic}
    uintx ProfiledCodeHeapSize                     = 122896384                              {pd product} {ergonomic}
    uintx ReservedCodeCacheSize                    = 251658240                              {pd product} {ergonomic}
     bool SegmentedCodeCache                       = true                                      {product} {ergonomic}
   size_t SoftMaxHeapSize                          = 2147483648                             {manageable} {ergonomic}
     bool UseCompressedOops                        = true                           {product lp64_product} {ergonomic}
     bool UseG1GC                                  = true                                      {product} {ergonomic}
     bool UseNUMA                                  = false                                     {product} {ergonomic}
     bool UseNUMAInterleaving                      = false                                     {product} {ergonomic}

Logging:
Log output configuration:
 #0: stdout all=warning uptime,level,tags foldmultilines=false
 #1: stderr all=off uptime,level,tags foldmultilines=false

Environment Variables:
PATH=/opt/homebrew/Caskroom/miniconda/base/condabin:/Users/gelika/.nvm/versions/node/v24.11.1/bin:/opt/homebrew/bin:/opt/homebrew/sbin:/Library/Frameworks/Python.framework/Versions/3.12/bin:/usr/local/bin:/System/Cryptexes/App/usr/bin:/usr/bin:/bin:/usr/sbin:/sbin:/var/run/com.apple.security.cryptexd/codex.system/bootstrap/usr/local/bin:/var/run/com.apple.security.cryptexd/codex.system/bootstrap/usr/bin:/var/run/com.apple.security.cryptexd/codex.system/bootstrap/usr/appleinternal/bin:/opt/pkg/env/active/bin:/opt/pmk/env/global/bin:/Library/Apple/usr/bin:/usr/local/bin
SHELL=/bin/zsh
LANG=C.UTF-8
TMPDIR=/var/folders/j1/__rb1_cs5239p_d4kbzv8m780000gn/T/

Active Locale:
LC_ALL=C.UTF-8
LC_COLLATE=C.UTF-8
LC_CTYPE=C.UTF-8
LC_MESSAGES=C.UTF-8
LC_MONETARY=C.UTF-8
LC_NUMERIC=C.UTF-8
LC_TIME=C.UTF-8

Signal Handlers:
   SIGSEGV: crash_handler in libjvm.dylib, mask=11100110000111110111111111111111, flags=SA_ONSTACK|SA_RESTART|SA_SIGINFO, unblocked
    SIGBUS: crash_handler in libjvm.dylib, mask=11100110000111110111111111111111, flags=SA_RESTART|SA_SIGINFO, unblocked
    SIGFPE: crash_handler in libjvm.dylib, mask=11100110000111110111111111111111, flags=SA_RESTART|SA_SIGINFO, unblocked
   SIGPIPE: javaSignalHandler in libjvm.dylib, mask=11100110000111110111111111111111, flags=SA_RESTART|SA_SIGINFO, blocked
   SIGXFSZ: javaSignalHandler in libjvm.dylib, mask=11100110000111110111111111111111, flags=SA_RESTART|SA_SIGINFO, blocked
    SIGILL: crash_handler in libjvm.dylib, mask=11100110000111110111111111111111, flags=SA_RESTART|SA_SIGINFO, unblocked
   SIGUSR2: SR_handler in libjvm.dylib, mask=00000000000000000000000000000000, flags=SA_RESTART|SA_SIGINFO, blocked
    SIGHUP: UserHandler in libjvm.dylib, mask=11100110000111110111111111111111, flags=SA_RESTART|SA_SIGINFO, blocked
    SIGINT: UserHandler in libjvm.dylib, mask=11100110000111110111111111111111, flags=SA_RESTART|SA_SIGINFO, blocked
   SIGTERM: UserHandler in libjvm.dylib, mask=11100110000111110111111111111111, flags=SA_RESTART|SA_SIGINFO, blocked
   SIGQUIT: UserHandler in libjvm.dylib, mask=11100110000111110111111111111111, flags=SA_RESTART|SA_SIGINFO, blocked
   SIGTRAP: crash_handler in libjvm.dylib, mask=11100110000111110111111111111111, flags=SA_RESTART|SA_SIGINFO, unblocked


Periodic native trim disabled

---------------  S Y S T E M  ---------------

OS:
uname: Darwin 25.4.0 Darwin Kernel Version 25.4.0: Thu Mar 19 19:33:09 PDT 2026; root:xnu-12377.101.15~1/RELEASE_ARM64_T8112 arm64
OS uptime: 1 days 17:46 hours
rlimit (soft/hard): STACK 8176k/65520k , CORE 0k/infinity , NPROC 1333/2000 , NOFILE 2147483647/infinity , AS infinity/infinity , CPU infinity/infinity , DATA infinity/infinity , FSIZE infinity/infinity , MEMLOCK infinity/infinity , RSS infinity/infinity
load average: 23.16 9.55 6.84

CPU: total 8 (initial active 8) 0x61:0x0:0xda33d83d:0, fp, asimd, aes, pmull, sha1, sha256, crc32, lse, sha3, sha512
machdep.cpu.brand_string:Apple M2
hw.cachelinesize:128
hw.l1icachesize:131072
hw.l1dcachesize:65536
hw.l2cachesize:4194304

Memory: 16k page, physical 8388608k(207888k free), swap 9175040k(0k free)

vm_info: OpenJDK 64-Bit Server VM (23.0.2+7-58) for bsd-aarch64 JRE (23.0.2+7-58), built on 2024-11-29T09:34:55Z with clang Apple LLVM 14.0.3 (clang-1403.0.22.14.1)

END.
