000080705500600081120040009000400000001300090000002400010073968806024003000960024
002051000000000008108060430600020580504100307000480600840009006905670003276348010
030009000784006900009004650901000060408000095600951002802307006300060289160002704
400502600000000005000000700000093000300040206108005000700208000000900300609000082
908317504071425089002000000800000072006073008030804060080000035000008000010500006
502001004061070050748002000400005068080000000010800742800004309000080025004000000
000200000010070940000000020902187504070000000350026000020000000740090800001004200
000300060000501974005009000408610590300005000507004300030050000009240001000008000
100009000600000489048006500005003000067108040300072058520014090709000810480300005
096002530000000000000100080001928340053001892920053076034517968600000700510609400
040002705920030000700000000080109007004000159100347628038096570507083200060571083
603145290020000041150002030001509062006014900000263410000050609400926083060300700
608109230950020780020876519000701000100093420000040000780600002510930047200080000
090150780086000153100080200007902561001807000000061847028000070075000019319005000
608030009200600031013000604450060900930405160006900420000006500061500840009000000
003000100010090800000700930000005000000160070104000000071000480000071500000000700
005060908000514000000380000100056000000078000000401620000000000506000009720000564
600000040000500008000000000070402631000630000300005400290806050507004000000000900
000000030090070400200000001060438500438050627001700380010024005300500106500007243
092704003010080902080090000130020000000047310000036000000000500300000040000000029
050290003813450007097810006000004002130500000502970000001340000020080045045009081
003000069098007100051600000000721050700060403506000070065094700800000500320006980
570000100000023007120070004000000408080060703031085000000300800300000645000004020
400096300013074069600300047000030090000800400030020800000700000049060708007040106
060701500050090070017305029000903000000000000620007390000039012241078000396024057
000000907508200000097000000000002003002900000070005000820030000000029076030000000
000200085246085903008000004600000049090600001003700652070516090001000420000000510
504003700000870460087605000000002600000000800030100904943000000000000008020000000
062000319005010000000400807000070000037094060200560003708900000920600781004001930
000000000003004750709002006000000085980007000010000002000050000000103000500000401
930004000000010209006003007000000008810500302070081006300046025000950700000730004
378600000091540070000008100000410020000700080020903000004000000057009400139204000
060008095105006700704050203010000409070560000008000500650803941900005000030904000
000400090071602300004000526620000903405090207190700840009200008318907050040803009
710002008000000960609508400472980005060300040350007000890003004007060089200050710
060041897098063040045800060900086104603104709020050000004905608510000002000030015
000204000063590000704003090300980700000045132075130986230800009600050007009307060
530008000000070050907040000000000000040000000076100000000400620063000001051200900
074300602020010508580000040240073800000080000000124053912705380008201470000006020
500810070430250060000300290053162487012000039000000000000081900070904050000020018
050003090080000000700504086105000000008090070000051200500030900900105020000600510
006050039000030106039001052390000000528003000400020301083409670005382000000000203
800004970000018004426000008601009005507100000900080000204307061108090300003800090
001000409200900070904317000027060031100000600000153020000008040703620000002090080
421068700600573412700002600542816000060090024073200000897035061006000305000600800
000000800000402570607900020300040000000700000760095000006800700100000000000074300
023009040580071320040200905978004250060532800000798400010340002030925000000100600
308470009200000000000590060004050900020009000006140000470030080500806072081724503
000200000108057000000000756080572004000000009001086200319065000000010508000004010
102000000080900050007004912000003000800700600060200095610502400740000020000030060
381070250679500810425003000942805601100209000030000009794350008000400030200008047
000010408408000501001400009860930042050000000000000903004700305300040790700300204
940100003003090001020358000009020000230580000000040027000030000000809704000000002
008402000010703600026590007970020000802610000050037248384056090205079000100340562
006003085070612040904000001000070492000538017760900000810000000050001006602000000
000800001000070000900000060506000000000024070034750000600000409000040020409003000
093014000007900140481000069349580206000020030000400815010700000870362490006040007
000070300200300000000091000001003005095016432340900060950080206426000170718000593
436102080008060200000985063060000000000000040004000000850406030000010600040207005
090000000006047080070000620085702000100030002020010000918000076000470800060091003
000006301000002004120009008746200000500000000009674200600105030900000052000000806
005102630200360050060507002106000005300405001500001890052800300018700024930204086
026014000400050009850009100039070082260000745570060090390007850700000920005203400
048070000506081030937005840009002004001803000205014003700040008003007400600100007
007859000004003050050060007040070000189240003000980042025030790400000025000520000
400600000000004720206000005700060304000000500000200001010705000000000000029000050
200000903079002406080003510008705020000800005530100800796300248002600000050200600
102480700006921080000000000007500002204008090000000070403000009000004000085000000
000605030074281095000007280760310852140002000020070314400000500030508000000000103
000000027020900000840000590302095070500006213604100085437002060051000030900000000
023956714000700832001002950200000005608090200409070680104327508000000027000068109
100000594000040200050612000082304050700500000000000000000106780000409600061007040
000080500007205046095600703972456300010002050406810070709024801000108030100709020
002390704309014620001025000070000000108200900060083247800401570007060431403070809
280001004000904007004000600072090840043002916916003070038005009000300100020640730
842000000000000000050000190000000050000400700000030040380200500290100000075080020
870006004000024500009008000307100205961200083000000000050001000000600000090000000
040290000203000080050007329000461807078000046001908200080605000000000000004380000
000000400002681009000004068019730000008910500000840090903057000000000040000008000
002007000000150040000020000530002690806000400070008030000004006007000021059001000
030060020100000390000004000000810240010000050407000000600080400002600800001300069
300004005206000003500000640100926574075100209900050300731002056600010000800640137
008031400254080001003000000030006205641000739580000006000204070005100024406758013
004050008918060000000800000000004306001007000030000001500000760040270003600380019
052039674400010983098000501000300840003000006904007030030684007000923008840001092
009000000037105800200073005000000306900036500800701000002008030000300000000500040
000002300080100000603009007000000000000031070000790800036000725004000038000000000
003095060006030594049802000351000687004700015000500042190000003030051420002378109
360257400018000752002000300584001607093000500600000000006540831800600000040030970
320000006069028000170060080090684000680003000200000608006010000002040800047000500
630000078005000640100030200042000300070000005850000024020010000000060500000000730
000068200050007000004900500000010300500600410900000670070003006000000004080700050
504030000000740013003060050300006847080000062600804000900300078031007400000000301
039500812020090065600201070000065120006912704201000050800000046400108290000604500
004896000000500003002300008040000730091000684300008009003000000008000300060032800
007058310005034006010976028054369872208500000030000450009027000700010943000403007
000000000300000074004830950140000200020700093083000410000600000000000046000000300
001000820904780001007100000040000000500040780000000003020034006000000305005000000
200000000300800409000007080008070000020000000005200000509003240842000010003480075
930600005000050000521307604309060050200030000670025100053000408000013060000402530
000000005000860000000001004960080010070400000805030000107648003400000070002700408
900010060000090001100042089040209057002070400700000000001000090200950010070006000
000000030609007408000600105000000004000005001080200000902001000007000010510070060
000034006000701000000980000900420180204070500081003000008000070076000020003000091
002000006960004058500000004000020000000815000000007000000001042400000560605902700
816000003000049080934160005785204000601050002400006500508003914072090806009685200
500600400700240000492000000000904008000307000000020000810400020300090000000000060
700000900205000480040000006000602000060000008030048000009000050080250009020009000
520090000000500001000000000005100406000046000300050708002010000801000007003000080
000605000020000000000002149000150003003048591091000000002090000000061030600080000
000000702000000000860300590070500000406810000003009006000000025005000310000090640
000200000000309005007008030020800000030006000000000002071403000590600040400090007
500000009000003010020008060105000002209075000604000000800040000096000040740000250
050000009036000010040903508500001080000002000019306270003600042200039800085200930
510040723604702058200005060000070201360000500820590630000407002040320000032850000
030005060096070100150009723000000008000328000000000091000194380308000000000000070
000005701712009000004700069200050400001007008680000007040900030008006000063000082
000600000028000000000000000310086420000094000000017008070100280000073010000000307
080106320304000090090020000807600213900010000200008000509061030062034509400005162
240030790305000840090800013182390000400008309953000281000973060000400105800000000
010000840000540019000010000080009600000020500620780000000090000400300050063007090
003602009020005083100007040040560800087004005015798000001859000098073621004100008
100086005006000001003004067650009004000002000000050103000041070060035000941067058
300240070000690503070508214297060140608004700001029030000010067063405001120006058
900003000008000910070060000040000500580400060003800049000000820800910035030000001
002860709759200100000907002043600275075000010916570003501000604600005020327400590
500020000060004130800000620600480000408100000105670080006305000300007809200908540
129040380045008000800001475308060900400800020060090530003006004600019003000000800
300701058658000207007865004580204176070300902000007080800040065420000030060980000
000000000206850040005304006462000700100700402090000058904618000601070020000040081
010005300405030100002910040600000009007050260050000830890541720041000000000000000
000680000000070000300000806160000400040005002030007650510000000020000000793000008
410070000009000000000003400000000203008002000200000980004000009003400856000000700
004506720095070004000038000400300610109000000083001247700043000058617000340000170
700050164610007000908400270071093005090560741800004000200605010000002006040000000
300700000200030100410020683002000801100007000600410000030900005040002000520083490
050000000002904700080000000020000103806073425000000600000000000003012009200800360
908030000000905000003720005409603500031572400520090613805000261210807000004000057
004300000200080000870015090708103900501296008902074530300900400410502080080040025
870620004154000000630145870010008000087936205900250400008009020090312548300080700
000089004000001000614520098000030000200000401850017000100060920000000000905000000
000008056625003800080000000500481609060530080010000000341060000007300968896270403
600090040000000090009743012000300000000000009000200060008030000403000000172006000
000302000004000020092800070040000500000523004003000960700009000000701096009030018
400012000000479000010306947104528076028063000700190800605000104041680700030240560
100000600000007005060005090040080500000020783000060029400000000500300000000050340
005080002800720601230510000072030486000060700008290503013050000506040130000070805
290670010030000060006138259000040100180300694649001002710003920300000741062400305
000000006004002008526180094080000600001090025000000001007600002812000563600801900
020790486907000030408350000100500000000000008000003000000000000000000020000139000
406100800001000003002604500000000982005029040000407351007306000100000600603000004
047006080000470003603000097000005870780913600560847000109362540036080710000091026
900036100520070006800002700150000200380105079790008400670003941019087020230490007
004000000200349706007010030002007000000680000018504007100050000080060043000000010
007000000000739810010046000039100047050000908000903050000000070904010000000097000
350000100000028500802073040005067800000350907090800050648031700570400001123705006
003200000008530700020006153096000507000062000001370096000600810060158302805723004
063009000475080092100040060004892700028070000050460920200051040009000200007028009
700000000425708000031002009200000130317260080000300020000006492060900710040187050
001438006030900000009000430096007000008003000000800690050280300182304000000009200
350907201021000000094010000030724000000600009100000000980002050040005090510879006
000000200003004070900300400007046090108003005000800000060000009709205010000000500
060500000000706085508120097016030502004960700800005109085002000007000016020300800
000000602090204005000537000300802050000005910607001408080450037000000560405000280
005300100000261000021005809100000008000010000004080090400037000009000000000000000
060043508500069007340010960800002001750008234234007000000004009009306470400900623
007600000000200300000095072024906000900000000705800000000010003080500700401028960
001580040000004600074060005000090407000040130700000900450107000000900004006000070
560000970231907005079800130120004000043700000050010040700000000000008006015000000
000600754054080090090700100873091460405830009000456800307008000020374081980500047
308200106000300000000060000800710563500800041000500800603972410001000020002000608
060007053000910002000300010080000020050620837010000000000500200000002000100000060
304006100100304060026000005002010600600080090000005008070000000260070504040000000
005010000036597820812030000000386094049070030000905007060750000020400105100000006
895024600307008041021700080608010700070006104904070008786005300540000070030000459
000697300030850960090200080000000000000465200000000040506912430002340706008000000
080050000000900300090800501039500014001300680008001000100204030060000000004080000
000007200210059003740610058001000000004000000000408001000000500130000000000000000
804700000750069082000040000217006090500004000948000000600420500470003000030090047
380210060009705403760004902802107306003000700157640008001500000008071000000000109
702005000105006907000900000051600000007000080068000000073000800000050000500000090
000100004000006000001900080590000000000000065300095000000069000060300000020041009
532090000106300900000000053200000408004102300000800721320004076008003000490000132
000830407098405200050000090087104000900050040040000780009003670470900508000600000
070000090391060500002901674230007000400020167060500200010000800003090040045200000
000000062190000704000057000050000900003070410401009000004008627672100093800006041
947000200580000000103050009000000050008020090000609810030040006600080004000060008
000070081097008356810630020608750200000021063042080597400013670050090008081500002
480900726020450000000000085800000219000001060000000304043000000600000003000130000
600259137000001000001008900705100620000000000010006000060500000004000715107304290
000000031000000200103002050006940000001087004400103008000271000000030027010000000
340008796060305012108007534092536081004002600006000000600003120480270900270050300
400000003003000000700300600000000300034090005100400000200603701000800006000100500
000402800007010000000000009040000500006200348502803070001000003023087000000000000
490700200800000600300900000001090000007410958080070004003000872700631490000080316
000005070719080060600900380040050210500010430120000056000000005063000000000008640
060003074810420000000065130000001400000790010000302900134279586000658300008104090
579010206400080579206000010000820600308050900657149008005007002000030865102000794
106030000057000030320000004005804200000062003610005000260000147500740306070000050
000500090000070130007000050243000719000000065600190000700000080401020006030765900
920013705000050690400020001000902017173060920000000400600200000040000000800140500
009006000461000820053000001000260350530080000012003900040007008008600790000012030
060250003100060200007030046008542010002000000000098500910405730000000001023006000
576108934090050000008004756400000081000540000000300049002400695043000002905000000
604070302300600850070301009000000005000900001006000000000509100009130000030000000
000003000800000009040000000070060080000000000500100090090085000320704856080000000
000506401000000800001000065650020379379065000218007600083000040542008706796200080
023705000460032090700000002090508000034210578500603010300000854800360007002850360
400028050000034080800900640080050010000209700000341208010890000300012870708563400
000004263504063108003090070850007000020000850306000400032681900000000702000032600
104090068506400000003008147000000600350860009610009325040903256039000800000184003
000000000437850000000700500002000000091000835050000000200000106000920040000500000
000004506400006013600010094000000000004000300003401000009805100701000035030040002
348000100001000207000059840000700900010000720000004000100000600804602570030000008
000010670180060004607400028200009046000650283004000000000001000070503012020046000
004205007000081209002600400700020596021000370065300080000050960009010000250000001
065200000004000000908070000003009007009000000000500009000956002000040000096002400
100059003306140500000000400003001004700408005000003000017200009030000000000930000
209006007605703090008090000006000020053000009482900000804200000000675803560048902
093582000002076004000003800900800210001064050005020000348057000609340572057600403
003006805690802070200000900856320090010568000002000580560280000100695230328740609
920100000001487906004609000000000090408056070100004000340908005010703800800500000
307000901000000000006100004030000200004000170000310000400952010000700306070604029
004200050000400001012060040100300070650000092007001030000074200000000010000105060
001200000390000020000953000038420769142097008060300142004060003210700800900500200
030050008087016950049007610000098070900000465000004090000635209365000000000000036
400008050300000180080305600090153042007000031130004006024706010709831000800002007
213496085006075003080023000009687102000002400002309060300000000600000000570034098
000004003200185400047206518004060000310000074090702030400600050600007302000000000
006040053208053000003010048370695020090821070800070095007000432080002507402060000
900350006000002809000008135036904000040580001000000092490175000700200900000800010
436701082001009043820036105000900000000005210640002008090000000210000006000010000
000900046000800090905406003000008010700100024000050608081090067007300900500007831
003002006000000009900040387078009063360500004090310870806205941250194000100003052
006000000900000000000506300625038019194060800300000000060000201000080903430050006
000807206758000340009003080000079400006000000401008067080001504000780100000340008
094703000285090007007000000000079062973000080600040090000000158010900200720800040
000001325000000100010200000020500070000080260000002003073006010201047600900120000
047280000360040080005061709002003910003609000600070058530094007728030401004728600
971000026062900400030062010103050279007003060000297134009704300014005090305000701
072400089000007010004083000000030070391002450700604031400591803005328047000000090
630000090000005000417000536560040100001000040000001905370180200000900000000306401
000910340900000060000076020408600010015080900600050830702000603004368090086709400
040097562506000000000005380080000006000300071410000200032070195109006840800951603
060008400020300000704000000400700005006040007003080009000005000080000701300100020
045000100869100754100750000906000008500001230003540060300400612408610370621305400
020000400060001087789000001000570308800406750050938000030004000400700000508000004
680030071003010809021006503342000695178000430965403008230000900000945307000300080
069053000000100060000009308000500420000000100030000896317200000005300040246005013
607000940095061002380500000000602503806095000000010006009000300000000000508074020
800090000020041070000708000040300690000900000000010035000020004405003010900000703
000197020320058190000020650002005409700410030019030700500970040970000500000583070
901006004800390000000080001400900000002500000650040000760400025040020600005000009
020608003030200000000000070000000700390000160080030000072500001800700005400100007
000600000800327046406009720000896072012050690908270054609710200300000010100502409
860020503004300609703900014905610730070500006410073000600102907000005000007800000
000600007850000020060000000400860030000004800006900241000020000670005010538000000
250000040014020306300001280007000100000708620090300508800090460905003010406000902
080000360500000120002500879004000090000020640100060750200600000753090000040053082
000005070002470000700000000400807000200006008008020600307000006001004930800009200
000008000006700000080563700000006070000070002000000050200039045003000207050200000
908410500471002090005086047004030060200695000600048020000124650536070010140063700
000060700800100002000000000005700039000050007070980506702030000000000270001020090
501600008067289000020000760006090000000506230930814600000005070005703090000948000
065090201302040090900030500536400129740021003091000074170063405050709300603004000
000000236000030008630000001006020007701046820000700000000000000000500004400007000
016027009000605204000980100000000000032800700058004392207368015060501000040092000
680000009100000000004201500500000920200070340003000850040020600001009084050700100
901203480000619000305780916007001000002078063106005879700530200050842000080000035
600701300401000800000068000005000080800600004000080000000000000006090200502000403
002078003867000042003000000059042706004100000710593200001250408920000000400016025
900040500000005000000720004300900008000003200000000050000200045100400009050000120
900020306376000500020300000060000000419005000000410005602090000000602807000154000
006250074007000950200478000000007600364905700800000509020604035013092406000000090
000020000510008000000510000036000000952000000040730000004003000100070000203100407
000950861000000000000000000000000000700000006001007005000508030005000749230000508
008002000000008000900000007000004050500120470760580000030691704000030060000000500
069275004314689200020034000076342001081706300000890700040903060090000000008420903
800000705057800034000000000700100000005000403980000000000000050073002049000000061
000002500000000000300005040802040300009000054000000100000000600540706030900008005
100000000409600075038057009000000050000009300001000090060000502502000010807504000
083010620604853109000000080040001006706000030830070045007602058062040000408100000
039480070007000640060000395000000020000070030702090560240030006095820710301500002
709000100002075000000000000075328000083100700000007800060810900500736010020000000
120000090807300102309162000014000900000003000000040700270000406060010080000430007
700890146014000008800010300906127000008900001100008469000071830071083600000500000
008256001000009803000830000006020000030000902200040050000060040001000007000000100
070085300002060070960001000000652000300804600200793000800920037020107000030500900
070046020800100405060000000407360000000405000306001000200004000005009047700053802
090054328470030000803000500034100007056302800008500430082695703007820065009000080
000080197709500000820170030504028000007000000090010005970031800000002413301060000
000008410071020900050040063800005070000000839020003054004000090002100000000004320
000402108108000200000081000083527461000800700750010980010300000500000837000200009
800000009900806705000903008300007040070000010049080070000029004403105297700438601
326780405000950000049630078004000310000100800001090000160000902078500030200000700
403029070050000000000000300200408630000903027000710000000040000000870050034000000
100007000000000000980000700000000000000300000060070030070980010098006470610750090
003907008200010009097800300310000002756200830400030075001405080030001000900080007
980000004360042000724908300070509100006103400000407096200090003050000000800600207
520900401708301026401050790040509003809710642170060000000690300007020900965030010
040100600050609803007000000906000570408007000000000408700308000210000309009001705
100030246060050000070240100006589000508370061307060509800000600042010090600800004
209010400000005260000000108010004020006090800003080040000060000072100580090000600
900500007583070000000060508007106080156020470000490100000000003000000090700000800
029561080000073490070904006900630000036700901000009000251300000704002030603007005
650700000000056070010008006129030700006000000430070201360000800081000057705080643
006020708000000600300005409005000800010800003000500060000084100570000300040100000
400951000000000000090000060001000040900047000064500908002095004500000001000000093
000090068029008005106340002070900600908603400005027081091036004860070010547010030
760480010019030000428000063090003080007000030035270004000015006076004300001000042
000270460000000005460950107904082631001009270008300900500097012700103000002400009
008019360900050000630080701086047000710590020050000000800000057002070003500630412
050000700060738501800504609906000015125869407040251090030100000090086070004925300
000050013060842700075613040742500138009000007003020506408000900090384000500061004
000090020040015006200760080000000000000500130010480050000032060004000013123600000
700000050150007094000601003320504008005070000008020400040700002000000007060030940
064003500097040001320075000010080043078002010200050670000567000050804139002390050
190874630005000080480306100708030209200100003540602008074560821000700050050018004
100000000000200600000000000000400306605700482000350700782000000406003020010000064
690705040410900035070108060507000300861009400200050080020000000000004000000210000
060800000100760809090000706648000002327040910900000600206000037010500260070286400
007109426310000050600080910060800037730090080400001209070016000248703001196400300
200010500006050208049020000401900000000032461300000000003000050800063000900080000
090800030078503040310000708000040007009700021060100480000080000780001200050000004
000000000080045003237000400800024900542397000309000200000002070090050042023789561
005000003000300650308065700940810360506940108810000000000704012290000040000090806
000000000968054000020080405002003000594007006030509700603090027009000063000600009
096703840070040659008950020000395070035072006080010593600200000009000060807501930
500001826100026090080795300000009600060572139900604000790063050300000000805010403
760000000405098010090001003020006834840100007000043002000002000602307900357084001
020000900006400300031006000354900000908007000000050198502043009000609752600500400
000002345000000000020305000000000000019023008405090003000007000003580000001000000
900060750000400000000700400000203507709040030000000104007954680008000945004600000
019040500000000093800301000000100000000000000140206085002050700001020309000017000
000008040500001006689000010002009001490000200000000004000080060920746050764315809
312050490940132000580000030034071008690020501050060024420703005060040003000685000
290050100000060902010070050640017205000090086020000017050641009164700528000500600
060000000030000970507040600080030000003000897120090034040080050000000006000024089
002810000006000908081700005004000090803607000700205000030980070008470053040000009
003086027020503480480000010000000834075004260800000105791050642602000008008040001
000000000000004260000036090500000089026008504080000726630000070402080000051407630
003000900000030000600050237482160790050790000009000165500319800827540309301072000
140000000000004095000000010000067030302040750006300980280095060037008000450600000
890205003600049020000000480008000007000300004002060000009402070005006008700108040
830000604420000010709000008260000401357490860194060700683170009501200300040086105
010096007078000600000048300001030000000081030305907180700002900009000008002059400
000030582460050179805010000580700900170400658309005200210009400037040801654102000
000403002082560007000000000710095460643001000000630070070000004000307000025006001
000020050480000000000016200300709000000100432006200090200400010040001800009000300
914008300200901060687000104870090410100800509050104002000009648501000203008732950
408070000000031084100080072000150000000060008000000000084000000672305000001000000
620900710000604080050300200000086000009000805006719002000030008007060000800195004
000000000060400702800057009400005307050090846000008020000300200603800000000070460
015678000000301806087900150030000900068049300704000000050090030003105700009032560
000000503040093006000000040009000000730000000800030900450000000000071050070000609
003420000000800000000070000010060000000015800008030501140000008059080000080000060
060000001850100000100036250000003000000000805000087009006000000005304000000200000
020509000000081040068000390534800027689702400000000000700020580042058000000007004
302000005009000326751020000000080100100000003930000260820905671504000002000208500
000920370003000082080357164605009037800003000732060000107000023008010600040032700
190027634643500002008340000009203041000415000514000306000000900980700065056000000
230004090000350000006001000050020040000000005790013806000230004023400001008170000
070300409800504000050000802004065010590187024700000500900000000205009000083452000
000390180603000245871004300080740006005981020040060900016007050028435090534600070
000000000009030021200985073001800000008074000003100005000000000140090030000060000
540010000008620000000050007761003400085000020030508016010762095359081000007935840
060000057500000000102000086020000003040000100908172500000000700007000900000040000
000030000080000094001005030000200410000914850190000002003000070060009305000040000
700000000089700002053000600500803040000501008830009000100007000028000053300080001
000000354300200000090005160704052698000009043000000500401000900073500206200790015
000400009000060834308027000721604900000000450004300170070503200900006040450800617
201340790800060500976510000000000009700005402500003008400800010107000060080070045
203160094004200600168900500090006000000305086820007030509032071632780059780040060
000000000500300200002506938004761800950043000000005023000000000490010580600007000
001000300579230010328600007605970240000000030090024000050000004000007020000000100
080540000000001500000920001008060302000300008002090100010039806200000400870400230
081060002090342150403058069004000600035001007800007020002805010300900004060004835
400075100095061000631000007040000200000400070000610000907506000210007050306124709
070000054030400980045709160700000000000000000001020000500000000000005009800000502
060000500300400100780300000800057000950000400003004090000200000030000000100000903
030100000970000240140900008050312900469700020000406800000030092094078315010200006
400090003050083700008200000800600009760000040035410200000000690006030400100962380
205041693480300527900025108004039006000000030019070085040907850690000310000003000
827003000300150072050700300000200400002904153400530706200070004008300260543602000
900008132030095000000000009703500094490076501125040007800230900000004000300951608
040513608206000000050060000720901003635200400190350000060024900400005386509638047
904205000000300008805706340200670413300509600700001002000900020080040905000800174
405060070000000000087000000700100006600007000508006000070500040050600700000090010
000903060000000450786000329060800000001002673029076000073081000504000086618549030
054290006000043009009860004035724098908056740000080305803005920290008000047902080
029000060100200485058060092010059000800026000930478600063005708781602009500010200
530008094429030600060900310395816042018000000200500080080309501040601027050207009
000400010490518203500200469600180704100734005703000100900807046002046001000951800
009180045435209010086400709603520090010043050020910400000052901000860502002701000
000000406000000000200000300001000920070900160409000000000038200800200000002041008
000000500040600730090030000083401009000300004000976000400020000018064000000010405
096387150010900000837000060000000015700201890500000037054610080000000001002000543
100000960507904082040000000205090000461000390000010058000009600000000009000621835
189006240560032891024010000408000000056003000702840560241080030890000010070020058
500000200804003070092700008100070000450060900206090050010000009040209317020100006
100609324806340750400705690000008040082504007340900000030807000078406135060100079
006109028159830000002706500300428605020000003560301284905010840600005002000080750
900600820070003401000900060456700100000809506000456070300000257500390000000027938
070000081103600904059081672620749000000000026010000700530068000702435060000207030
000000400000005000006000200000000006000000900607000020005060032203010600460002050
509030100362140800400809020708006002231408060906321487004780006000000750070060001
000000009008120000000067004029000481367800000004000703873400090695030040000000000
070650201108000000605000700900001078007000000002073049096010830450030000000009514
000030010060190000000052300000920050000080000650000004000260080020000400001049005
907048000004000907300009800000096000570400600020000000036000400000000006000360000
000094000000008004403072000000007200052060030030201000380740000000000000000000000
000600000030409050000100380047000020000800007200004190603040010450210060082000540
280607040670049258004200007903821760810000030740030800068403002000180000037002180
000000309002405000000239645093002704256104038400390560007001200089503470300700090
003072148010006057725000039600700300030060070040000006000057800482030065506000913
000000019000724300000905007901370005732000004000491003367000942010009730009007050
020145000000900200908007415201480060400673001670001000000030100800000000000000386
000000003080720050000406081060200000500004000200007000000075100000300005005008090
970800006005070001000500090300000054090000600500600089000900400089000000054000900
540800090020000180608900400804060000300000009000073000000000001100090300400000902
700500402010000073800709601400072000050481297902003108300045829140000006200060000
000000000000000840040010000000068004000000003010300009050200400408035960000007300
003800001120503068809020000230000006670035000408671530750080000006750003384010200
140308762762000853853207049000005000028704531030800000300000006906003080200609004
000000000000300010003006208100000940900000000735000080050900000369120807000000360
009000024004007631001028009300890000008710340510043200000501480005384970000070005
080910600526730000000062007000107096690020800100049250830000000000053710007206038
000210000693405000821000754000002507070180003236700001059800216160500070700020005
093510472158700690402000008080051030000070980030096521005030809010005060000009005
080070402200801703300940580002010350650720140800500209516300000000160930039004010
038020740912000583004003000620074158000090370007000092096837205800210400051060000
480609007950020000307104506132000000000031068008507010009010000000000009504000080
710043200000000610002001039090208006000009380280000000000000041040090005000070003
000400030190800000508000491810056020003704908407900056380507000760209100000180500
000308090008100007219000000005030100080010006000605020040060000003001000000007005
002001785010587900570329000760058200005132047020040850000070502840090010209610000
020530070476002500385640000000050206500000039602003000854006300200480100001300408
010208070003060000008703000200306104050829030030004080800631502002000000060052890
459600800270500006000780900790010200000900153500820009007050000015063004000000501
300000025528000000000085093980406000600152080215800706000500004436020000050304071
009020000002614007400000500023150049000900732094007050050001000000502104108060270
072800395080000600009762148501003064000000002700080009008005000205640080000098053
000000000020007008308620079000500600000000000000700000604000080000400791071000500
000016000100300240009205000000900000001030020000620000900400100002000000500002790
500900000078005039100000500080003091001204300000190000600359807900010020017420050
400002938070003000800010726301507090080340605060200003100020040034006200008900560
760204500001000940020000000010000000600020070007400251000713800896542130173080020
020400000060001008800070200670082050000000000005006002906000000380060107702800509
093000251007000090100309006400100009900000000001000000004006010760920000009000560
470900800001007000000000040100700095000000000900010000003400000000209053000300080
804000300730024009600000000356000000100350027000008506403980600902500000500400890
270160054001050070000070000500007002003216008602005000930000000127604035480000107
005046000006000509180390020050080000000730000000520008000900846092000010000000200
000005030000000020000349160090800050050037000680020000900403506006790000840056002
009040200040720009800050030400672000090014706270090000102060300705030010030080000
041002005000000002006005400805000024400050000900104000070001596009000000020590000
030008560105040780987010034000100000874065123021007000590620000000304895043050000
000030610000608007108900200000000000030000486800000002000000704080700003000000820
010200300290000060004006000062000000970000100000102000009700005000450000000000700
932000000050040032008239100300070080080600070579104320003008004060000815810002003
280000400500230601067594032600410008001850020095000010900000207300702100720001583
008600053000800006000001000200080560080705000000032000005000000010006005000500000
000307000000946800496000350008010500000400003100500468860130700900080105310700682
409062810000007504701000002076040253025070489000000000000090040897435026034006000
052041060001000008070080000509000040000050003310670090085060000097010000003000000
000070000040305082500080604300802400280000391075100200053021006100008000860000029
000080060043010000100270038000950000030000900007000000000000000000802043900000006
000640005007003004000009230070000000900006070300007020650000342003000900789000156
670051300004803020008260105400700502000000670860025034000014003380070001009030000
000004081704030000030906500549080600300001005060540073000000100600000000000003920
070900023690000000000050910000000069010060000000000000000040001004600000007302040
006000082048007000010000060080000075507800020460005800600050010020700000000200740
006000004007060000200000109080700000002004910001003050000048000050000042000090630
920000410003000009000000300000013094000000007090000000140000030006000901508000600
010000000478900000200000070000100020907605001001000006003090000000050103000000790
200007005300001040009635020001000560000080090900000004104006000500009006060208000
206300510090060030307109600600790001008040000039581002901805040000030197400917085
006000089100902546280000030000800050000050010950000028095000070000090001460000000
000473169037900058910050300000000930603518400740039000200340090050080000300090780
020876000780010003190000080907000004050380060004090001000059010012000509570102648
572609010000005060906103700015020004060500007720300158630750042000000380094830070
067010004000080720840006000503070000004000300000001000070030000050000009002000000
030080607067000050010609000300750269609000005005090800003007000791000000240530900
050000400000000002749000300015738604800609005060002080406800900001973200090060850
030900210812030009000000630003080100001490002000000094100000007340000860009100003
000000002070000900090800600000000000040002500020010000006090040407003009500070300
100756000076294008000010000098000020600048070300560080730629010200480050040000296
007050010460907000000460200890130400000000300036740000500683002010570006680000090
000000204900500000870900301000600029290350000001000405060008000000039006000065000
502000481006480050810000000059020000000945307073000905007006000005700036300510790
654890700010073600002400900006910070100008560000000004005000830800007016401089250
000007409600030100903001780706400000100000004009000000000000000200000973000079002
009000003300609004000000090020090000100006000000000031061208370000907605030560000
050010000900000050382006900003060709510090000009038010000900007007000000190000400
050060040100800600060001000600000405000005000000006000005000970020703050000000200
200610000100705004800020610091060400000470931742930500400890007980200000500040096
010080000000000783073000000000008000000000097001000030000516908700003015060009000
140000020803000700295107000000000800450000000600900005089504070020700908716300050
090020004182040000600700102203090008510000009479081200951000347020004900040015820
003002800000000006000030400080000000000000080006208000000000900010027063060401008
083040069020000170010602003030000900005000000000000010000000701458010002900020500
000090004060040000014750369930274506500000000000865900708000000000000048002007050
005067049000004000000000072503080700970305821001079400007050268000790014004000930
830007420900030105510002008080700912000000006000000530105400080078100090069370201
000009010470030009005400000006000005900001083008000000500000000000000126162000500
080467000040000108023009070267300001800000700410672503302500460108040200694003800
009007060006300001187006000008090200050000000700000040000600003000002000000900720
970002068024000009006900040000130074003070526407005801008090003000050187000000400
000800000648057129700000060007035000502619040006004000100000000000460087875900016
862709050704105062003806700000360089009000010000008405000504630500680000038070541
890700506007006908600498170008009761000671385000830400060080214380100600020007800
000080000005100006000000007000845000100003805008001000014009052030700018007010000
005009802800004036903028407192085060340090070080000120700000200039010000600000781
060000002500300070000470059007500000000004098001000000000007000800005000050000607
060907030410602079097000026080400005049500000000000300670098002024765003908014057
060000000820970000090000240000050000000006800000000060047000006000008400050407010
000079800009600200000003000068000000010040000347060000706050320801000000000000081
000006070009000460030100005008000000000470000040900600000050020260710090000030047
006008310301206480070001205027009003040000072105620090000980001012764930083000000
900501000701800040086002750003080000009047500000050000200315000100000000600000100
000900000000007040307000050500200010070010008010568070600005000030080790000002000
000860000020000000600007000008000090000940030401350002200710003109003256803000070
289050600000000035500076000900500070670290800008000009060900200000102560800000000
001082970520030461970416008002170046806000007197800050200000000735601004000008735
208370150603900008059802600000720365820000010000400827000005000490687031500294086
602500030900006700780000020200005309071093246308000500030020165000001003000000000
090417050052900040740020600000801570004702036070096400507030800068005009000080015
500070092000000007600000000007208036000361900060700005000080000000000200280000760
000000549000000070059003002000084300530016900894307200300000790970030408000705000
060207800000009070725000000090728340013060200070004009300006005009073004600092738
046000905985401237230000100809700000400023009000608470093080720618000590720930000
040003062105000070086070050000816004060400500400395618600780000090031087008549030
028960000916005020354702010040178500560000000107500000400823670071409030802010005
903000500082360140047285000310857200008092000096400008070908001800100405030500009
000040000090000000000070400070010065053987100240600807400501903016700240030408601
000000000000680000058900007800006003093012400400739020040107580002000009000028000
009000000500020300008010020205000003006000295103005780901062000007900860060030950
000000050000503000000402800502000300080900270103000604020607030760010020000209460
700000205000062780000007410050230100830701654007400802000879500501623900908000020
000004030000600000036000004080047006740006905001980347008400000050000000070800450
000002007006300020000060843002000030000003090350009000000190000840000060000000002
000706000200080030000050600620000750000000020000260009000600590000072001000900000
200480603060000080008070000074139025000007930000520006820000000000000000700000210
900500003108079050640830927007000501200015000003700040050903702726000390080027400
010003046000400720060010095070100408001004207085002013100040082600791000500826009
020030000500000904000070000652010097097200013010708600000000061301007000285060040
013000090607950103080000000090082070000716000060049230100000080000003712800020006
700058000000004206940206158000082040820040060400703080008405030004000820006807010
800400060000892005015600209900000832567328091002910050000700000008040500004000000
005306002820509006060002400082004100100208090040600008000000600950003000600020900
020004509900020000060050200305000964000400000006000827009500400048600010000240306
400019026700000390091000050960070510080000003504900080070020000000003070035607042
000004013003000000007310900050000004100800009600431200006105790702603580000290306
301709050000130792007005043402806000960001004000040060000003400024000000000010080
000000000907040015000009320060000000000387000000004590109038250800060100000000000
000000548048007000036408000460095371005000000370002005000103800804079603600000009
900871000070000090630000000005000000090510000807304001080600002300000600040020058
450000010090030400003020800027000008030005060900300020001000000000700005645000070
500946231004030580010005600000007000000009008030000004020010000000004000000608002
060010800002476390000258600006040080910605704000001062020034058301509006090062410
004370091010000070087201000005130609690004100103629004050010402006000003930462000
090000060002800000008000000200680000800041000009020008900004500040000000600190000
000065904019800000006000007971083000058020179002019800000600402000900000000001508
005030796900805000400000180080000000000200400600000820160050000004000008000000019
203001900000600003006302105000050402402000709000000031590000000017490020020000090
805070400290001030600209510000005000072904600150027809401000000009400065060000000
030001780000000000610000030397100000145002090000379000000030001453010000200080450
004070000001008045300060002009000400000009800000042000000006274000020000040003560
000015900908000000001904603300000825000000300005340100480790000516000030739060480
070502086846930000001000700107628004000005000600009500009200040260080100008791025
000000083380520090097830602000700040903080070001000008610079824009200010400060900
720100000310050020000000300083000000040000000250830600000025800001000092002008030
000347000000589400430000090000000000940003200710020904000030609001068007000704000
000500000000000041000090723000850060960000050000000072000000017600407000010080200
060007004090342060432600705925100006608200013010708020003070900000800050006400381
507010086401628003060005040600003092310280000920706030000437908040891000100562300
000090730080007064500601209000000008000080900000000000008500642246008000100020000
007530084000000003005000700000000000400009130000600807704000000060000900010000400
000065213060001940031974850507080400003500060000420009009318704740609300000002605
000000094080000000000051300000000506400675000700002940000010000020000805108200000
000100700105302004000090005007419000538207009000000000000023470000001000000040591
000000010060180020030000000652300000001000037000000200803041600726039050004000000
903000054206005030005000100090200000000467980007900210104000300009000001030610000
600300001000700090000900030000407100270009500100850200000200700002000950700098020
032710000147005093800290714400800930000930000360102007080009070004570308710068029
086050000370406200250009486005107908940600107000900025862010094003000002794062010
000090010000532090000004200008603970360409080040281056004020009030905000590040803
800943000000002400490060002000100900004350018708200500009000167100809045000617080
031090750805061000002080010500010902100000045290850001008006000059178260320049107
000902807092008034700301000310094000000060000685130020106023950859000300200589000
030100000004000005560400032002500070000010000900073200000000004400007021000004007
003064019680051030000070040005300064040025800000400200060002407070619300350000006
070000040200030000000070900900000700800000306000800004000000000386000400700504030
000000309803000000000000600000074201000350070064090003000010930000039008309065000
007005020920060081180023000200000058000000002804000076506008090300790000702006013
004100600005000000000002105401000070506090040000310006900081000000700003002409018
000500000008000000300020004004050060700800300500670080000000008805000900049005021
800009746095700000007080000003006080200050007060420000000107000001040050006000000
050028006200060000600900400000890100001007029000000573000200040090084000800710295
600000001000000600700390020006000840007600200005040010000050100408001000000000050
030000000090000306700004000000068030314050080800013002000006210000301000023075008
009870000000095800080000495060089100900037600000640580800000000006050010005900063
000001008030002600001080020003745062000800054000000031020000073000000080608000290
608000009971208000005000286700803590059070830003009160000957601507600000102004000
000090080400107090090200700014060900023408067067300004040000600100000049630040000
201090037407060000598037060029050700000006009040100853070010304015380672300072005
800000000009500000367000400003050000001008307000000100780302000000000000410070090
950100720108000000002005000490801207203060800805230400589302604600500000000004000
703502001048003060002008007009000002000004000000870050000407009905601784080900020
000300005000000047950060230000740306060090000714006952090000000608053010235179800
041000697508000140000120005820060000100480300003000008000208000000000000960041280
000061900000409000000000100500308000003000000070900004900704000307010000020095400
040082000307416080258073416104650200000207000000001008470005029006020030000004160
000000500000572000000000800000056070010003065506040900005000000034020001068710000
060870905059061080000000006094010803000004270712538460000905010006320500080006702
253080070609002004100070050802007006740095830090200701060004900000000300007063008
324000600005000003900423000000300000750060040000057062607200835002030006500716004
908500017713080004400000060000296000004001006609300080001400073000908000246703000
100340259590100007000029010000600001009001020008270065740900086003000074060004090
040700100009080700002000400000040900090308050005906000200800540000504000050000009
401060200809000000736200500000006009945031800600009700200000080507680002300002000
000000500078060400030057600300400058700018002180600009000004010251096070840005030
106203004000000096870090350500007000768120500901300000480016209009004610610002085
905007000100009704700361920009078000340000807007010260003106500590730010612980400
005901000000007060007000000000502100090003006003080090370609010600000000000370050
004230000000465300000001000890006003000008016001523000000800002010650009256009000
100000780000013940900078000000007014500000200070400000850030021067002000000005007
000023080340078000000000030020704590950000700003580210000005020009310074231800659
060000000080000054000000067070300000000290870005070600519800426000000708000020000
000100309907000860086000020000000000000009000090000106800306004000000008070002093
053009260900000000200050908000086042009200100000031000871090005000000000020170000
850000700030004000700000900003040090600003480400000070000000000200159040000028500
040500209073000061908000005405709000200435807009260050012004073054000000397812006
009000800000180000000920670000000000030040500006800300000490008805302000000000002
047000006000006010000047008903000001060970000280460003002050070054709300710002500
200000000007080209040001600560010000089200000720000008012006900070000001050030060
098065704043190000065003109304800000576300090029070301030000000002600000000002603
070400900000060003341000000205087304093050807008000560004000031600370009107009200
040000089027000504890600012000900000006017000000080000000000050000500000000000906
000007480307080050600001700700420501000000000000700000003046008000810000810070049
000300140146009000230400000000041750050632400000508000500103900900057600610090500
350000006000200000002900710900007503706500090200409670008000009000005000500800002
041800900002630017090014028000060100000400005536000200080050003205300000000000000
010470030009300000005060040003721900980000070200800000006010008000200100000040026
058629000740080020000704583917400000003560079000001004070003050130800002000207040
000730160081490037305861090000280040003000002009543001030007800067000003000000056
000041920000703000010905000506030210002000008000000600003000000020500004900304080
073020596000060000050007400000500000060000000005730108030200007080000004096003800
354629000871000609296100000008000000040250001560090070425068003100040068680000042
057001003368740000009800000600008070004200390102060480800104020040000030026003007
203167805000000302040030010801500920620010000050096078060000009000050261000021084
308090005500700000060000800700200940109000000003010007000020000000006100006001000
000000179090080060000100300000062000000071904000000800500730400900008000024010000
006010009310000006200654310001040035040506800005020900190007003503001764000380000
080090000100034860003000000000053470005070280000080000800925000001640905000000608
000000030003040000000500406000301008804009003000004092000430000000000000086007304
000204000675308001000000830031040090006000008759000004007800103000400672300000900
031090000000070090002004300000400000000010020000000010400900008008045100000800507
950730000026000317030600000000000620000840030309000458095310842400000103610084900
000000106006200390090010582000000210000005000007000000003006005000000703005004800
000309605500000030907065400703026004408137290090580000805410902209600000000002560
064190025000000009003050480000719540005000000000020000071000803600008157008571000
074230601500160700060400300090354820400600000280701043600040000028006070000003009
870163090952784000000090480401030020207001000305007106130250004700010802000406010
000430920010200000000000040000120700809605002001907060900700450040300876007000030
710002050003958017059007302008000204400800730137290060000409070075003080900070003
281930000000000020000208300425000730000306000007000000000003074000001080009004000
080900054000000068047000139004010905030009420000624000405000307070200681010003002
006002100009080050000000080000000700000008000003007060038000610000000005920000408
700200005000000010810506090000003020000000907604000108000107080000950071300000000
930000701002708003718030624000091236090000800200870009080150300020406000107300008
000037895170800620000000173000900041201700900000004000000020007000471309407398000
009720000700005090680009000090010200000206800006093070004000503030000000000000007
080907040000000700020003150070000060004000000605000420000000635040006000300000000
006090087008600250000000060003407006700000000100050000000030814840900573530100002
081030000000020070020000600000010000809053000000900005003270000190000007500891360
043001000186000003570349186030964001000507000000028705008793004000000300307016258
080120354350768200200405000700010400000900700429573100042007000070091502000054003
020030000040000000063400005310008000900020060000500003030006004090302006680074002
003005000000000000705090000031000492807000600029360000004000300006000549308050200
000076000002400100000913000430009002000004009067500300000601087106820400020340900
020095000010000000000000308080000103705010080301000007006009400070203000090100032
000300000000809402000000010090070000410000000000000036080720301025004009030900250
093026040405910000000000009750304080860572090030000275047069802508437000009050030
900007600070460029400002073000529000000600001607004200010005000009030012060240000
806000052000000007090005360470000000080040005020801700040500020160000500057010000
802000060040630200060780509050168920018079050029040806500000002080024035094006701
100603009800042010000007086070000002508004000000091000000000000006020578010005004
300010900086420000000730816000080090040297050002050081030001008020000005610042079
507000009938150400046000070800004036003500200704063000409830720170649053005700600
700002000060389057000574200600201000000000006500400120910005672070000500085026000
008603700000457298000002006030004825070000600805006071000009000902000080040700900
000047000070000800530090147000700389050009200003014000080021006064008900210400000
701080000060504301050010000800400000200060085100050000000000069300090000000805000
680040092000590007050007100000401900000020071040930600000704010804009200130250000
457000003000081000130504090500200000000000000080095102010400679800900001000030500
001000007000000020008000000600401038000056000000000076000002709010000060980640010
005000010030020009040050083004190006509637008000800901400009035050080000021560807
407001000105006200000004001002060000000200630000800107096000000050003040000000060
000356090500090000010000053000002017029010340107043009004009020000007584271005906
870000092403000108095000304040000005007004923029000001000003809030080400000040000
000000000090308000802400000000702400000840010004000002008000000000600804367000000
009600250060000000000004100000040001091020004000010002000100305300400906016200000
340000000090010054000300689524000000001524090800701542072950068106072900900180020
700020480000706050002308000008207014000000602000000809000000000600000048801030000
207000100000000000008000904000040008041060007000000000580000000970000000006285009
590000726034002590000009104060700000045130087200500001600205419000001603400367002
137020006005000000800005701000503010503700000000004300400300002000090050001200000
000800420600000000000070600308010500042750000009030000000000906200090010000000000
700306000420001000060040097030000000084709302007020000000000400000630000000004700
700000002050007834834259706205096400000004005000582000129700540007800109500000360
000300065000680901800091432000264700002508019785139004108900040030006007060010200
400012908089300002120900045008500276300070004760000500206483007000600483004000020
009070124075100000000060570186030000907045600042600030754810306090050800018096057
900804500483507201000009043060000000010370609037092184000050000600080030345020908
040200007079830265006090804061080003090400506400000009017948352004002600000600008
060025401500010000001000000000008000009000024020000070000400190000061050100000200
000514080000090100500308000831200090000450000400000700000005030100623409000907800
478501000000000500000020704700800003000100040000070890000000000040003000600000031
000080092060000705192003800000021009070000016216050000300000900000000047901734028
010508002209000700800000600000925000360701200500003870900800020681250349725439006
309508012600010009070030000000800206700000000000070040000080025830020190000000004
000000000049380100701920008000000000000800000000001804000000000086030420075000000
030210090000409000046080000365872000000600728200004030003500000002040009000930200
004006000170009030005200900040005200058002091723094500080020047036701009000950006
900004010200100000570306004400000001609043058000001403000000049304780005150000000
160890300320060000894300006000000790030010028719400060003050907651900004008043605
603040010000673500000201037000080000785402900000006000000000000109057000000020000
500009020400005009000604010620097000034206107710300206306000081000403070007000060
481000000000305100530004602305648097000153000000920010000009340003006750950401820
083400510050007020000009000000040751105000040294050083507268094400000060806104005
000040030700900060209560740090203618000810090010704000000670900904085070070409580
000102000120600000007530000070013000000857103000260080302000005400000200000300040
206050000030210090900408000000000000800000070000700001000160000109004030000002000
400690002000004093000572810600930028800000935093000046000007080005081060100060050
800000000000001000400059000903070060000940150005000000017000500004617000328000600
070200000010003070000078002001300020090007160800460500742006980100000207509742001
050000009600000000000901000407000000005607103009020070900000760548070930716200500
006208005030000060900000080000000700005020800090705000100009040300500100064000000
430602051070834000006175040080400090912080630300019870603050407000048200000000509
270038064000000009983010072800605930602700418030000050097300001008100090006500843
000304000030010000070005408780100000000020615610940082953000100800060950100030840
000079341340052700700030000000000270070304158100000030000063400003005820000007003
000009048006020395003004007000007400000210000000000100030106020000050000000000530
506403070800526004090807000235970681108035749900160000009000003042080006050002800
000597862000802040268001507029618000016003000300020018980100054007080130031700089
402395708000000400000602930000000080600030150000800004000001070006003001891706003
605000038000300600008000009040081067820000043060400001000016054100000300004032000
040500370738000900000807001300004190900000000480000530000000010160320004800900200
500600710001000000400710000900806107000150000005300020020000003006008001100400000
000200000000000005000700900800030040970002050000007000060075400000004600048000090
040302970002607000097801520284735001735060802000000350000003164073400205006020009
001008000720034060000927010394805006060093501000762340900041020040286007080370104
500900001000000080316500000400000150180420700060000002000007605037000009000804200
907050000800000010052004000600000957000000000509020000400080000000090000090006078
408005000300948005005230900000070000002059000000002009004760000070000590200000701
702690130380200690900000270004800500000007009105000060520340081017952040460000000
004002000000309804300000000037000000000237105010068020001000900800090400700041000
960010800008769305010000760100030000005000001000000000050000093000000047000090000
000840060489600000060003400106502000052000100078006002000307600000060000090100007
091006000720910000604200309000030060000000200006402035002005083500381406130604507
196308745038405096000906008079060000804750003000204570062007000900032000007591062
901030005000400007400070000012000000000002000060009071100600009000003004045000010
857900000009040087100700329003400070705009204024010090078000050090100708560003002
050007200200600010900040080020000100007000400093000000002504000040090001089000060
040090007070150020000000014000300000000070000500040000006000000730000180801020000
020000040000008050010000600200050004050000000740009005000000070890500010001000020
900015072670000801000007000020500700000000000509700000000009000100208060087006195
050008609690704283030690705007002060002080070000007000000000157075000006009005402
671800500824000100300070420107000980500107064062000731750000849000700600200008000
170530280008017000005800000060005408000076915901000700009062571007083002600750090
020187050000390240000024871600241708002000500308006010007500000804700020005410300
019400087050010004034000020000673050006805002598001030920160800083000000400007290
080001000760800000341000089407005093605903010893100000934706200106528000050000000
090860002006053007000740000350084001062075800908126700623007080000410326080602005
003000872008300000105800300081200400000090100050078036009030605007604010540980703
080004005003009008000860047500008970004007156700000403210080030008073020097002800
805269700000070810004501000306015908908630000050890040000350000570000469001900073
207003195630015004100700003804090001000501040010482000000100328400230500080650410
900032000008060007020000000004009000301820500000000910065003000000078000080000000
040070200020000600000000000000147000050308107400560008500000000070906002196002704
006000000001590060300004012854760931010050076060009005009000000602071580000006007
023940007904070260517032004762000001050026908308010670000804710045107009000200080
020605100003000000100270000340080000050007000010003080201040050830000000600000009
000047800050000004140800603526000480490506010001090502905000708084060200013080056
700003019000509040000007020000000702469780051207351900030100408000205100600408005
028900106607000090050000200830060407900047000000030609500001002000000840000390060
030000200000000000400009600300100000002006500004800009000080032003605870040000006
000600480000710060205849070000000701000000632090300800010058900040000020008000300
900705000200400900040090050007600030500900070190080540000000490000100000000800000
000180430300050108600090205057000000200030500193500826060008700004620380801040050
000090700500002300000001000006050070800060000090800600000020003000310000300900060
000000000103000040000500200001000400030247109004006000080002591040050700900003000
021673509059000600000500040600050020008000060004100050000005002080006000300000000
020000537108057040300400000000730028090200100000005000802003094030970080000000600
500804000201070400840009007000100800009000230006000009030000795075000040410000300
307001040540300102000048000100834020804729051700106008012080070070010580685403000
000000040000120073040007050780012000009060000501093006000006010800009000300000204
017058000000043012003000800000000080000100030000000070060700198700891500801065000
010603000000204000002000003000905000570300000803021000000500030600030100038100090
065900000093001000800000900008007002000060300937020000070410005080730001000050063
070540300000000071603007004000031008000000700000000065000003400000408650004025109
000030000049000003310000000031000609004090100070300450000810090005047000000203001
500000000000506020002000010009070801100003570057000000005080400000004007003700000
008020107049070003010830490007000021162058904093000070801000000930002010620087309
400000008301954700000013009000080290500002007200060580003000800020000005007000002
300001672070000009100200340750004026820350000000620750908732000000009230037005960
050200800108500400000081000030000600000104500400050070097002000080975000040000705
051040860000300400074080103107460000096003021830000004512004006600520940009608010
006000130249100708500760490051073206020010000380046010100620050490080020002050300
070006009008093700935127600190080000000600001046009278304000000602405000010268003
007000310103740000060005740000209183502080400800067050008004002305001694946500001
070000600109005802000000030000401720700398001000706090000987010000060080907000000
489060200253980076000000498020609050000500380000820000070430019030006507000200003
000080901000009620900006080100060000300000000067040098050002010000050000000018000
000100008080090147471000600010405200002000480050000970020300050193000000047062000
763910204502030100001004000096180000000047000070300810019000000005000060000000002
000072450207010000000000000000060900000003200000207006009000305000008102602350000
097000000006020009020090060000500020002080000000210000270100500030070006001800047
740020600050090280012500004108930040007601050593004000900800160080316097601059408
080010970000200501050700000040000002000903006000000000000080040308000009060190200
090300000740000000001070900050803702000024500000000000300640070008000053007000680
900053186816000300030600704005830010000910070009074030280760003697000000050128907
010000203065003080000001906021860009500002060040009712350000098009020140100698020
020005030058010920000000057802000340100000000003027000010309400000000090006000005
370010000056073821010000037794300050000000310083205470940008000001509083030000000
000000050350206008894005260028300105000007026571860000080540007005070080700020500
206050000301700800090200030078100340430600215020000708502000087807060090013047052
340086520105304060008152043070800405004067000002003000081000790490600350250400180
306509204958021607002003800021000070460097000780200300005302700034900000607050403
009040750000758016007906243170690025406300000000001000030109062981000037260030109
870050600090010500240069000000905000000000000903080000500000010030000900080000060
340090000200000009068705003090582307800073001034019250000350000500041020419000030
080050930430800562065304100920401600008065029000230801050048700617000400804170000
000980040000603000043275109000020003000067001100394000400700000006052010002419000
540102090007480002200076005400000000902764501100020674300297060000608003804013920
900007203870200941060014005612095008459700000038601009084300000000100000090540300
000000900269004100500200730000902073030140800008700410670031589003809060895027300
470206003060010000500000200300700601080021350012000000827000900903070005100034002
800029030400100068053807924000902085508740210000500600010008006380604102040250800
801760204300245089002000000915800000400010060608024500230001078150980603780600000
000062000860900517930500060100048009079025040000379105000090053490700201753000000
000369801030800400081400000100782060078500000000001720407050000010204630300090207
003100090400000263070000000042010000800000900000000030000603000730001059000000070
500039068000000730000000100200680050168407090705000601000070020307000800090000503
001030087030785600007096432040800200150060703200040000910023004006078015804510300
250600030803700960906001275002913087000246000009057406080500009390078000005430000
000000000000040600086000145000460800028017060005000000000009480519000003060070000
072000895100009070000620040030750600006900007000002000050306018300800052019270403
970530012024000000650041007000900086865023749097600201000402000000015020049007003
150000004360051072000060109030000487210700030007600210020046000593100048640395000
500010000100000050908000017680000002000002008020000000007001009096000000210000000
035210400007000000496080107000002700010000502000100643904008001051704060008000004
000007290900800007600090000409000600003002040000000005000003700000180450500000100
060031070007000010341807200030008760150076000006390100003000807010002030000900051
000900060560100004074500120005203000009604201030000600807069000000801000000000807
074200000096000120000609000009020608000000093680000000940070500000100900000000030
900175200002090007000300809320040650000000004007010023000003402004081000000024108
000070000002001006000250900001005290200000058058020001005030007049706805107000009
870000005035678109400000080060200570758000932002000000943000061001040257500006093
507803400200000060008402090000000900050030008000904607000000086073080000680540009
800004000000200000300007000006040285080970000000850090040513000050000906008400350
030510870800932540000800020008309000000005600000620304053001000001200435000000700
086920137000058020249000050008465090654000008021800564000000013400010000193007002
120800000430000069000040000000900000600030972009008000000384005043200090000009008
403006200950000030000083965328600170190000050600007302000500090009810040030700000
048009310000040000000030080052300000090201000073090001407000000200500074300000000
050000000090751000680300571000000000015060000000000000001030720030205010570000009
006320400704000350000010000000000020035740000047900003072100000001800030650003109
010080430042507000980200105020050087807900000103700040001000054530070920008405700
400008900009000083802000001000540010000000709020900065070060058040810007000030094
109603002500080000000500189020800730001006005000731006018067054950010200267950000
090003020006000009482591067000068012920000046064100000038002001009000683017800094
001700065300500104002019000003060900000000300080200650090340706060050400034070510
005003217200000030006721005050200000060400000000835100001000043043060009000000000
003190806007020000000540090000000270900078065008400000680000000700080309350702000
080009450900070200407800936560008000000123509312090804795001600100036705000057140
000003001005000009400097058100760800800401000060020105200005000530006000000802500
000040030970000805000030000000004090208000016530716000307600059000070000000409071
710000009000100000540000000160000097000020000007000000900064380080700600050030001
800400000150003600002170080713000420000050100005030806090000738300000000521300964
800532070200040001700000300000081004000079013008000790300700908089000507470800000
102940683830207940400600200680020000005394008040068001390000402004030070760052039
710800050090603001600700840306170905107080062900060170270018506080006030500007408
000700000800500294000900070040008006916000030508196700320015409060030000085649007
900000000000000000160503000500000000240350001810004000604030100000000000701000008
500008090900500046480000000600005000001004060000600000300090000000000600120000780
600103700013000209470069000340680090067092431050400600090305004235014900000906305
304008716005070030170003000040359008000100000953800020600014000500906000007230000
004000000180006000002470000090004500503000081000005070029000060000000092000003004
026000005490021708000594000904000073700060820200307604830045109500010380610008457
800010000560003090730849500170008050000000000450160083000000000007000000000050000
240000790000809000907000000000000100062000040000500006024007000508206300710085000
402057090000090400100000057000030270200001004003000581000040300026705000804000015
700000100003700050208039706000300010610847305300690800087000460032010587461508930
097036254254091600638000000376000900000040376041600080429007060000004000013008429
758140000063080000000236700325897000410002897009401300081620070537010620000000908
800006090009700200000304000790502003000160000310940580540820030063005800000000400
008006000500004000100570002010305007306002008020041000000400000000008004030050000
000080609000006503691000002380162957900000000016700300060091734000020005050407800
270006050500002401001000009005000906000000000002007145007069008158000600000001207
390000008020000307000030600000900002840003009160000000013000074200057000500000000
000069800600758400000100930030007020405000068002000004700000090000870000154002687
003007001280005700000012040635000000012050097800024600320569108906000320170040006
000200000390000470060700003000000030903000080000000700010670300030001007006000000
000090000010300090950107080070000050500000002000000807040003009200401008080000060
002000800830000000100000000000000000020780000000210980009830000003000090065100700
260004000001000078800000002006002000080050000700000305900060504003005080050000030
009837040803000961425090387300008000080000736941070058096083410200000009154009000
942010803000803400000029005000030190010006208000090006100060000036982541008501367
920060700000005021003000040070009100000007300302016000007000016000700039009000480
346159000105270000207000000862400010450000006070000030000002600600540000000000041
000720050603008017210300900701502408408009020325840090040257036036000070070080100
004061000008024060090500020000106000006800400080000006020007000007000280130200000
183907002402800006090500800830009007060000000027348601045180709008000435079053068
000040201907001008001300000190006005800700194730194826400000500000473610000582470
304060000005180003817200506080072004002000080009051030046500301000020009008010640
271400050004563710005100048000000000602000500903210480500700304030000001080030205
700000000000206005000005030800003000000000800000000003078061050025907001010000007
070200000021003000003000000040000023000468970000000400065000090000000058200005040
006080000000607400000000000005070000402500008730009605000030000004195000000000000
009005040706000009008002000080009000000430090207500080032957010075640030600003970
200000080040000000060020000503000206020103874000000053490002000002701000070940500
010508002065370409000409060590080724020195600000720000140006807730200056050000240
000425008002300671300700200000100052163570089007800310900000107001954863608210090
000031040030075200000800001007200539050064100800050600040600000780000400200543867
865004230007312605000050490618000003050230068200081000006548900702003800080720010
090200010200000000001000000150008290000300060009005800012400000908621704000000100
900530716000008230030010000001200350094000160703000000175006900320105004406309001
026008000050003006300000001090840000600050004000026005060104200200690400008002509
580273100090805300020001580009084032408026010600100008001459800040030271060702040
200160900000800030000040000731006040000000001020000000000020003900008600073600000
080406700070002069640015023350009604900040000160003008830004006002100380706058940
000009173001000009002003608290351080005000090087900030420105060000000010000600024
000207001200100000003009000030806020000400000000031060000368009004700003000904100
000000130319407800002090400034000500901046708008009300800000903120034600090070200
032600004400800000000405230000150000020000600006900800001000000003500002000063040
003204017006000025200106380620019040300405000480007931042961800001008070500702090
000068500000970006620040010000000802010820300000050160062005790840039021070012008
402030800001698002800204731000980600080006270005070000900725018500010000318400020
802000040001020000090504802906002070008901000420300010700090084080036150000000700
640807130020600800000100094706205410430069000050003000910070320000320941380000506
300000894200840705040700000000030100030008009000000500070300048400900300000200000
001000000040005010650000370005000003000000089000200000006090000000000861020060400
003000700580000000900300005000000050000030000058419000000000200009200030400063910
000000600800300000010600005000007803006000200080014006000000000308020009102000738
718320000030950080005007020800002530003090017070030000300500040950001000084200965
600510400010029086904000007009630050000040601000002000061070803000100004002003005
000804073073005040800007050400090520009002416008000009090048007280176300160009000
100090300007040000040100000050000007710009000864702000030200100000000000900000000
030000000600830000000500008006073050001600370372000406000000500000000000500000000
000010600000020000062507901009100020040000300000000500000600270025900064004000090
300070208400050100071000035235000800607000503040030000014008000560010000023905470
020090048700840023040300000500184000080600070030070480000000004000208000000400000
300025900800030005205004000600710098950000702102508063701250840000846000006000009
000218006000007802100005709901003400283000100054091320549000003006009070002380004
070000090100009300580700004460200030020073400703000850957000000634000000000090600
714000038380741002009068470051900007032680040600015090807100320090200700200000010
009801000100004000000060030000002000270000000000000000842000913003008000706010042
003025100652100000000000000931002476000007030400903508289000000310098000065300089
102054830000100000040807020000570000507000000000200076000910002006700000000060005
001000090007120308003005000005000010000000400700810539000080000570041000809050000
000080000820000000060950002406500000100000060300000100247000980010090004930400001
003000519900000280028010006002054000000020408040000600000043090230508000589700042
030000890041060537608073042009010408070000000820000070007000603982600014300700000
000000002000000009070800000007000060308605020500201090002004657000007208006008000
000709005000000400040500306300800002070051630102060000000320000004007253000090000
070094068806070004000000000708019600910000000000057039000000096000946805000005070
103000060007001004824009050700060005300004000400027016540080609008306501000015000
000020148008070003000108005004097002000560307930000500006200400041000000009000000
395000000207395000004200503008000900460020105030000000040000000000043000800150309
000300000000000481006080500203490810001030690000018732800050300005600048000809050
009020000380600091607104000400807910590002000876510230008701300000040000000200100
047038600008102070002040300300000010071300000009470003290700500000000167700800000
600000700800000540400080061090620100206000000514009326082006097947000605005000030
600080000100006009908740026000400000000000090006000413000030000400050038000070000
000004306003000009090003001600008000007045013008907004050001047081409605009000120
280135490704080001100704000019008026070000000020000000001007240050840060042001059
960008300248100500103960000000000000030000080000000900006004020004000010027510000
000000000069050003004190850030020700500400000002067084050004000000605408000009000
090061000316008904000479100000080095009003200000594000800900601002805009070026048
304001859010500300005406721006157090500000000080600010900800032040002005020790680
807000500060100070000007090000206007000000809710000002608000000470690005520001900
050700031008000600001000000843001067007008000000070043000000000004003000080000090
570008690400601000000050008000020000040000005201000000000000900000003080004910503
010000006000005000030900105003200060009000050600050009002090500050400090008000400
000700000509000000723000080090400000000000070000007000000070025950000000301950840
071000004006002510000501968108034005050100000034200109000709036800020790719860452
750100004290700030100004750000000060300000040900040001610005003420070000000600400
000086075000517432050040009060054200832001540000308010003160704207030600006000308
000800070000005080090032506050340700026050804000600000080000040000000008000003000
070600000000000075000040008009100200007300540230459007620593000080200050000800001
300000000000080003060000090000018340043620000701934006407000628030800000800401000
500002001000800009000000004820000000000000000001400892000501008002769050000000000
270053014090040000064080935980010070740000000050020000506100200410090000020065007
300408000064000000007003048080502000000007050000030097000006409620040700008175030
032010690600500410000600000100006385000005000080020000000040003800250000040000201
027953480950080020000007300006200970079000102241509000308000510460015093010300060
120003086050009402800124005005006000900470638386900547500600004240500009000000803
287000030000090002006000500528100000093000010600070005000000000060709004000042000
060400500140530000000608401408010006531900000692000305004009007706040200005000140
000000000010780020090104500004000106003047000925631700000070093030018000057000010
300004000049060030826000400010730045465200073790006028000608000032905000004120590
000000001400000000008004000900702800000000196300169700000400500049520000752000000
061730980008561300000090010020600000300000850080310249070800000100000468806103790
000000000390000200080906005003601804060080037000003010709060481408279000630000000
709500100345008000020960034030001097072000400184079053000300009410090700000000001
010009005000030002000700009620300017007000030300050008000270000003000020070003001
900008000010000000480000000150000908000040000000096000000500007720000000548000096
900610483010300759080050210800040070109826300500070620400000000200008537735000000
938010700020038500600400009090800105063040290040092068000200000089050070000074900
085000004470158090309000800790800500064205007250730000002603000000580020540020300
500000906120900400090400007054160309009500100002300574400005091005690043900803025
006000010581000400400000060000070009200000700760005800600008100000007004100002900
005000008800152000004060002742009001960501007000020039030000004000070090500000006
010000600060000004204080107759000000000075000426030079002000300100000000000500000
900000251010800603030512987400700809007008000000004072000900308086001005700003000
050006010040009036386100070060007983000461007007800640000078004634010098908604000
276038000000000100001005072000080700009000000007001980000000000000009040045063009
010004950570108342400700001204657803065000009100902000000029760900000134680003295
080000520040608139100250708460000900900546800830192050000067300308005000670801005
000034000300000806107006534009600451010002603030051070400008065900005000653040298
600090280900080003820060100079004300500610709030000000700009835400008601380076040
050071964100000080604000700000060800000000109080900005001600370500000200000020000
201470050009000700047000020095106387602708000873900201900301000038040600700260000
507200090060000000000090001000059820000604050005820000050400900000705002426903000
000000815400000020000007406004109070620000900018076000040090000200700000300451090
560000107713500020900700600080007300007005806000609004050800710004071500070350940
100903000000006000000001290000040000065000000734658010980004005000810320003000000
703908010100007080000000006000070000000010740030000190306190000000003001000000000
000208439000176208250009076040000800020947610015003907001060380084090060002084090
650004208200900000013000659590030706100000594780400130865040027001723005300560040
782000001000150007005720400000000804070503002000400000800070000600000000053002700
006000000870150093500609270600020001257003086004000000005040020000501300400002017
009003100508000907000006030604000002210009700087000406006300200003000070000000001
080365071001820000035001029000250000103790050500603004406000500000046000897500106
700000198000000020240000506000000004005003001004010000032000600000070310007020809
040900000098050014000000009021070006000005002460090308809000405254100760030500000
000680900294001860000492051000107438003000610060040000428915006009006000607024000
300900080000000000007000002002090000004050090961400050008300620400605000250010047
100000005820040709600170000082000000019000000000300248500907123000080007000010000
800701300012005049356049021000500000928100500500980070000200003200000050600058297
000010706040079000000000005050000400004095000000200000800452009400060300916037504
506000090204051800007409000108007940072594068005000000700140083450360720003072000
300007060054000038001083000503100006200000190007800400075090300860024000032001000
020000070091500002700842000000654200040083017830907000680000090213795460007000021
030000200000000806810500900780050003003017005025906000078000160000705302340691508
806203175023001009051086002030020856060304001017000093072810004100000207649000000
420009306050402000708000000900541000000900000000008609009350201070000000305027908
004000009090000300000580001006000900000000100000610004239050070500000000407000000
000304020090600540300890000060001800031000000000269017028000431000000200003000700
000035700007000530600000000060500007708000215012000300006001402000070090000000000
000070000000920706010340295904012000000594062060830054629080503040060000070400009
708900600206080309003204807005819003090300000000607090002400080009103764067500231
300507000905401200604200590000904000120005074009612080001850000598040103067103800
009036007623005000007090260000080031041600090008400670190042086230768010870001300
900320807000000200032780590000900004890005300041030009104063005000000000380090000
008000074012075090000008213120050300006903020083000600009031742030247900247069100
960800000230040090000000020010078560080060100609001074040010280103782400020650000
050001040004008000106040008000003050000004800007000000709080000560002090000007080
400631708060085040500090610001000074000302800000007020040020530006070000900563487
053000020008740530072593000009000347001300090704000000800026070046007108090005402
800000950007000003500000047000000000010308060000004100700800000040000000180030500
000000004000004000940000700200000600695020007100509008500000001419050072307000006
090000060020700100010020080100000306045000000000800020001000009050000041000100000
215080600007000201040100070090040100108006025400018369024050006763090008501600000
750940010102500400390000005430150000000700003670380000800005000027000004063000000
000050710400001900000090048930005800780200004004100300010500080000003260000000000
000000800400900000710648092064200070807006000000000005040032000000000000070500000
000060703004730050037100006010006237070000064605000901726390040100804000050627300
000340100001900000200100006000000000304570090900480510008790063600000000007036001
000050609205860137080017542500000400600000820100280396009673014000100900010090703
903800401400900000050417032260000100078130206100000000740301608602005310000080004
509601402042000600160400000490700201601900000000000000280500003000060000000100806
035807209070004005200053006000000068050000000008000001600000000010530020003000000
047000039000090000000000008000000095090060000000003406760048052804500703050007804
050031007769528000300070000000000125680002904012940800000004260000005740000206001
923600004041000650570000092000010840705800900000000500004000700000400000652081400
001000029002175030003004517000780004000000008010000095190007042000019080300000051
700030800008050003004008075003016580010800029875203001300000952000009104000040760
720800000000001040510740008002630700900008006000907820008059071147200050300170682
080002030000080207097134600002400800000608010076000304009060700728040503003020140
708009400000680039910050007070000005090000700526000043189000076000001000400070090
400800009006000000082390000050010670007500000004080090000900035503001006090050002
000005003000100506600300001006043100000200349900781050530400000410000030000009704
000305010000002300035081627270000800100020940094016702050100003320048070000200500
000009003000317002700080000460500200820064310100020640094000000308400060001850000
246003100001060080005907000008301076310700805702480900093170408080500710027008350
000384001060520480300000900040075390000600572075000146950036010702950634000710050
901003007000000008050000000075200041004300062096080003038520000000000070000000300
020570000900008057750091020670910008190305476830704090000040310213057004000003085
008109070900720586020065000080013057004070008000906041756390100042057030800040700
380204057000001204000050380806910500002806010900500000000000705025100000009700068
070420160060000004024001000701300649280900000000000203810204090000708430000005017
000020004002004007903007000007089000310600800008040760400002903000410000720090000
040500060005007023600324900000143090031000800956070340800930050319706200560082009
008000460000067000000003900000301000400000000000706001300020100200000500000038009
008040020000005041400600500002000870000400000000000653625003000009560307000914060
002005000000026815000907200020010000000000108001000000030001000800070000000859003
000010000100020349006403071800000690000030008360000000000570006000060000600049100
000801090020400300090307001010060003000000900300000060007030080000040000031089700
275100408400000300300904200600010509000095637020376001002801950050007000083549702
200003085000070000000865700620030508703458102400010370002107804070000006040006000
020600000000072000006100020200000000010300067000001203600010030104900602800000154
840030009025000630103009000786003900000940000000860000070000004008000000039084000
000006805805040709709500000000000300300690502000100080004710050050000007097060234
000365004030240809724890050000100000400030700900020040041050637007410085895073400
065100200070000604003540010609871300010023500204905107507010400046009820102630005
598410036000050100000000500000000400000000000009045001000090200005104003007000004
006203701001406523203870940500700090000004050004012670040320000309180007180040239
005360000000098024890000316401030000008270040002150800000610000010983000080407600
179430065000000042234600700840100900701090400090500000420700030010024006007319000
000920000009807340600003029820006090000094080900002000000459002000200100002000900
120047000000100004800690000008006120906200000030400600000000000000004000504709230
720000000001000070005000041217640030050000027009000000000000000090800000073020900
870913060900640085000000090304207001090000000007590604709100008000709006136020500
000090050000006703000804600003000040000900805050000060000005080300480000801600007
560000109000000002040600008000000807800000010010070000025830000403000020090007000
089300260200089050007000009672804590004093002503670810900006100008900736006100905
020008675093607042700004080934065721060000000000409056042000010600501230070003000
708040060006071500450602007500708001104056000000410000672100953041030026000007408
204000000030070000000428305962000173317090050000001609100060000053917280008005090
100600000000400020000052079701003000054700800806005000010070540300584012048920000
940510000703000600000008000004001708200000030000800054001702509007000301000180007
075491308328060000941030005010009253003006409400000700800002007002010800000300062
160508703700100500580020046600010050891002000320600819006080437000437061070000200
300080900579620801108705203001000084080007020000004007257300010914502008036109700
700000000000069000000000001004951607006000000050076400487100000605480000000030000
002034600000020009000500800200000001106000740074100580427600100039000074010470096
000620007000050200006000000100200460000000900000000175000970020709080001800060000
400003602009008500800570100503000064000935218020706053040007801030800406080000300
000020004460800100000643800679080301030069020850300790390278005040000000008000003
003408296000015000074000050007090000000003902002006000000001000008907000040500008
090002000000080000000000000000001036009000005401600000100006070900000000708015604
000080690000000420000042030089001054043097206002030908090200740037010560605300009
000630010603192700020000000008000100501080640000000000060351090000040001005000400
300009000180603900000801340206000700790100400405000000603400807000036590000000000
000003680001800000080007000200000930004000000600500001060204009910030500025000000
006000083005839070300010002700042008003500290000603000000090010000057009930060000
050498210000106700100305000708000500015003694940251000020840109070009350690500080
045003021812000000097000000239180706704930008580400000003050960050070002006021480
002570000000090000900002507000000004486000900201046000000000200030000000620000070
927008000408000020005020460010090040096543702000700806000380200051070384080250000
700000000906800401528000093287940030040060700305002000003000000800300060000000009
600081249085004060092006510800000100700020600030150402048000030007845006069700854
700000000000050000206094000307020100000000300050000009000010030071000084023000007
800900030603008000100000000700100006400050390000000008000302504200400000006080000
080000200210798406400501007064205370052007004070010052093100720708309040000072090
000056000090000080701800000020000800000170003810009406100700009000090060030000270
004073290870029001020004030006731000701090005200500010010000620087002150000305870
040920180801000026000183004700000000006012408023470600000500030605039800390001000
080074000703500060015008030007010893062900475800040106001000000524169300078400019
002461578070090106000000000006070053050000007718000020204000300000004000060800090
001800400005094020009000000050030006000008790700062800000000008108000000030081007
000501000100000000026830000309060000701000000000003600002000000513040000040098050
705100038061090005930074001006000094594610803003000106050001489489005000012900600
408500967000040305052090401000600098700000002189254706000020003240005800000900204
809700130000040006301009000500017009007603000003500001000004000034086000200175493
390800541005739000008004700076000004053000180000045609702080900030200418804950260
050704908300152000007000000070498000094310200503206080700009803906801072000500690
300500702000901006000700910000040000000010090000005300068100009000056100000400000
936080500100630000784520690000103984000040720009052036000006009090875060612004007
702000060008520030300906502879002004235041789100000025500860200006000100927100846
209080730360020080000630904000004513900310600135000098092140000408053000003902000
304670508158000200000180030705003640000000000460051309583064021071508490946010000
800050920000000830060003507405179600009208400008345791084007109006024300057016008
003500780004000005020007003410093500000070010000010092801006200009752040007000009
400000000900040000000090400060030000380900000159400380540760003607089001893000600
300710400460035007002049008703061800004203009001580700000090064006008001907456003
700304029962700403000006087004063000006009008000000300507430190600572000003690005
793000600056070028000000007100000000640000000000010006208000069007023000000700000
905000007062005040000002009094000000070000612210053000300509000459860700600207904
200360000000549800400000060060003002805600090000000706000170600000000200010000000
017024005050701200200690071070900500400050000000000498000070800095000002004000603
800040300076009002030182040000000400007400091640000020305010204100200035704600000
070605900005430870009008506843520160007000008901000025096700200000300080704000693
400001300900000074238000160005810037000034056043000008000090000100020640300000091
903054070070900100004800923000000040038500700509001200600080002000000080380002015
000008000070030009002951076040000000800000040000145700386520000000086020024709603
530004102901830740407000803000000508000000900310006400000398005750041009800000000
263070400001000000080000000002000000619050800000832600000000390008000000000040500
800070504000280000006530000100000045050300806908740000004008000070400160000900000
000090380382010900000008005000980050000000400000140000038060204090000000007429000
100000308890007050052009470006002107000073600701604800080040960000738014415906783
792500000035000720016290050000000090079000010040005600300001902000429305920050106
000620300020000900000500060102070000400050000809000040000000000080306090310040020
000002700007005084000000530068409005009053062010000000806290170000000029000001600
048300000906507000700480906200008675093700000000140093400070020360000089521090367
090014000000000000010006009900081000000070000084630000850040000700000000340060080
030584006508072300007013080409057003005001890016490002054106008000000620102809540
008306900240000306163920000000030400900000600020490501407003000602748000000069700
046700000907100620081000700700400300050026079003007005060000200010000507000000030
000104936600700005510060070142030007300000040086012093400001000803007059950680704
970260405845100300002000700006800000418902500700600000500410600000000000260300010
060800001001690080000001900730000000000070248000910030079060000020080009810750020
000001090020800601000590004007005000109000040000040910002000000000000000000109200
490018000706294810800050490000060920068000000920001568340180205000570009005943600
704100820010980743090000050000030002006090005007216000281000536563021007470003018
020050009100827003050169000300010780010780300085040912004030200098070601601200070
210004006670080954450736000840000000060003548320450760730800000000307081100960000
080007900945100370070000681000070020016000050020905010530009060260000008100706004
630800050000002600000003000000080000090010000000000080060520430000006008082000906
920760050000900006003518090640107520000085904285609013402000087001002000090800005
608070300500860000000000206000700050085620170907008460402910008803007000100080000
186400700050000000000001000400030060600504300000006000000000900000060400000008650
840000000009000340000000000000510783300090051100037000000100000000900810018370096
840090576300000004000004930002060400006500203504023007403079800000080001650400729
000700806700908052006500170008600501000005008200480900300000000100800030840050000
090010302000056007870030500008042000900000020050060003009003200040000900500800700
740061800080470000001095407030120000006049000000586304300000000000030700100652900
074561080000020060600000704000090072050200000730000000080100000000906037500030201
003951004000007302070006000000000000300000020540062000080690450039145000150008000
098004025050800000600120009000090008010700600000600090009400006300510902105000007
100000200000800000020000060050082000000750000080630007010003002500910634060005009
349008706800000040720900805000802407250760100400301050074105682530000004080079000
050000000000104000412500070000008600800000040091400007020000100060030000089001023
002080070090000000000075000034508000760002000001697000000269004026800001080700209
109060300074000002000902000000706090980000700067508000090100650030000170040050029
500300286000820000000405130409003008000200074000000600200900000703001450000002097
000068090008040002007020006000050000380000400504000009100000000820600041000000508
003070090000019320000000080608700200002000057000020000006003000385047000000060030
028000705735800000961003400100000090090000040502000003200700300054908007000035289
080050000020408009509002004806003400035720006200080005400090030050007000300006000
825179600000008001907006800391600708504807310082900540409062100100090260006000090
009000705000690400000050800051030006893402001000000983000073600000040000937086054
530020060900050800200706005109000203080910046605030000023180600091005324706040000
100000603700020000080600010508000094000870000600040807001402006254700009860093000
001800000368720015007000083900000004610340709003007000000000090030002568009680007
080900106509010030160378594208400005300090080056001000400009002691782000027040000
000020001000060000080140500400600000608001000200000080560012003000500018001074690
900007000867520000201090800570100003600052090010360020785010060306805102104906708
700000200200000030000200794080192400000006129092030008070004000300805910800900340
200007000000249000030000400800400720300000000090000008000900240068020030700000600
600000270050020000200060305180000560500318027970004130000073492429500013031900050
908200041150000200000001009760030008092607030000020000000093000080015000009000000
609005710000000540000080009060054190040071003900000005006708931391500804700000250
063072090020540360000000820800004003500000670000000040007403000900068752000020039
230976004090008500801000000060005072000000400000000358308000000052760000070000005
764002080020008067080470000009560730000000506605003000008000090090840600070010000
006000009000000600090060000900006700060000090400980000000090007000100965000020410
000000000001703000002000630280501963000040005057300400703000502000030890000004001
030020480680000000529004000800095000095246000006000093900000000010000009700960000
008003410001098200000071089800000004020040000140007390004000521512080060030500740
000700600700609350001300702004200005009000000100843209080900500503470000020500407
000009000060700010890006000900605070650200400000080500000000000400500000100400760
060300700010002900009000000000000003000003200370820000003207600020560349056030127
005009000000703000370000020090002408400000003000000560109200780008000630603080095
658079000704200860302800000000023900800100023035906007900010602040002708520700010
000000007740000109902847300000700200000004003007500004250108740074300018001400000
090000004060030800000000050040020005010408002030150087070280530800000009603700248
003021500805093120270680390000936002000807000300000750000049270400500060002360000
103020684007400300086000000308700206602300010010002800000271500060030172271060000
160503749400160002020407000270904003000200408080000000300742900000006274042809030
040000352053090000700205000000800003000007100821350079000023600506008201032009084
103095070700021050096007210652074100000206749400000000000102090000000020001500380
150020009043561080000000000600000000010706400294003000029010705431605908500098104
000701900020000710180920504050102009000000005000050100700010056010465073500837200
000051000080000001053780040000000005041005008002678410000800000060000080008960004
000000700709002310000607000002030000800470090107000053030004020400009000928000406
000208005008000000590010204800409070007080400300060000200000000900300602700000009
001386500945000360000590100000618003086009020000752080030200810000000054402000000
000000000406000000000680003023000607040000030070001000000008000352060001000000046
000000003008000000500080107010000008009420500000090001003100000020800700007000080
007000063000100040600050920065000000020507894040320506090005007500008209800200000
200000630006000984400000570508000706010062000020000010062075090090006007050109203
003090000065300020000007040300000000509643002008970004000408000052036480014059060
051609000040000000270000000000000000000380010007160000430000009000500040000002801
003025070800009001700631200065000007401306908089010536046583702030002004020104000
000910086000080574036004010000007030007001000000050000000025009609800700005100003
612904300470830126000000700060740039000068400200350608000401950095683000004090800
502800000018063020607200401000370000060000000003900015070000000004090050020000007
506740103204030900013005020407010000600070500350096047165409008042007600008000400
904003000050076000007000000000731400100068050806295703461082305008057041735010920
000080672008000003000009400005003000007008005890002307580200000106005020720060509
820000100700600450503070006200000918007019605008026300070090000000000000000007802
001400397030025004004000000008307610000004500750001040079510000300002009200970000
000105047040000015015027000008003052093042070002008000006000530530000900981000000
301025000002047600000613000600000030000100209900000150008060500430501002109780304
010050306000100000000003070020300000630900702104080060200000090906001835350006100
060005100930207000040009200893600400000450008250300001000700500010520904020084700
260800910300001600790000050508300760000008000009006000017480009950160020040000070
040200030000000004000090060009005410000041200001020056000000000050004020000002300
092468300000000000684000120400000000000006500038001400000080700000000014000094860
070806002000002005001705840000020109010360008000159300008090001150000290400570000
061800075008007060500196830046000002007614000000720640084030900709460020020000080
003000000450016007060307000900000050015000304000501900500200008704159023002000019
027000906080160007000000004001520708038000000652387401100032009200000000840001270
503100002002000790900000050050000010000706000000020000810000000700043180000900000
307940008186703000049680305000274010002098530800000420000030000700029651028006703
050003860068090100431280000000000005607040210504021000020800009000000070005034020
903080610050070000400650090021000003069000002004128956005790030300512769007003500
407000208005300701300017500000096803708000000200700100829000400173000980054009317
095017000070080000308400000000003570839504106547120893700000900013000060904765031
901007850085001002000085600450019000000003100019600004598120347700000000100700980
420010003806040900170080500204070005308004106760030429500100760002000304607403201
520700493300250001076039085030500128050102006012000040261900004085001930700000012
000519036000008720300420000600740050002060047070902060810376402006000080020080000
104700035706000108253000009608390450329451000000080390000024006042010970861000004
409000006000098725002030000805760000194002067700109200958000000001980070060000589
020006730080000040173000800900103070000020080018574020000300007806010002041902008
000000080810000000372050046940062750200005094580400603700900400000046000004007809
000080090400000000000203004100000000832000907000028001200005019000000002004060080
003095068000600020008010000902450006086900540407186390001520084529004000804001050
130040690060000402205000300607300004091080506000050010006003048900014060014500030
240000501800500904010000000000000800008000210050000007000009003000020008980130000
000105000002000570050038900064000000000002604000486000100020700609013000208000305
405103800800047013601900057000008004007054106000010970218000360056000040704035200
000500000030000005005093200420001590018600020090000000009000051851904300302085600
000021030603000012271463090354008670060030009928000500006005008802376054090100060
093410020415720090026890004002000006000380945040670000900064032160030809230000401
000040100610000020042000980000007600000068090800052000173080204420000069086000700
060009080139400760480067030891600500000070090375000426000000010010700000053008640
600002000008000003002000600000000230000900006290001040056000000000000105300016400
943700000000003080080100043000370000078210600010600070060400820030821060001509030
000500300205034070430000800001003040064100003002460000023900080000000030000026000
003004028090000001000000053000000007300000006000600009610409370980230100002006000
005070800400008300600100200003500600040080109700000005006009040090000700054007900
000000150510040060000091200000050003100200480090004015902000070430010592760020048
004000700005090040000041000000104500000080007050000000007010004420070010000400000
000100004302000005496700120601000370009000410000400090005631849000800007084007001
702800304430070050680049020000400702048000600073650009007000203006004070324507908
510309080900060001000405300200006017078502000639001500401203079096104035000607108
031506000400203060067489031056104700700800040009002056000000304005000602300627980
000100000020803061000007008030004000460000003900005000007001020040000010003000000
004063890090074356050900410000040100061285904479001520586000701030000000040310000
670108203243050189189230005051000706090000000700000092500900027007506004900000068
004020090762000000000800060000680027907053600608070100000397451450060070070415286
000700080080060000000009006008020300300080000402003600701000200040000000060052701
000000080000300000000000600200000800000980000800003400002009300300050000004831062
000060001100000650905138000000079513079051804301400790800000930706500040500004007
040280000000910704691007002004020806002600000809000325006009400910050068005800001
000000630030508090097236000020400000950003108076800950200980040700002000089307200
019040000054260000030701005001000000000900400000000008300084000100506300002309000
000060000060205000000030600002050106059000400007040090000003000000400200003006700
050090200903002586720085000000950000509000600017006000000069000370010905005007800
000087900007400006009000701100908000002000840400000000024000000000034600750000000
300901004000000000189500723000805030000000000006000005000050406004302008050476000
030000000006000534001000000000000300040062001620000000000436209002800460360090000
504900010030070040761050890070205430052048000003697120000000079300061284200000650
008000620071000890240090007010006208080071340003050001800000760007000500000003002
060000030100000850024050719200700000000090000900823567016000205000170003009580000
820100705407600093931050600000240008002000010003501200500870936360400000200003400
200094035030000046600503082000902000900000000000700400010000090002000010306851204
021090500050400080807350000740600015000000002000700069000213000200000008000000020
500016920329000600000309000000902007000700000084030009060000570200068001003070000
160000050047005061800000702090057006002060004638109270006001003004030000000098010
000000030500328000238000009002800005001645302060002081050087004827100003004500020
200008379000021500060030240000002000602800090000940612130080900020507134000000000
200007600009060500003052009400036001607100002580200307000520000900473100070000095
517436080800005000000000007040020090026870405900000000001300579083907601000104020
010600987062090004789150260536000009040000002070409630800501000007000300050000098
400080300000305400395000000040010000030549700706000500070000003850974620001803004
604000730700000800015097002460205310001900528500000406900600100030700260056001070
005040903001000005000000000127004508000090027090000004036000000000800000009010830
920500800030870490000020510300000100001600070009140600000200000400705200090010000
080074000002000004734002006040030600020000000060000201090008003010905708000040020
000040065000506080200938400900010006500894127000000000000005690090000052752000804
980010400301200090020009136490060000150080003036501040070056000610000000040008061
000000008000030000000000050000070025000604807000203009002360000001805036390000080
000000100000008000060000030740030900000001704080740003007026000020000070010350000
618590000700200000020180000086000000000000197100000006000350002400018030000020801
700501000000060005054008003007000000000080750000000029000030000000000347470050000
000000950000300000000005000600000008000006149009000067802007001900200070740000000
000610800164080095002000100083740006400006583210853070000030900900407000000500000
078002030209000080400080090784010300591306047630007905300060100007003008806070200
573400009002050001614009307028010604006070503100604802000906008087000926200000100
049000070070964002030000000100706029800000000020300060790040500005609200012500690
056900000000006008000401006024310670000000800009280105900103000560000413000600000
000006000060150000190000000030000005702001300500800007050010002901237040000640009
000521304004007510000046000005009000100054790790082640030078000001060200087400000
704058003306074825028100090007000309940807000005090000001000000070060000000001978
070300100005407090000000000000004305000003010000006000726800530004100000000062900
400010256200074018000002000000000000000000005801030027503060100000001583090305000
000001086040072015091060027400035009000096000000040100003610700870000600000784002
020008600070043001150006000060379082009820160284050937010905000307000500695007208
020304087530798002008200040800000420462080000007640030000030700006005001005120000
300109007078006090010750300020000873900300002037064900700940008100000000490800030
080270000670904080030501000000305018010700543040800000000458020850100390000690850
200501007015003000738406050600210003009704020150900006020080730003052900801047200
009001004000980160100200008000005010003000800460700030000002907008030040210000603
284610000579000600000095040000004081128369000050200360000050120805020030002900000
503962400100070000260001000957028030820013097300709080080000900000080071700096042
000000000503108964007490302052800406060520030300600200495382600038700009076950023
075000000061700000002000000000000001000079400400060790007000000594000070200010540
500703000704200590000060704450000028008400003073080000800906305900054007305871900
300520097900610580052409030000002970000907310700301020000000708500000003603700009
145370602290045003070006000804607905637000400000014000080900000063402180000701369
000000007030400000140002000003800100900005004000109200000080700000700030001900000
000006000009003006002000753906000020003900000080205600308000040625000000090080000
000700000970001050108000300000000030094008200002943001009600000400800000000354900
025006000038000106000800570089030000200000400304001060100004000000007200070010604
007659010000083000000010000000040070050901000002300061000500090365000807001827000
340080000200000000000003280530000000020040500700005002050000007403020090000030120
000279000020000003000318002700004200000007040003920076040100000009760050276005901
008710000005000000030000010000080000506000003000000000600200800001800564000564000
809204700000000000001009000310006085790000003000310060020103000100080000087005000
089630010000000003000001000103002004090000028000009001908400100231005470000100009
070945210000300000000080700000050002000800005036000100900200000007506021002700600
009000070080050001320800609050000008032098006078000000003060105097100000200400900
200003749056009802004182060090020000038000000120836904019068430800300097040917008
060290004300700900900504006103040007058967102000300080234650709790000560006079040
000000000060009000005084930006000874510408300007900021000300200030502010009010603
007039000260100009009608000000300801801070030006000705003002084000003000092810003
567000300100000000090000001630080000000200036042503008006005010000032850750901620
001040008624305701000700020800196002430050069060000870000904283003001040906000500
000000690060000400800603000500730006070000280601000004000042007004000000706009042
003070106051000040000500000700000403390000801000903520432700900009020070000198000
000000004000000930003200070200386100004020068800000000768039001150600000000002080
001007000000140000080003400010960020009700100000310600000075300070000064100090008
008004076062003900400000835507381069100000000090005310240570000930002580075000600
000070000700853014538900670000700009005146008000009040010460005800090400600000300
060903000290000060057000090040830005300275140705416009070008032530700018010052074
097341006050008100000562097008005972501729000972400000000006000720000600000050400
806123500547006200213400800700060000609031020000004000032790008160000970075610032
003400709260000031078315602031000005002008010509103420807509064005041278400080000
502000006010402798008000042007000065000200903983010000830564000270000004004700831
802003749000010630000790021107508000538906100900007083209081000460000318081060290
437001602296030500005090034023040010740010306009006040004000009870259060002060170
000090020000030140000000070500000700041800203000020400304080090002000807100000004
000800060920010784000692030800569170310084956095001400501003090030028005209100040
060000020100000430030070000300000080070008000000000070043020796000000000706030500
527140000000000500009502040000000010870000030000000850008061023700000001900003485
060200031050104600300080502000040000000009058603850000100490800080010000004620015
070104908806003100002908000040800305000005400009000000020000000950037040100000007
951700020080000500000000837800201059009300002612050083008009005096000000000000000
000020000090760052400810700900000004010000000307001000000000070009004080100600200
040900000000070540060020080000000100250000000090043008400000000000631470600400020
030100569590007004001695003003070002100006005029308107400210350000000470300080920
800000000679402301000900000000003000000700000032090080000000093018350046000004000
050080264400007000000000057604200310507109406000806020006400070100060040040791600
790068000004203001352107084180630005070900046000000019620700008040320007507000200
053000002108543000009208000080300400500060008000007000800130004012400087905786200
000007400007400501040060007086050790002000040900006000034600000005010004000304005
000360000009280000000900004800136945500000000030000070000672003276010409000040762
001208704258470013000301082920046000000020060000830000094010027082094030003702900
019000700060000000000000603090653072000000000600000000000002406000000000801904530
520749083010562000090380005280000031000004800103200009800605010070000090600400020
006230078010080654070045003004000001523809400190006005200090006005000049000063080
025300041300040050000052380006000000050700090040005060001420500002503800530006429
200067509070509100490100060002000485054270690906485200008002050307056800000004030
000200008020008000000000040001000400040000002752000000000000609000005004270039815
300860000905740086160509304002000809896205001700608500000900200203000000059300000
400500010190048060650903240302680000860009400009000085000000751070394026006701090
245806000308107000000024030024003987097012006000780210080001000050068072700305000
010800006700002050900004000570000000098050000430928060857060090600019870129580630
600548190400010630102000005304082006020007354976030001703800000269000508018020043
003150060000003850000700342502000004000500190000007205000000510900000028824000070
010364850030000012058102000087923000004070000092600700070006508600458000040000006
000001000862300001100620000010807000000930000090100000000500000050000020078090050
008002000000005602000047005000080000000006024000204000510620000704051060030000000
627093085800670010009000267004520070062030090003908652071009040008000020006000000
609003005003700062700609384060000000100905200002174096000090600590000040200008750
030007250020801907000506000050180073000040060000000800008004100205008094000200700
608010730703846591019007600074008000000250040900403000005090403406501000007000000
000000009059027000008056203872400600365000104014003002000000001000002807007000026
003601800090000014010009025809200000000005203000167000004000000187000062030006080
309700001000100030600000807504200019006900000100845670060010500040070000001400000
305000009040906003000302000609201574007608130003470000004807920100043708076120305
060009000000800046080007000000008600730000001906020870504200307821763050003000080
001607002020008003730000800050812076967400081018760005040000000500900604070346000
005000008800003000401798050080370000000000000000009000010900000058100040004500032
060020405045106027000504000000901700000040109009807040000078000500009070706050904
600758010001600050080004236000060000030075192000291060090506001004000680500040923
720000056600079001180000907800050002030000095090027000460000000000048579000102000
417000080600001000005008407100025000803610200200300100768150902930006001501290708
000040001000050400070000080037400020090208750080503100740082065120600970000700010
000040000005208317008001050090010504130400800040900020000060090684020705209073000
006005900040000030090103408000300024250000001000500709905600000480000017067804005
040000700006000090900000050000060500084510900000000800000130208000640000010070000
080019603000782009000003800008030205000600000500800300000006400070040000009001020
000060000060932050039705406900007000003000698001089000008071504005800207070546830
000700000480002000007108300510983020070451000039020051300070819100036500745809200
700009600060000590000860002300140025275603001000070000030001000000005060000006810
083560001000003000004000002000007500008006273307058009695000020031800906040095000
005000004004005010108094320006342001050906402002750806000819003800400207060000080
010040090008590213005210800006000000003654700027301004504000068800005000030060405
008100000903820005000006080009200000030548000000001027090482060050709200000600900
800090050001030000000005300900000035000023000000879014700000400090002003000050000
000309000400052601002076000300605000065000402090034506000400000040000800000000004
807005000190630820364007195082040036030800410000306002000000000640700058008061073
008007190009008000037000080600005000002760000000000000000003010041506039000080060
130806507005900000400002001300000100000000403200430780040287000013604008070000609
894200105070105049003009060000723000002514986500906720080092001009071000000000692
100840930020700504500000100030000090489032650075084203090003705306007009700008300
080096012000080360600020000050030187200178005870450000518000006700010934340000851
071890430003700005500430716060003000124000583300200609896304000702000050030027060
902000003405013962713000080008070000000096300590008001050030000627009100000007059
000063089000009074800174060000906008100307000000400050960002000300005840080701690
003051047005000003040638000000382401230000079000006000306825004002007300010000580
400080050500007000003050000000034001081020000007090000608070004000013060130069205
064900000800000005090702064016029407080007000007000000603200000700000020920070000
092000060008000000000000070400000127800000040001503986020030000000800000907000604
601035497350900000000000305100500970007000056200790100010000009000051730023400501
000000803080400000600005000004000030010904000700000000000100092100000300200030081
000000902105097080000008100730180500006000000000300000000000005050700200200000090
059800004268300500403005000607013005094068020032000876320004008041587260005000009
001934002520070004000852006050007093000603085030400207000521769000300020205009300
006000000008057040005000009000010060000026900000000103200009010180000006000031700
000000490000000306603000000010000960309001000005000200500910700000000030030000600
043007008918036752000009003407890006080000420130274000000950000801040000290010074
000400000004000937000003004900000080602108000001009000000005000000920006000037000
013604000407805000000100060028003000050289000000500000000000001000000006004956000
000000037030800040040002080000520000050060001073018002005000000007009523009230700
070000501300106740050000000000405003514300800023689050800000000009008007000030000
180053079209408530006000104007800013000040650013005000060009045891004700305276090
300000010005102003002600007000260300600983000000000006000000005530700000046300070
180950046060071000090642000520164003410307090000295460800009000000710030070008920
000187420781042906003095801008073009029000000004920000400209685060710392900508000
020004050040000802005002604000000100103000740004009500000600400400000000006040300
002000005000004000005008037000807093000000080706900000000783050100006370000000600
007040030049130000035027000900080300000700009713060000090008100001090050300001690
002010380706438950000290100200000800600000001080052700940720608020803095300549007
100870043000054006430020098000013067321000480000000030008005009006487000500060800
070002080030000000000071000000000890080000060026409000060090030000260078807000040
209000070076049005500000900000000056000650400050904820800000000000800000000060208
809300600073026000600010500000591700700800000090007280080700000000000400060100000
000000006030608000000000009000001895500740012013089460020800000470000000056000000
400580907000000508500000061397000000050300004000058070000020000165009700700000800
090002000000090240200080000000008005000019000005064000000056300000403108300020650
000030000800009501000600803700050000600080030000090000078060050400000007000803000
000789200240000000700200000000010600501003004009040501080030060050000400960400100
312000689047006020008000000000030002005760000180000060034000816001302090700010203
900700001600000000008106000006500300000060070709000002000605000097000006004070000
790000050000700000410200007040012760000090010000807090000000501907005000004020000
000800010000100050000502080000000005000006040004050628203640100000300004006090500
605030492003400010402000000900000000006000054000800020061000509270590061000016070
023801090706020008008690023002450010300000600010200054060000007080060030401009205
506002030008003000309760021051208703824300000900500080700621348080000000060004509
002000007060030900300009004009600100700020000200000000500194008040067000078000090
725046380830570000009103000106357002902018003500004806200460508000800007350720000
108057320026000007590000008009002000804179652000000719075600001081705463400801270
240830057706040000839000102000007210060000005302500764903605070600074320074920506
010000003908000005700000600009000010004600020287140569370560980040000700802007006
003060800004100000060004003050000100010050200328007046002091080040000960600840302
000000000003000507000041000000805701000070069001000000300000870700613900200000006
760100054132940000940000003081000600000000002009000008204000830070000500000000200
640803290080200000000460000018002004002004050004000030206041000830026000400009700
006108570005906800108705600674890051500074300800002407289001706000007900000080100
070930800500000070000000030017000480000000203003000000600040090000020000000103005
000405982892736004000280037941062753628300090570004000019070000000021000006500109
020500800507003261903106070000758000700300006302000087465870000001000008079000654
000000008001000045006000000060235009900060532000000060100000080304002970009304200
040800013000604928802310006007040001180000042260000300050002007020081034010005009
940060000500094600000708914158400700000005000290006100000540300015902000329687451
700004603018365972503000048030506007907431000605700000840100006076000530051600000
000236008063079001800045630400092807005461003029758100600080010000507000571000380
000000800009085000000003000508000010300070005001000040000000900090450000137096020
106005080708090250030000000000081000000002300000000408000004801009003000504000000
070006100200819570800050000950730006703620050602000000080000024007000900009400001
208300054005000930003510007050900010400200600009003000820009000507080040004750000
400200000000000000590061300200000060009610002706340090024580010005000009370000800
031000000500042030008063509080000096700000014000070000140006007003000040857010060
008000000001408507000201608890705003700100986043096075300000150010380700009500830
000000002230100806650200000007000300000971564000000000700028000090700205000000000
072940630000207090409306720000700403950130002341000070708000006000000951000400007
000090000062305709947006001400000900079002006001050000090070002004000003010500000
250700900000000000070000102700900005000000008894035000005409031038200709900000006
076300090805720130001980000000000000580260000009000000702000860000090207000002400
720903860943600000000725403000050300000436000406000500090308000368070954002094038
640805032007103600002604007008009470300007008006500300205006080704201063060000000
503064000289300000000000000900000070150609002000050000600008023004000600032006000
000500000000460700004079020000206403002040009700000502000604000000000000020030000
507010400000000093103040507000002306300009002052030040004005000000000000005801070
004073000000009040000600370000000081090004703010060500000000000001000004000006005
096007000050108006841090703000000460500004000400000500100070005305001000009000024
540000070000008030306090000060013000000080640080405003030072500172850300000034710
304100000000025049000000000500000780060004000000000000007518602029043050105062400
000072000047900000096183024000000010180704206060051000000007460030206000624008070
000025700050000004100008002020000459308090006040062083760483020834050617500176048
700000600000070020050031807010000000000069008000000000270910080096300750038705901
300004001000001300019008004930000010001980040754010083005000039462000007100800426
253700600000200708081000205007000900030001004006920001000090300000307086300180492
000500030050003600304072009900800070000200000000300200008400000502000000600700000
700024593030008000000003708800459076367800050405376802900600000608040000000000000
764105029500009600030040100320400091640090000000073406000762504451008002200000030
004000500080057460735600000009000000000008003300070000000700000003062000000000070
500026000000090302020700000000904000009000870300060000001000003000000107006170004
000000000000483709000000004000600070020050000000079150670000010209018640831746005
002061008000800090000000010900000070000030809073900000700258900649003000000000007
006048520500090080080000906093004000000000700700060100000020000074000800065000274
350600024000007015700500000600000530407230001023090070800750000275000040100040000
309001040806020005400005001703000000000000009000009850041000008985000003000050004
007000104009801570008065093073400800086027040000608732700000000930580607845076000
090800001006002943000400086005040600260901374734200090050070000000005007040108500
510000043000000000720040015000097304000083500000100092050800000000950000000000000
480100050590420617000039000000004008009280000000065400005940001000000200900017000
200730019005060040961004050000090260103006085426008931000802100000000520000000406
000000370007602009945000612786241030104900800093000000409083000000100000308720090
500480209007630100000000506006040000004500301709000802005806407400350610081720900
000020370370000000200007008090002000005060000000000020000071080009200563000300010
050000040000050008083002005070031000020970000030020407719005024000008000000710030
000000000080020697700005200105049738904008000800050400009000106250010970601003800
875006201060009000001507000006900007300000086007658309002071000008460932600090700
400580000000040280000003149030070000000298053908056001260437010340000026089000030
008000100100000000975143200827004000000000027310827000009000002000080001050000780
000000030000200000500001000003000500002009006005000000000900065900615400050040700
813070000000010007609000300098050400200890600750430800000705030540003190300100050
000078000000640780800002050005000014930021067142700800000093105300010070001860030
034008000805000020060002905483005210000060000120000700007400030600000007350000000
000060090000000006000010500000100400000000018000200765050000230081002600000006007
030040000010386405504100000000002501090800002046901703801634000000520008002700060
002090050079000200503028007350802100207600030000503028408200010095300072026051843
850001042000040000004800000001030000000610000000000700507020083090300600008006900
000301600008000007007080000000800290001000004906740000000050000000407000400030005
109008003005007400204560000000630005000280030306000289000800002000050890000040750
802000970615930248370004000728005091190070004400310027530008400004100000900000100
006080350708300900052004018070600801090257034004010200087032100009000023023106580
400700003309004710201000050000000508604000007000030006948205001030000000000000480
000000005530482971170060800380249100000308000000000580040920756902605040000000010
005020040000000903610059020000710030003082000070000000000008002000000060127000000
051020408486000000072400900007000000240609170000000200510042090869031040000000530
790403581360000900050007004023040050648000003510009060030080719170630805405070006
000074030000000002000000000230000807400080000000206001000005008090100400000090203
291045070070209004054300200700004080000568010580030002005002460060053100020090830
801050732504300608200180940605093080002001400010500009150040870409700000007005000
005206000200900000000000000050407000809030000070001003100089070500060010000002000
050020709000004000000060014090000301000000900800002006000640030305090040460105000
000000020000217000020048000000400500538100647600380010380001402095700080000000195
560018009102004003040300010095000200827040361631080900906001020070605038318000000
005700000083000007000600000009408003301079000008000900007900230000002701030000009
600050080021800037048307510000400870800006000100780326000008053005001000006503090
701600003000000017380000009207001630010380470000000105400517086105000024000000050
900000000128900070700002090072650900394027005000340080001400307037500600469200000
000500600010000095090010000000037006906000008000600100500740000000000000009100007
084001032170320004930000006057000000013080000400000200745000020060200740829400001
509000004800740900070009068730000500090005030000308090380007000000000603200036700
481075903000081052275000800040020000507640201028030006000050030000014008052000009
820760000060950040000020600201300000603040002500170900000000000010030050985204300
002001790900328416100579200070003060640780002020006057206050070780060040095000600
000600090500390001900024056300809004002030900180462000000083009490200300853040002
800090600090370800073008491010009006904000018700815000200500369005060080000002005
021000065403068000060120000004839007030000000607002000300000049140000000070000086
008090100690712340007030065000000001060020400049067003106070000070000010900001730
900000020060230000300800000000000000009020000800009000152000090008006250700002030
329450801040810230000090065100700004500601700072005010010004006806070003400060027
070546809008010006000289170009037080086000347003000900005001700060958000000070008
000000082000000400030000060000900030000204000095100200004500603203800000107602800
900000200000210097100097006589000001374021000060009730703402180640000003000000402
500300061618542030000080002060810200850423700400900105003060510005230078706054300
600503800000708260000160090000000786305080109800000530504200000000050000720309408
000508009815069074060704000080000400200380900001042007308021740070050091129070003
680090040000700860410060005003170008008050070000000000100000000006000000074000509
000803000130205009000604300000006090000030200009000000800001700210507000070000030
000000600120630074039000000000000080400291060000400000000060700000010920002000540
000000040000020000050000100006051000000082300840900517000600051415208706000140000
005040078000870201000050043006000105009003000780500364070005006640207030950004000
100070046009013000700000010800490000040030080310000094000000120080001703200307060
420500007050060000870090005004615000798342516560080040000120000005079320002850900
908300620062000040350000080107540006040003071023000490000491050090205008035806004
030000002000080045560702300006000001023000004400030060040100056085027190310850407
040030620006008000000005000604000007010006389080200050075060100408090000300070060
000030460001928003000014002370106000000009700090307000000800000000500000500000009
000913002130000604020600003000845006301709040400136700070068000000057368083290050
000500701000127000170600905000030600060075000000000000046700200020000800705002000
170925008648100092952600010265840937000309600007250100006000079029008040000700006
000690070307000009690007082064030090500760003030019746273981405901056030400000900
021068459045001706000090210000007600007600020004050370409020160010000502003006000
410753680000000503007869021970008050025000000104530000043070006059006234000004095
600000040240000030001050096000500080006000214000104000009608070060701005104090000
710200000020000000000190300008400050000020800002000000200900000800001400030542080
000300207060407800070580130057090004140005903039004000700001002000002578000000391
082009701070248950390017824000923000500860000000000000950000008060082519823105647
614002009300000507027000000000054273100000006200860140961020708450700961738910050
408300095003090840050000300080920000060000900039000010800009160640080509390060000
730801052190620470026000810602300980010908260009270041965000030000500724000000006
800000003000480201000009008000100009002000000004090005078000530653040900290063780
000000090040000006080601524006354002708006000530278010000069040013502907609043200
005812300810394000094000021058020000120046785906058132030060018407000000500009070
530090400009020000000000801080000905003015270950200004090300100300000080100780340
037250860000030000000609300060700000010000693408003000046390702502800931090000000
800067000125300000060521040000400600000200000314609205007054000451030092030000100
800000010360000000000040000000000600090700240003006108036510002002000951001820006
059008040400050107017004020900020000705083490300000200004001068000400012002830004
720080000800605000050370180300007060604509000170060009000000900009040850060900000
306000908080304002527010300000230050200800400875001036090720105702005649050049020
048906000000700280000080050864000372007000000000200046000300008930020460700004003
000002030000060102000007008800001000040009320200600089000003000137000200068205710
000700008001049002000003950004000003000837140700000506406070801000918400819000007
050000000000000004030090200000000000082030010000000300490012806005080400076000000
004005300250900004739400020800092700903147000001006000546200007090654000302709456
308400002200006004491005003900520300500030479000900080700000041830160907100700530
010600005000000030050000007001004850805100000047002000002000703189000520034256100
067180532000503007300009048001057006846000005705000001000030809680000053570806010
018020309002000084000004006100847000700060590326000040500000000000472000007000010
030209000902050000050604901080000000007000008020080570800500200040000007003100050
100700050000009340003052000000900503000060010004305000000001704007000028001407005
003087100070000000004000002205040390300028010000630085740060020600952748009004000
000000800000403000010700040008030156000001098106900020000000004004000030000000081
349006008605781409008400000006500070780060521200800046500008600000009057902100300
670090000020000060400700002000162500000000600010950070300070000000000800000500700
100900026000513490007200003900600500508700004060000900600800705380005040710400300
000000109060010700002004030500000082000298514900000670375826091280100007410735068
002490007000100000000605493936700512800010360000360008095000201127900034000070000
070002500300000901000000083700004006650070420820500000030400705000000042040057000
086502930042030087139080240908050312654200800200978050420000508800400700000000004
000050000501000802000002003300000020004000000009000530793004005800205000000000000
009480003350270000080050072700002400000514300004093068620008500900600041000905720
000405000600070054045869703570190280000028500260050041057901362891006000300040800
018900300000000000000730800630100042080400063000003700201300000000060000000200009
000700000570062018200831057000100005017046830054003700005008003062310000700054200
000300800530008040007460000100900050004000702090006100070000400400000000009004000
005000900460035817070649002037000004000400750002057600604920000701000009003070000
001009008069085400000021690020000005000050001000006739452107080010930020008000070
069047020400001050000900840040032005027090080900680700734009060002508403005070219
704000906060020800000000040040030105030109070150647283080390500300576000506082010
859300000004010800001008200100000485970000103000030000040006500602900000000000002
000750104009308000050004008000000385600030000500200000000000000000007200080000060
100030006060070903900564127025780004340600718000309002053206800006090030800400260
000130040090065700001000500450000000000054000006000090000080000080016320607203000
603000500920063007701205086000050000070904060562700401006187900000540032400320008
060000820500020004082010035340200900000009000000070502030600000020040350004003000
750020060000570100210000007000780290000005010800030400000800009030007001002390675
009300060010070400843050200200009051000020000400510072600097003081005700000100506
703000005100200604906000372604058001000003007300700089000000040000000120001300000
008500601009160003010000900073409160021700500040010307000000000307045000090070400
000002701000000030010359082000624170000700000000008200000006000204035000900200000
208005074930060000060018059070000001002300046084150003006501000040826910590700200
400000700031000090000098000000000000028000079000080000814326050700000020000700000
060007500080020004007095026000580001600740000000009200034000000720000810090206000
901000008045007906007600000450080020000043897800002030000058000706210583000006000
048070090901040020273960050035010060002680543680400070806300710320107005000000032
512900067607000040000760052305407010800000905000500080040800000900074620068100470
000000304000000789007004100000478600004002000020000008900040003600000040070503090
900000050000200030408000600089740060000010002060890470013050240690400307002100000
001032080070009032000080000002000190000006327000300850000200001020000060004063008
005000000900060217000900006053000968089053000001000070006007400000006000200014000
480000000060000003030006208006000000000327005003600094600080030305000700020030060
015938007900000000740201039600007013300680740070002980150823004009100328002096070
600500000050700640300840900000900000000300200100600000000235000000007000000190030
075060240601000003900007006090003001167020405504010002400071000000045307010682050
400000000090500004005002000010054008000031600000000910001000002200100000680023100
000090540004000000000003700503007600700200035000000010000520370820000000030900050
020400900000003007000020401040090005000180000000340090000209078002008010075610039
028060410140285976700401200060000040085672000901004000800190004010040082004028009
730058000026430500801020047340710682007800000208003100092300050000004730170086904
000070400001000050069320018100493000520000900000050000000900870000060009002007000
279000010040700563300080702685204070000390856907805201760058000000003005510902600
213750000000000000800123000087036500000000000000047230000060000102075000008010070
600530700000682590009700000397000800400800070820007400200000000900008005108250900
209080401805040200007006853000010000154260000000009000903058000000002500001604030
700000830000970000040103000000300082400218070000500000001650040080020090509804200
003000170002067900000930080081790004000006700300000800030280607120009045960004010
000502410000000060040000000000097002510430700008200630000080301031009000807023900
000500000900000751010006048004100000230800000000000000342008060000090004600000800
000008000200500000806012009090030021680200000120074006000023000000090000500000200
000000057035001000000500091970010035060800104012005009300700000050100000091000008
000690020200000700060024830020380070830900140090000080689050304003000000572000900
280000003500002060000005008340708000000050230000020600751000000000600000400500090
000740209000829003009160005367008000000630540008200067090070052000906034004002090
040000060020140000000608010790580300085001000000000000000070005000002004003000100
300760290607020085200000040700000004000050000000000138000080002400090850006007003
800020705030007809045000130000010690000070008007083450000860000080100900010009006
001000009000700015007140000000007061090601308006400920480302090009004702000010000
049002507700000068026710000000001900000400000097030000634020700102000306005603821
000100905459806010100000600680010000000907000000000000001060003060208000030700000
520069803090030050080500906000000080000200000900000020000407509470000000000000042
900000503607300180345008026070000000010000002000000978000786235008000090000000867
000809003009374065034020000060900000301057000047682000605200401008100000410760980
000000000090413760070000010009050020000041000503708000000000408000000500000005206
009000400000400390000009100007000000002000080040000071060003200000291006200004000
201485639000000500000090000857049120123508004960031000006800495005063000080900310
007001600510030000300782105752093004406005309931600527078009401000310780000060050
045100009092007600000200750000009000406020070950600030000065000038902500064000290
900152000403908051005036079092000480016080020700029160000003002034097016070000348
007010482042307150000002000003105900070000000098603005200031094950280071001954020
000002763067450890200073500809000430706340910530000607901826300000010286080700009
300048006900165000050302000069010003843090000001000650015020900000600000008000000
080000100064000070000406080021000040000100000005070620090740000000030000000020098
000800260403050971560000080624005130005300426830200090008090700056107800010000059
095000074020096308000004000080000690542901800160087005200409160050000000310002509
000182067790400018800600503000068704075000800680007020918050030567000100243090005
310008004020003000065049310240091003100036000653400179500804702002300406480900030
400170802610000000008050000800000007500400100709010005380029000000800200052001080
300007096750001302006080004003065001020000007000000003000000000400506039600930000
200015000500030962700062005604701000000200000000000781000170300407308000030009104
310970008057000000008041507001000040406700900005460301073698400100000000600120700
080006005007043080030108207023014796090300108008070500370005610009207000850961000
100069050040057000530810069000200000000000700001006005000000100050000090000000500
508740000074000000030285047306400090000097060019060204050924070107030420402070835
279040000000003000061070548020400000006020080100009000050816397008300004000004800
001700003508032100062000075915800420783004509600090300007300002049510000836409701
003840056000000100000000080309400500000000000800000000450100000600000000987004013
005806000004590008000401090000002000000050001080340056010005002060000500507000019
000070090093800020007009000006500008534000006000000004700300140000100000040028060
061093000002065009007280000000308000000000950000000830000000795046057003050030104
000008000000010800000070300000006070070030608090700000000020086700001000006000730
610300400924060500805000701109006005370000010000409637700053248500800179000901306
200680000005009002000003000000030054137000098052090730900320060000970003001060009
005000002200060040970021000008000900090208675507903000000400160000000097010009400
000000000402031000006005000000050304000000000603900800005023006901000002004000000
010000200000080059000072080000005790000290000700600000000061000106000000004020060
029006107010240000080107000163000900000613020000000000600002000040000000730098000
100500683502008000030047009000001000020080010370000000209813000010000006704200801
098140320000900000000520000001050090000004200000300400180460000000000000000000100
040081073750400000090530060906010047500274800000000351200000000004100000019750600
900000006005892071007560209300000560006900710070605093000000000060070100000450620
000302800003000591680059020000000009510007400030008050007860905100090047395024018
070200650240600007080000204090001400050800000000000000307000081008000000060018370
007001040008003050002000100005008294024500000306002000000000000003000000001306000
000000000007006031000040685028000000160400008090020003419000006070050019000004000
065708002000009080800304005200005006000000007006000403700083004008000000004007200
132009070940005021007000460360004000000008000820690050090040107708032046004007902
080503409000018060630900807490600030302049700800005941004801670700450100908000250
894700321057000408000009000008620009270103840031000600700000010019070000302040007
005000000100420500000000000500000001008000600000078050803040060001000300650900007
600710800000060000100402690008000700700048926000070038300820067200057004007030200
570000003008002457600570801200090086860200709000061020340709012089006500100040000
700048000000000805840369002100020000027000109600931020200005000380000500500603090
005640000006002930128003470360000000084025300250036084002000800000009600640781502
090000070006001800028000000000065000645000080079082560080697000003004090967100450
000200000973000420060003080000005600000000700000000030038602000049000000002040000
870430009095087002320069000100946070007013090060700000950000060206000700713600080
004809700000020800500703600090000000000002357000001900058100200000030004417290000
000500800900001000605000300002000030098005020500000084050600000000100760000903002
800000300000720080000890004400030701900000000200000800300002060000080430680004010
002134560410900020590007030000002017208000604071490000000000000030058102127000850
105000020002016043030200100513940068009020031200050090000804000001000080900160000
078020000001405003000800009000300900040002016089016307407000090002690050096700200
000002050024010608009060020203150796006000541001609080035000060062500907010280405
000500040058001200109000800500000007700200000083000000000170000200008009000300000
700030096002960000000078200106050000500090001900010005000000900400000500200049060
060000030000030000009060080100620040000000607700009301092000576004506090070208000
905008000000234000000009000000073000007860000000000709010002005050000023000500060
040089000260003985900002010805060000104350069700001803402100098503800020089024030
513020400049300870080004005190000004000000358035247960758000610361005049904000080
001000204040700058000046000020609080130020607600008000802060000003000476007003000
500360070009415020036000400600049513003086704974000000000050002405023607002000940
100060040000000000000081506000005800000607050002000000070402000000198000801076005
072001009618395200950200810000080003300000000890030060530070900080003620026900430
002500080309000204781040900020004018000007005500000000000028600000010070000000031
000000407601040803204005000000090710060234080859070040010050690980000030040060270
230650000000003070500400000000200060000900080000500040090060401600105090051000007
649307080000000600082009037070086000405700806020000001700000003260093010003008260
000540208005000010002000040070000690940050000010000007320009460891060032050000080
035000790040789500800060041000600009901007650006002800000006917009000400204071380
130000820000000004000080305000000080001000000002100006560900100000010603018300049
006020000908005060105000200000070906500090000690003005000300600009200000000400000
008000900030002061000390020000600005050030086800510390005000074046950038000467019
000300685010000902508000100000100000175008439082900750006002300431700000800003000
600700080000020091000060047000000350700000100000802060900040000006503000030001006
600000809004900003070300100040090000090002748000800506302010080080060007007500062
086300040097200000000000093460070019003902000900460370038700400020000830100038007
847000000200639400960000005500003071021005030000010000070591008008024010059000042
004005000060030001100000000000000509050020400603001000830100020000002060070380000
090001300000020005000000000000530400000207000060000000000000090020965010600148000
000005100005000700000000200000007002030090800000030901148700000000040070000059408
000010500000986003100502006710050008000001300000000001600005009000007100301029067
100903004503760028004208590800609010000582060009007052005406000000305000000000005
900000000100900002000005600010096804090500070000010000300000000000009000029058060
300800900005000000006010807007004000000007240200001678700008000008009730000050400
060004037708000024405000001073010009816200070942305018094002103250103006300006052
587400010034900000000705400403009000901000004000000100370201698000090000006503200
108500060040629781290000003000402106609000000524061000460000500053006009000370024
085700039607300400090040001340000790020030500500970000004600007172490005800010003
730006291920000600000010004000000409010394000009070000500068902492000800186400003
000065000080900010000470300342650870000000000010020000000006000004500080061000050
500000002370602015000005000600100050000030000000008000080000590095000000102500380
030400020090138500000007803700003000023016900010040002600904207004002068070080495
190702860008050000720000000000000643300090205570004900001005030957000106000008000
080002000000450700021036000000000900000095000958207006000001000003500800000000000
604005000000800000070003600040007062700209804000000000009002005060000000457390000
800095003060000500000000208280500730400200600000037000000700020700021306001053807
600010000013000052000000930000230100100800200200009040060090704000040000001508000
000002604061000500200014000300000001109050207000000003000000005032740000008000000
005000000920800007400010602250000000000070920700009406002968704007050060098000201
000004000003600100980000000000000003200906010871000000052000001010205009000800000
008003249000000000610000807000014008900000400100805673067430000000087134000520700
000090030100034000004205197000000009708009063010500028000070040300050000070000800
000807610006200000700610043270098006630400590000100000100000960569300084087900000
000000930000005800000903050070000000206008000008000263061000300302560708000392010
004900010071000005500702608602009057000000000700020300380591000009000003000000000
603875409400600007875400030050900103030750060900130705300000006540000000201307094
900000000602100000000980000376008000520060000401000000760000402000706010803209007
006000003000091008000000570035180000089600307002700001004000000503900042000004100
608004300000867045945031008000640059480900703109002406030400291090000560004100007
500300000030408000000290003408000000000000000070080501050021078060807005000549000
100200047028000000000000000040010038780400200200000000000008070010000560030900001
900000000081009000530000000000980675090007000700030810000000030625103087310708500
700200000009600000502004000300000090400506020000009060000060080600000309200000006
000300010700900030000107500006403005000000000000000007607004009005092000008000050
700000000050800000001000020600000090109000840284097350028401009010906285003580100
070000963520390400903040020009000785000020004004500030150080000890600100300000002
620000910504031760009700408908060200700254801400819370301040000800173620000000037
403005812000100000001094560600981000009743025007256090914000080208000000700002940
000200007700006000290000000000000079010830624000000000020000500008304000000020700
040000201021800006070000400030050007097200504000001002003500009209084600060900040
000007408000402000482010070003504800809063007004829006000708009291605080000090003
000000001501090028008070900000600000000124560050800000003700090000000000700000840
200039000600105040300867000005003070060042000000000000000051904040000561000000030
030000800020310500000000000200730090000060045000020070700000400406070980003000000
000934005394000000001008043002000800080090100600875009050040090000500070400309000
000001040000500103060400000600000500570390408428705039205060090094850710700943080
000005074400860030000274060704020000600583000005407020050000000006390001803050002
070001023080000000000500008003007000060058009050200000010026004045310702020800300
000030015150079004300010000619000080005900420000500000007002008501796302023050000
000250000023017080000800023834005061000000000900080075300100600009030010000400300
400000000009070000502800000304100090000004005000090304001007043007003001043900000
406250010000634200050817000003040090001306000240000076080460020000000703009083400
009000758261070400080049206570098030120756000000200567800004000652000301014502009
520400300860930021009152800400293100100708000900010000000000000000070000090860703
000000042008651973079004016007003105004010069021000008056439200400008057180060300
000008420200900005807030060000080000080000006920107508000290050002605800506043009
109084600000000900076019408760000302000423067203071090615002034000105009900307510
200000080070129004040080000500001400600090000000300100003000000002900870000000009
004006000080050009600000004170004008460820710920571643002010050800045030040290100
064037200000180060000900705750010000016093007093000000001620040629005078000871920
007600300000000000000000402008000000500007089700800020060401030150008200000002000
100000000000000000046701000000080006400072000981004000750008000000057000802000040
800410592000000010400295000100900800900070450000000030002009007704000980000000120
038754602126800000400000090200000056009005008064080900800047560740510009605200074
020003000300001862004286537006000005900400370700500600860305241412000050530104086
054000000008000006600089041000806754800400023005300008087210000936500012201000870
500000031070010020810500697280954006054000218000201005036400050420000163000036080
050046300000800500000100604005010900000580060140309700000900070300451200020730045
004936502250800009000200040579120300102600700000007001380769204790400003420010960
000461390000508000004239700006010027003090056007085043601903000020000409349000001
140086000000402083006000004010005000000020008680790020401000750000001000308050109
860301750130507060709640000400700080005000400080000005098010007000900601000000008
000000023000207480000800090000090070005026308700480000000000900008000000600300000
300900050000030800800000000005008000060503007000006230500070100090000040000000090
000200000001700030000001750070023000000090100090000000810002069542000007300807500
014300000706009005205060910060003857002000169850000340000000000028016490670900528
500006090000100386600002100000900000020000000000060920800000014000000238016200000
001800000000629074002000000000070300600530000453290760200300000030005000500702000
060005000800063000020801000009000800000408006000019730002500081004180200086092400
008500620020801007705600031000000340603010000002340000000700450907452003004163000
038006705720000000600007000917452080000083000300710250060001000043068100002345069
106408003080005061307000800700060104010502000009000200000080000000300600060054030
001000000000480051000001020800000000210070039509206074340092008190760000000000092
096007521084001960052900047020630000900008030060400010609004300030796184400050796
168040000007392600903806504080060340000900700670400802802074003706039008300200460
000000856060004000090568010004056201218470005000000007006040590039600024702935068
600050320027600090005002641070031006403000070006080000780123564060790102130006789
800659032900000708003070009091004006605000204407000013009200480732000091500900000
020680100080907034007000805090730000000000050408090300000000000103200589050003000
600080390000704008852010046009400500005030080080520903970802030530097804020103000
600408100020607400409002007010020070002904001900580326054200700030069845700805200
705026439430000000600900000900005800572300900800100000200083100190600000380000000
100000000007000019030210750000320000003000060059004000304007000000000030000032000
800001500950608200000459368500900002208000003000800015410000800000200000702000030
078004003500900000020000004300800641000000500000002080100000379000009000009186000
060000050004710036007063082006009145000630008980000073100890004200371800698542010
004080000601070000070409100360250009000760240452000030716030004205948000800007523
000080306000060007306000000000007830004006000000300600180000075060700002070001063
401005020890020400000000000000700100002500000000000003070010350050070010000050008
200000000030000010010300800000000206357000000002000003006280390021003070000000000
000003010000870003053010800021950000436081050507040281300004000010700624060008735
200490037000210040000060005674000090902070510103000000040006081800049300506000409
030209500900000080004308007105037640790600015400851900370092150016000009240005708
000000001000970080000300070050000000234600108090058002000000000000000005060210000
010305000500600090000000400000700030000000510105420060406000000001537640000000009
095006008000308000002400710000001903000000870000000000650000000000000065020605080
100057000290316475047900060000100007053200000010500048060700054000090700071845609
001240357090003800030000042048900600103824509059300400005600700800497130900030006
020000004000900070000000305004870000002000009000090207000039040000400020007001000
650130090300090008070068130060305020035921000291680345000400010100800050540010800
020700100000400090004000000930057000400000010700004309000040900000090700095001002
290300004000000000000009006070680005018020037050007080004502700009760000000000000
007000040002410037140380062280906710006100003014800000409731608301008050600040001
080604900021780603630000750049807005306200071817056000090000000002100500073002109
000026500000400000400000063608032000700080000000000806500970680047200000006510009
080000009790005000310094050800003075100050806057062034600070002020600417471529083
023008710009010023006020850002003000900040005380109640064802500507401000238795060
000007038274000100806009402040000000000900540918700000620100000009000000000095006
900002150035008026700300000274050030000903000003720001009060300000200075057031492
060040007000600030403719800047020358000000260006805000601250000000070609030961082
417068509500100800800005410900000000640000700053016902100002008060003000000701200
000214000000058004042000060618420905200095001950861203000000006400570800065002400
020008060900200000070604020090006502006352807532007406001820000709561003083479650
100360290900000000086900500400835970000006142000400000000000020000080703607000051
065173020042560310070000000507001208104682070206735109009820005000907000400000001
021900000000601003000000600002003479000000830000400000000310790000780204009005300
050008400068000050004037860201050900500009000079820340415306200002100637006002504
000000084050840370000700205410086507080300421003214600820600100700501040000000700
270160354045080961000000000807316040524000603601000070002090030103000796009001420
000080057507004036006700201200060700003000684000379000002000000030000400050006008
890200500000100000104890002000340010501968003042071009000403850013080006705009004
000008026401000000060039000500000070100000054700000010904000000650090200070060400
200000170000910280000028046014002000020000000008000900805149730091000800702006090
070800060200000070460070000007005648000700000529000000000306200600000080700000000
200000003000000040030000005000000000000200108002000060000300009723009806090580702
507009100603081000410572000000804500849005023000006098005960700080107000000203009
069040000004030060000000000700650200000000007130000000050000080400000750000970004
600007100132060004000300000001006409020005000090700000050028000060070000000094730
006014832514030000200796015450820306000459108000073000940100000005302740002000581
003007000000630000745000000006045000004002000070000000400570200100090040600000500
816029000745860090092000000000040001000018639000000070920400000103070450400130907
807003006005980031000005800002000080008562907970308025501470098700030012089000004
040215009067000510200067843890530020006800035530706008470080256000002004600409001
709603504006425710020007000052100000000039002030006001090000000805740100200000005
009100083300200010710003025000902060065008390000000000000000030000006104470080000
340002005902000103060001270030980651150000790090500400000273080000100007703060004
000090001009000006000000500000458100045100000007020008004010000000007300200060040
008090004090000013042100009000000900019200086060710000000081000075020000980005030
249036000680105200500492000100904850035020000406358120724600010000207000068003700
910607035302980060604025001830419700491000080007050040080700600009060008000000004
800700609010940500906800010000060050060400000000000900390000070004000000500001080
000000000790001000060304009870900004000040027000000090000002000200050010907130000
000875100010040050500000000092000010000080000000004070000008000900420380800150000
250849100001526084089000600000090000000015046020400309312600000500980000090130400
000690004400001000009000000815020000906008003300000000097040305500000800000000000
800004076000100050005000010000000000090400000030000009003805400000000285200000031
100000005080507001597100384012040050700600010000010047831074060004000100060000400
500000700946370500703050004005010200000500003030000006052000800801260309000080600
050007600060041000000098004005700000070060020080000703000200000000006000690080201
000800005087400900003090700000000000314500007900080003005008000000710530471350008
200098010080000003000063500107030080000000000040170035060000841000801020010700350
000094100007830090900700638673008205000010700100300840056000900804000006200600000
008230006070000030030076019450060192860190004290300068000007600005080900106903500
090000053026000090054700000968320000001000300000157000632540900400900036700200004
010507008000406507790230410126709803907000021008601040200904300000370180000100064
300710802805900417000058000600070500030000098042096100900007040210080700703042000
480000000307000000900200000804020170000000023500070004008042001000030000000806200
560700081002060000947208000300087605781050030006093070630870002470500060020006847
600003480000002030007148000000020006000600870000507000000290763000006008760000000
002100000801500000700096310189370640503402090064080705900800074358000069027009080
001805090700000000080027361109060050058790400400000079020000043840000000617400020
000000000090600708020010400000400000000000900085030200009000071850000609301040000
056070002708290000900506001300005180675980000000030567064050000507009000030604000
010700040008006009700400001600200007250000004809000100104020730020007400387000590
600300010042008005000090020034000000070056040165040007420001500016009400590472061
030487962087602010002100040000800501020051030050070006503760100209540078760200000
602050704000120030005070206000600302003095060001032905054760801070001003008503679
058100040400090160600307095107530006000006710062010500000070008730000021586020070
050000090060000000900000000000004002500002080000080954016849003200001009400003070
206570000100026007700804060060900410007401625000602000900700130600005700000000200
200104000540000062300620400800000954005380100002000000600015340000002000050003000
001000207000000009073600000080503761002000040006040003307090000000070000000000000
008001900200684000100302004004010070600000000500900080000000000020000000040050000
006079003430080079000000000040068350000200060009057000000706030000000000004000090
020387500037040690405206083000020007004700010000500000083461279700000160040972300
000700301000400607000102594002940730469073150000205069003000900040000003000301005
070000130013200000000010000000000607760834900090000008000008000020000080050020006
700603914400572630003001020080015002005726090206830000008304000034000280007208009
000300050295816003730002010409005030063094002000000407017009000002000001000073004
000060700000000096095020000004790000070802000000004070043001000500009048000000005
301900800002073009000086001000500080800300200420008000000050000957000000004000000
501008040007240050090000830020501763603400105905367200740920006009000070036804509
000000090006008400900014000000000078720005060000000004009001000010000030005007100
089020006507084032100065090000007000008000760746009020830070000005090803094100250
001000000800670004050000208038007000270540089000000062700198000362700090009000450
000000000000400060000028100300004000800100754745006010000041080417005000608300400
000900700700806051900040020005004600000100000000602105008009200007000409410000000
390400570000923006040705000703080005008004000460107028030042050050091080084000130
002950041006000300010372000007600009005001008091000653100048530003060700700003000
518200900000001003000076810003700000080000304100300080001407008970000000850020409
000600700200000596090070083000034600003065200050920000509703000000002007700000005
090036508000028009080179006050201004010700380006385090000653810600002047821000650
000003000700900150000000960600587000002030000578009000000200075000000800350800000
160039500900000061205000000000070000000000056800100970000800005000007090490605000
000009000300102000100005930200534801000000000503000726000400002800700000009001000
000010000670403000800726005089005000060001000104802500050000008000060000900007406
500000007200007065000600030000004028800001000000000000680003200900076503010409000
900320006008109000030080000080000003170060080020004501700600108090030002200018300
602000009000700420905000080180000204050049000009800530860350072531020040207084010
070090380008000005050000607205010803800600149000087056000006590006250401000000000
000009638000274009051608200010060927029815000064927000200300706100706502047000001
107500200845020103096710054002005980050090300068237005003408002000900031009350048
000060090407903020000005040032600007600800010800032000390526000040000652506708100
060517080048009000500000092095400000080100030073600050800921540901000008004000010
047180539080003000000047800008790046000000000620018907070862000530000000000531790
000210094000907000490600820605001089904700100000090000350080040700500008009470053
930000080068700400140856009020508004000160003005000016700409008806300000094680500
754900201689200475000070000000007090900020047070196003500000309806310752103702080
000900580000065200008000300000020060390000070247009000002000650400506000060200000
500000006090008302008000709230090508000000000080320000300006005706000000000000004
900400617083007000617905480002748501060002008708000302000074206000056830006039070
000004000010509700859000006080301000060000034030000000100056890298000600500900070
000506902009000607506009000080000000000081705907030068205040070000205000000068000
006702090000000005090450000020090004080000007000000009000000706850067910600020400
026010000095642010187009002500003004008000003632870000003080090060007025001325000
021005300083000596000480072076000000598342000342000800009054700207000405050000960
100000005058001726060053090204630901830000007905002063000706000600390412090120670
000960002600542371402000000500004000000890050000006004000000000000405700000000000
240100008900204050005030004000000490000000000030490020008540000007009042504001000
000050971502010000197030025050006300000380540000524000080200006400705800605000204
005000000000700542700020008050034080890050023000800700006000090078040000300070004
560490000000030500000000074000900720700006040000000060600700058000000600000009400
700090086304000007600027043900080000016740000500602000065070098830060724070000601
400630020000007008000000007000901270200050600090004500005086002002000010000002000
000000040600300000007800020702009000090000007000005190480003000005000000200500084
800010430001354002430020000900180000350040008000070000243000006006430109089700000
109000850070605000006000004010200680000000432000008015000000000041070500090100000
310050800000000509002600070009400000003020000060070000000800907000000050700000300
000317002003000549200000700600054027700008405500073006026009070805700260017600900
000500000327000059009037001006004003090780504500020070000300000738015000000002708
031500087087003000645020001070640002850000006410000370104050000008300104703009508
000506200082300000500020004810050062007000000400070001900080005104007800030005000
600030470000000030500001206700108000041003007300090000450000000218060000060004010
270493510349500702050760490700924030513080920000005080100850000005079341000000800
627000900050070403000000600006500290000000007200300008700000054000004009000000000
000000460470000000009007000010500000000060070608030050501000740734100026002070019
714000050006740980380000417090000040860004000507000068920000130070010800001000076
040309007000507408000400020003085200805000100000100600000002800000006030000000906
030607154006100290001009008809704502017503906020000041070052069090071000250090007
040006000007000124005000876086900540700450000500000793000000030003190402000060905
069008000040100609032069050050200003010073000900856120400390000090600205607405001
480532670000010035000900018000708500510000007800120960708050092005003080300680004
040320100000004263000500809400000500003000004000000000100079000000100700807200000
480060701000001804000004630800006040090400000004200006040820000500010000006000000
008560300600000800200408056000040605409000080530010004890600003300001000704200100
000007000506200004400000123000300240009002850002500001000020408060000372003600019
800000007000071090010000000400000000000008624080200000008005071190000003000700000
204086003007094108106030200700020600403000700609008402045062807070340020060870354
920105004436709005000600720000070012374002060209008400703251006600307050050000000
010000605000000004400005000046100000300600000001803000000408000005090300004500000
683900210010000040007215600004001328308004000000320000009000400000070002000036079
500001000400000000000840900036000050000005308000380049307000591109037080240009073
000006000000000600000000095001080200000079000006000970000040010403210760050000043
200040060050060021608001000006802100010050030000170056000200000007005090040690080
300004090000705006000000028740050001030200050600130742060080074000079000900061000
091000200006000001400000000060000097000000084900006500078000300642500018009180400
900360070340000000007028000090083001030040009010000080001500000863407500000030017
400000005100000000256400003003005091000023000600800030001060008580001000060500900
000000026000003740740060300003902060000800000000005000070050900005000670000020000
000000010007080200010000000700800000040710800803000000570000004102000079060000102
050000910008209000910350700200190800060470300000508274086020509000000107120905086
038000005401956030560803004907082041800014059103005000300079006000001000794008203
004702100307000059800405003402078090000519034190000607019054070500007006070061045
900038605000009000030006901560391200093080560200460093018600009706050318459000700
007000865000070923009605700900010002800730006700000184000100630000508200100000008
800100023032807150100932870514000730000004069006700000058000390621370080300050600
050416008100007090380009060801950020400081030000600010000308650908205000020074083
900500700320090000605000090803041000256300000410600300000270000108000276702803059
170200000009000000000000500890060007000000200701800053003072000900531724020000310
070000000209006005608075000706030900000680054000001000000009208050008073800063000
001003804703400219406001000008142000000305000090670020837060100000007042204510308
206700050090080301030000060000400020970058010000000749009800000540006197003907405
080462500070308062000007000050600170701080600200074980092706000008239746007000200
020000301005000000130040000000503902001006000000012006080000700000065800006000000
001000094030000071960080000009003062007000080002008007000691000006070200000000900
060283750000010000070400000047000003806005497100004000000700000604320070705608000
900705002000000065567100030098007620000000350703601800600240900800003000000016008
206000409050190608100280035960802000872543100503960000400000873708400002020708500
370250004460008000000460070040830029800000500900005608790000080080093210000684390
600983510020670008900000067040030905059000083830209100010000000000000000007000000
200007000400020000000040003500000870600000150700200069000700000309504206000010007
100008007000500000700000000001305700000020106200000308012003805000000009000800200
400870001800100000100035008030900002260500049900086000609021057700600020010700090
009643100000000000006800000000010920294700815100020037002094761600000003903007000
195680042000195000687342005000008700000030009030210060050803001020906070000401000
000017600620400051000026043306000270080603195109080060003170006060090807070200009
360000080007000000100090040706040809004080600910007025003008106091000008852900004
520170300000009060176384090890060710065001030041893206407000000610007980000002403
000000607670000000450000180000030040000400060020000000000900006000000871060008300
030005040014080050000070060600853002400701530000040600000008004040030080000402006
058700030100000640007230908000410290090060700710090000089070000020003006076120080
000027650065009001100000980500000000840093070209571060650008237080030500023610849
600050021000060750000900400400102000702000005930800000020600504000280010160034080
080000109000901008095800000861000005040009006950018074070000690002106080000000523
000000800300010004000000530070000080000820763000630000008000905000000000006750000
000001060941680003005000090400019500056000009800200007590002000170000000360004000
089051040051600790000009010070000900005902087060000000000000869240006500006000230
060080007007000004004000269672800040300154002541267300020540700485000020716390480
015000000740800512068012047000003000876100020320600090400030901189254030037001050
708000200142608059000400807000000013090130070300726000080300024400000100530200006
050000000007000830083090512009100340000300700630009000005030400000000900000000000
390620008005100642006000000000759000907010006000408090170230800030000000500900000
000000501001030067407000000205800004000000275000002010000001000006047003000600000
500900021960002073002007946000000030001053000253006000048005397005000080070040152
000950100050000000000600000604070800005000004002000975080065000000000067000090400
504002093109450070007900008340000210000500000076109054012390080068270005953840720
070002840300007259020030700000050904560000380490010070809070062056004037000025008
835204000004796800706035010000001420001420073400003081052047008368002947000000052
350026070004000530700900020087019002193250007540008903031090006000640380400080000
037500086006740000900080300004007000209805004008030000000000000702100000001300002
005000000000081579400000602040090300020000790000100005309810400010050060754000000
067800005000000002002050010000060970000040006506080320000000000800000069009030000
510370420830046000000005038753800060482009357900000200106003800070400590095000000
306870000005401020090000508549002000030000005087000000000000002060000010000008050
200000104004972800000300297020890006080064023006200089900006300600710902070000600
000040000000000010000300400001608000087090004250000000968000000000900001005034060
690240007034007060871609000560090008080000002020038056946301005000705600058904030
010060028490000700080000009200000084379000000600205090100943006865100900030050170
700000490000009000459072080000021004000090000201085900507000100000000032000004000
046700200790000001532004807000070004087450169000016783650800372070040000010237050
000078002002460078008102000520600700630084009784000631300806090006090015297015046
280000006005146890040982050000000370000400200008030640050210038890050104412000500
300000100700604005000108003803040709400090300900301060000003956059000430030000870
060003095000786103001940070090100000003002000020000007510090008000501000649000001
000300600008090250000054300006102080002003576000076042700000000800000000000020730
830540000000830400040000028000010286008300000017620000106053040000006032000004001
701060008038010500000003901907000002060008100500006807040002710000030200809100463
000000900690003480000900000400090300050006800230801500010000603360080000074600000
040000030530204000000000000000400009700000000080000610020047000900032000400090001
015400680086010304020000000000060052250030000009007000070600100000000003500002046
009040008000718000017002065095001700000200004372000681050080049700029000020000000
310070029200001750540200001000900200080106000160007508850002073600713405000840962
000300000006000000005901007073400100002000009050126870500002704028003000734509000
060900800020740039030080467490120008006039000152067304087094010600350000305000040
000000054800400001406092038000600249000904010942030080091507400004319000570006090
374592000001007209005086000000603970000000020000250000043905102050020036200004507
080007950000001076400000000000052040814600025352800090028140730006703082000520160
000086005009000020000004890200000000004020900000437001007000600030060070000000000
090054800080600500052000960063009000570008210000470000600900357735806002000037100
046005100201040030300270600402008305008000001000400000624080000089000462007020058
000020109319008200020010000905000040072000690030960082080243006196087023203100007
040213000100000000608070030020108006900000080000005007803050000214000070509000000
000060000003010409000904000006001090902056004001000600400039000800200030009000700
001000309006000050903000627800060000000000900000000000100500000675093801390000000
796510408804007152201040090040009010010070000060085743070050301000030070080794506
030007000080016004000040070040500007903000020708462530090005600061920700305080000
000000000000739040090020080700900000104000000020400030000241000000600050000095010
050000000978005460601000500100806900007050004090100607000000800700598042000003076
000020003640000019800100000470015092926080035000002000700000000084031000009208371
003107685000600000008000107006090004059214708020060090005021470007059320000070850
000040002020059046004102700001600008000000604600230000000407860000060001830001000
701500028506080704000040003108654209000090080093008000000320801810400000320019000
020003608003800000080259000000080500200000000001020000000000000600590004000402061
000100000710900005800050007000009000000031000009806510900260000025010089030400000
060000407400000051000020300901000200200910570087200000750600000090045000620089000
000760020231000070000000004607090001390000060400600009003100005020000397000000400
700000090546000270900000400000200000400080020005030007000300000802600000370000000
090020316061405002028301400009000564500800120102000090000000008053980270900017630
412730085509012030000509210058600070001000802000250040000064708364097501097100060
741000000900000000502704000009056204027890003000002008250080000170030502600240781
500000080000100900301000000010080064000001598090040300050007000974000051002000000
035001002009400300400050000800070210007000000100060900008000001500014620000200003
100050830000387040703000592097030420600700308800040900000879163900010054010500789
007100060600257918008004520000000000005700000063425079000000000071980430000501090
087310000200785000000060000805070000000206500002500001020107003046009100051000009
098076504500800037073205000406509013900030402000000950000910000300760040060450091
729108060000070000400000090903000586058007021040060700064039102000720648007006050
003008900000900000000000580070056009000090040000020060040000000700035000000002403
008400000607000324420607819080506900000200600000109000305001290000090003092000000
200004700000020050000607009000871602320540000000230000000000860000000000600000010
200000100718940036000800409107064803083000002000380900001000780870120004000000001
900000000710623000600005000000000030000000000006100702064800200891000005070504198
000000000050000000000070300071060000900407030006002174000300000004050017000700463
000008140003040000100000608020000004000002000801090002000080000008300070000009286
000010050700054690458690017040003078000540900029078040000085069007009000060230000
000902807009081000187630020301000782004000631002100000010349205040000108025810493
000000007000095003005040201309000000100000300000000100001007030027063004600000002
506400103000900806000080000090300060600090000000008900000000020000000000200065004
426089003900030000037000008000000030008306009640201785000970350000000001060412097
000820000674301800890000350003000705048700102750130900000008090409000010200096073
003810009000000084041500320009005410000700635056100000018000003400000067075400801
008100972007060401400000680009706108080020507000804090042070000061032059090600320
000603500070009060000000000000040006920807400050096007700000608000008000090370042
000000300040200000006003000481620000037040020260097040004580907050000001609004080
300090867070403502529000304600800043000040600900000070290050480000000000700100200
000006300000007964000302075002705048840091700300604209030000000780009502601500480
000401809080300401040800007067510098000208600809073510210906045000045100570002936
000000040000496350640030800401005007500800000006910200900003460004009700000040000
900027500200001090001090307800906013003400906000010000000064009004700152070052000
900000105001790320400801079730024008000000937860309000052068700090037051040502806
000009008087200409490710506700620390016000084300804201800067000025403000070000043
020943085000500001086100400070004060000300540845206070652730004098025010013009056
600200000005410000040796020000875030000009587000321060010034700090000200056002490
097100050850060003003002600000000300760039201300820065024008006906204008070000024
400000007020003000000007040070080000006004000000709006002010005790000400100900000
900000000630005019502019306826000000015090068009260100060580074008900030097630580
040007201675129000100300070080000007701900600050010089060001932209806010007003400
009304000000020000030680290098000305357060000040000680000006400070000000900000500
700506180600100070800237060203980400170060950500400000306000702400650801018004000
000800000800000270600250041001003008000000000005000930008090000000500109000002080
900020000702030401000000000430091200500460009010572000000050010000009700075040000
900008000100030209000020000001050900400607530800002070708009000094260050006780000
400003162002005009700260540000000056006430000020608000000307080000000000801590003
500604000100000760704000089410000000900002000058700010000305007897060235205000000
100000070540930186300600502001500723460000001000000060010000900000000057050090600
700400000010000000000700000040036000500090020003500080006000490020905000004300000
806079305000020900009540028000038100008760090700000032000000000007910050002000409
703010000090040000056870000019000006000000010608100000004007000500300409030000000
800047000306189704000000910637208000080954076009700001003895000050470002060300500
400870001150924003380060000901040000004000120003009000200407006008050047040080000
000106700010500000009000000000400086103000097006070100000050000070308000900000800
532016000001007005780300040000000600496000503005060020050000000000709800000000061
032009000460305700000684253000200060074803002020006500000038125050967300840002079
010052070025060800790001002800007100000004000009010000000108700180200090050900010
092300080060100090700004560008940000000800100049002000014009600005000814600400005
900002005800903060700810940058000000007050130039020008304200090086091000090000200
032010000708030091009847500087524069396701000025093000070408036800000000200109005
402000000001659420006200000000000800000005072000000000070000600005046080000070000
000002980860010004000900300526009037900070602070000198430056719600701200190004000
800000000300006200004000003000007090009063724070008005240000000000000000903000080
001560040063420791400001650200000004015000020034280100056302900300890006897100032
005000700600000900804500006009065072563002000007010000000100060956803410041609000
000000708800005000000100000080700403000210906007504000500001600000870300700000042
070000204302700508000420000856004370401030600093000142000040756567082490900000000
000001009360020500920040060800504671000006038000030495080000000057000900003089750
830260510009030000264009387048000701000000002590001408700003296000020005900705040
370402000000005837056030092800540001000001203000280009700928000000054300000006008
015060900097501046624000103000094701078305400900007530032900010060158320000000690
725000048000070109103008000000001306019806000300000000000000005840020900200600000
003002650000069000596830000000000008000020061002001700000000000000203000900050000
020008000509460027000710009003005900002096403008000700070529000840130200005000300
308000095000010008010370000100704069000020503000000874006001050291537086030046000
750013046010900800049050000960070500035000008004030160027091600406020091100600025
800000026002000004410620300000906802900050007285034619000500903094000080000000000
200007081040000306000360070000200705400050800007800200574080692301000400006070030
301080005080960071905371402050700000710020004800004710008100030096030000000040000
900000000208901060604270300100003080020107000060020900586002400000080172702000006
305960140960140005000085002008036704094000006036004018029070053871003409003009800
500200004960000000120000580350107408400000000006080050201006045845012070079050000
000039500390000206050002040008697430503801060900304002005200690000013807702006050
050000047070001000028000000739405000504000003000907450390000500007000230800200060
009050080735801002816492000007100400264079000108000000040017200071000390080030057
000304009300900000017608003000009000200176835000083402002400007700002004491005320
000800000001300570008104600849001705375908216120570409037080000000030800004000007
800632000005009030600000040030000000206013085008000700082070591019000076000500020
500320796067000300000000000004000005700000209000007080200580040000100907401902508
020903000630700000510800030300510094100009076000630080000104062062070800001000000
000070160000000020010300000090630200800000070000900600082590000050060000170820000
100005900543008002007001000006000500300050806059000000400039000000100000000070041
430020500000300082200005000047000010003100700000000020000002000800000460701030250
060010090980326000107408300030080004642000080070000100018009032305870049000500000
001509400000106008800000010910805036400007109070201004520070360700000095100050840
700019050860000490009000320007040206008000504400268000076093000900004062500020039
500000983000040100010009000030020018001090527702016094040157009105960000986234050
900000008610800900200095071300400805146002097052700060421908730500073000700000089
004000102087000065321054098008060540002405870400008206200009081010200000500810600
200050003070930080301800670020500006400307920030019850040605300005070049010090000
641000702070040008000070410100987000320105009080004051508000000002000080406500007
000200400260450807409001030086300000300000168907000302790610000010500780534090601
000000700000006030900314000703100009000000005005000473000050080000607001050000007
185000000904060008260100007050849000000032000032601890590420300010598400020300089
006007000240000000900000300790208030108064705604070008000750010019600070070180062
308000907002008010040000086610049030003105002000873601030000040006004000000027005
080010052600789400003026908050900040000030065034058007001045700002867000760193004
500001000007000003402630000005020040804070900901000300050010290000050001000000080
000001000680950000300000290073090000000040308400000020000000800030008951208519030
093700164146203008085146200020500690600000040500000000030401906050900073902800410
000100300201000060403980127000000683010630079006290001000000030020000000000709002
901040008000082390000010060086300000315790826040008030000000900152000007090806000
600071980000326517070048300002060001914000750567000038006004820400800603098600040
000005016000893400400000903600000090000950000000001308004680030030504862000000104
672050300391000008085013007000000030700200940904030802000372000000005190008491070
000003098370000010906050030005000000400006003610030700003960102000108304000005070
008000006690580000002079005480000003026050000305008009000730008054091000063005010
048000000006100300030000418060080900000090607502407001000804000804010005003005000
030090020682007009000080700000748015300020004840100900000000506003005000060002401
910050007450007000600000000000100030000500870006800120205000090060000005000200300
900060000070009635050000090030006009605071020090000060508290006029600001000185000
021090000030021000508630100307005008000300520000080000803002000400150300000800040
300600000006050000000070002000400000004000100700000000847000050020040001109500400
400005000000300002005060000800002006710000030009403001371500000006004007900000265
000658000580904000000201005001060409904127006000005170060709328803000700000382064
000005002020009004000008096000020019090540208000960075014000000070386040000100007
090070050004000002008009074200600000830000000000080729000000000020794000040008010
002000160109203050050006430045000213980321045000070986000000301078100020090450070
760400021000060030000002000952000000647000000003000400000000750000634200108970046
020519007000000500015307604204000750000002060100008430000006005601000000500000000
002904105490080720008300009003100050010000600205406000060840002021673948904205376
500300090000001008004906100000172000000430800000090007003000000450063901129000006
540080700000729000090154008000030269008000504000040000009472001000300006100008427
000300090103200000790508160920785030000100000000403001210900308048600000500034006
850167902001029008090305706007006000005730001100000003030090000910004307500603109
890000060405006028000890004008000009160000003000000040000000710640070005201500430
030600080005349102200857439076080304000000890500034600012000048650098000800100006
090400100860000402300000009057090021200000004003001000039000600000900048400600050
000050021010900040000006800023601080006007030000025000001004200200100070000000000
006000070400600000800700260651083000382000510709006003200009040008001302060502780
200000000003005000004103000809001723040702800730800610596407002308000401400328000
000002900800600004003004050000400120600000008007000640000905000300700000400020000
000600030060200098000198000279010400100400020000000810090086040050300071032970500
000007000001350702062000030170005000090830006003001090000286400007590620028104359
760810020500000100038204006050007061000081230806020000687000400321000678095700312
005060000020050000000000017507100000610900700490300001269007100050692070740008906
567304000009000507080070000050460923746239058903581000070906012312000000000103070
000400005520000000000000000070368000630000002490020000004002080006534000002006050
000000620007000509000590000900000800720060095006059200000906001001000908008015032
004032000000090000000500010076340000430920008000780034040000900000000040089000000
004030008007008106000000000009000060108003700000070080000080000080067920703200000
080003090000690540009040720040002800020809000095000062000080005003007000000435000
029054103000010790000900080005009208001700000080000000014000020000461000903285600
009631004000000006163482907050103080807000030300278605400000060085000003090000008
000900200000050700500003000307509806000000004409060070208000009000000000005020000
005000008900500340041800705003000000009000603407380200100030000500201004000000100
020380060839000125060015809000060008290000001650908000003040080406052073082093410
067050010524000067010790520200010000100963075030507000086279051400000700702145080
000042168180090500000100700000050000261870000000200000600905020900420000000087000
001090000090500020085002000700400003039807400020031006006050040800300600410000000
005810000067209100000600092590420000040000000730000000053100007804500000209000360
700004000000001009000000000568009000030508000479002006803950000040800060006047000
000700930002060001000000000500000020200350610160027350000006204010000503900080170
000040026600090000007000003400000000050809074000000302500481007000905000100207900
020015600000072000050060720000200005073400002069000000000020500100608000090000000
507030060600750001310000050085300612006000390000602500059103426701006905264900100
003709004000000130400080905000970026700268510000030007008017009000406080960000050
069050007103649502520703000000100070000506021000497060680300000005070640701004003
000030670000000000000400031500200000000507040208010000800020000000760008000000420
649502308150000609000009050503000091091003000700000000804100207900307800030004000
000085009040200000720001045000008400000020608600500200184702930570006004900800070
090438060084005709156209008920704000563102804000350010205000000000003251008520007
690705003000000006080060000500000049000690000040050000200070900710003000000000000
400976000607002300001504769000493870068001000349000502030700050870040600014069000
005004000010000003000209086000000000320000000059070032000000004500607309000002150
326500009000002005001904020089736500060051002010090067004620031000000290600100050
030100020108050043057406019070060008500300406060081007705603000800705002603000071
004000087300800500070405020037090000000000000250700410109040700003980000640000000
183704006000000047027695013600200400709806030312040500005068020000032705030009080
000430896300900000689012040706080002003604908001300007010053000007800009408290000
200004761400000000176002904062009000000007000700000009020003000000806000600000403
000905700430008659006000081003810000700000300259436078370250496005649000904083002
000000203000009108920000060002000000090028601761900080004005009000700050036800000
980063270000002598002005001830010745120000000450009002000638127070004830308001450
000549300386200000950863702032050000008300407005980103200175090000408206000030500
920857040508401000010692507000006108769010004005304796030000010401200809000140003
040250000800000000200000060007080050615900043000000000430062907098000020000798310
079002000500007000020850700006790004000200000000080009005100030201304000040000012
000000700300045200800000000230000000000000000000000030540632100003910005000004320
200100009008604000001805402030000001600010050007080900060050094080270000013908020
400051000000260000826704035004010060000080090308000050503006910900030642602100003
080000056900400013001000400008100000190004082500080000000000305359040000000000000
140069000000203008003048609531007902090500047087000351020300080806020004010870205
000500000005060090100009000500000084000670000000008056000030047000006000030080560
060502001002008060000609007000900000420860000597001086070000000000000010000000400
480005002270080003305200004813950647000064008760003009039027400000039200507000001
090067005005049706076052900050900670000000091000000020082500047039401800410000059
200016008001803940030200610000000006000081000610320450029060830056000207100790564
300470602040020000090000000000800000000000300000600200620000508000204030000080406
000019005400237891019050000000040032003000000000003608000374029000068040000090006
000020300500007040402005000004800002000200400007301000001060904876000030009003000
400600870620080004000405216760590020102708935000100080006070542004010090379000068
000200009241000850730060041903057080184900005005048900068000507000570008097400002
200005000610000005000016000000903000000100000309700004030001640946030080000049007
000800000007051804804970000600390002000000050000004008500410006000060520000032080
006090050450002079379014280000389107040206008908471005000020703090000060003605892
000000005541706300803050009000000200080000090000019600000500970000803002000007030
002010040900000250406002000000301005040050809000090000009064000160000900705009400
000000030000900700000000050000048021000023500100700046807060000306500000000000060
005000203730010600800000091500400020600302158203005060059800000007903016168000030
090600080031009062002813050470060190900007230020000000000130009089045003103000024
736090082901000060528000914074000835053400029090305047005000406080000250400020370
016304050900100000700000260050602104147009800060417395403008607000060039000940500
014200009000790040900001000000030000100000000005900008000800030000100000750300602
600170090900004008081500200857932601410080002300001705508320010260000800170059000
630401000085000000200578000000090000003000780900006215002009461106005970000010020
074006001000201000000070000000400007000000000000000045040009103000800002003542079
870000000501006000600028590000602000089540260000000304028150036405060000700089010
205004060690300108481906020009007050720405000040600000816020430002503080354000000
000040060006089000000000090000030080000600001500000000000003050705800039043070016
000000710100609820238000000000006030000000050070405060020130000705200081003000640
300294060607030002000760801020007089010640700003000046005073004090006370730000600
060010507000000010190007602001000300020390701904751000080400070006070805000005430
150970000020005900907400100501000207004000300060240010000030029010009004000850631
076030001810700005000100000700053010003900000008000050000460100000027500645000000
100354000540000080097000005010030000000421950009070410000093000070042000006100004
300008650000003700800000000050409807180650094030001000000004070000300000018520000
400930020100007000900000480200000300040009270300001800000613040000000003630040000
910000000080000500003509002000000003000000000301005406000250008000904050100000000
604000020170032000203000017700009100000000000000008000010200030069084702007000800
078000039000805060000000500019000824802010000300240000201030040035000216780060053
000400900003601005060005040000000006000300000030917004300000700000540089000170050
000006031007300000000000000306120700200070309000009205030000050000003092120007003
002008690834000105070500000000480560008060012590013784010070000980650030260100000
042000000583000004060420508005006000000000000620000000000700300000040089054000260
030000000064000000700000090000098200090004001470000009040053900000700000000900004
910042780370010060000000000800100000000000005000400070003000607000260001700000090
002008065890000001306027009680302010030714008001090050007005002103009580008000004
000600008809300006600800000020403090000006020006020074080705400900200500005000002
200100300003590000010700900000007090700900041008000000400200000305019700000674000
400926807800000900026001000500000041000004000004000080092087000000092608000040320
000070408480050060736809021104000809000000002007000300001700004040060000900420010
800050402324008105000003007000000001000315004000000600960000040100780506007500010
083507900070000003000000000300260000000000256250000300009040730005002810000700609
065310000002000093091024560050000700013000854900480006100040605000000070036000400
517080092004510680000000710100002500000900370000173060738020000609400000451700920
500010000307500000900000800070000150060001094000407000108003500650089340000005000
600030004123594700000086230002000070817003609965100400000000300506317900700042005
000000054006098000020406003005809200000005940809000006004003015000507009500000082
500029630600800290209003078000600010300070006964001002100982463400710809000006100
403786090921050800086921043810230000200004100500000329190042000302670010675000000
000324800001600230004001500000040120023090450050013000000900000690435002340000008
490010000700200000005900000904370120200000087000000504069083010002095400300021609
700000300049000007000000900018007002030600794000000000002006000050082609006000000
300002090946100007527094031005900783800020009419300000134870962050000000090000000
401302980000054030263890514007400000600009800932700106029571063000003008006008750
000600200025000000603050010450008006000000507900405800500006700000340150004500000
000425000000367245050890007000200790001970500930600028500130070090046002760502009
100790002708050001000100807900007063007300100060900740800009506005010970400600000
908041050000000004012000309109402003350918240020005890060100000000004030040006000
513000900024980000009000420708009600030800500195023847352006089467000050001205060
100048000890060000206700094700009350051087000060510008000800000009136080080094010
000154070300028401150000000030000208000000534000030000086201090090786000000503000
080701600010520834560008090000000000056200003040310560105040300020003050837150240
300060002008020000200009080000050060070048000486001705830416007729000001000000000
000800000050000210007000005000000080070510903000000020000064050764100000000009740
302000700580040000009080204200460000001830000064150820000500000090001000025394010
025869437089007210000000000001040520000500000000081740000000050000000000760050090
200406901000000007000000000000048009700001000840090000021804000007100800408000100
507000000029150300000069750000030100300001800000508004000000020230005000070026010
000700109800900600120006007200000090000102500500000201085409060000200085000000910
005704368060020104004638295001470600080001040740860000017046009400280000000150000
400000030007000490000009000000070000000106200070500100000902000062085004700001900
003006100000000000640000708024003600500009800081005000000001587102007900050604001
900000000600007100210000700059270810000000039186000000000089007000000903800052641
002057000004000009000100208009000000008090120620080040586009000400031680000560000
008409065009105308000008409902530840040002000500000000080000001000251003250600090
000052090018000002702910600083000209020100067000500000200036005000400000400001000
000090205200081000007504813005010000086945102023006400079030600342060000618750004
006000204204000050050940000900000001560700002840010000700094628028057400000080015
800027906000009000096004720509460007300900864604732000008200500751096000430075000
040803005000005004000604280009050020060038000000246000600580000000000800090001002
062008005701200030004005296000080754020004060507060002070829003208040617435600020
063804500090376100040000000000042003035700000021090008204907061000400000079600040
000000000026590700900470026040000057007020009860705000000207008608000000470000001
040000009000006008500004010000705300750903100000041072603017925290600000071000003
009000386024000079006079010200000450000021038308407000073105860000002003002703000
573008046400500198908006000040052007000090460000041000000060324000000000000000000
000830070000042080000700000503900001000410000004000800001000305000003018000000400
000900637159060000070000100000100700000009283790800000000508000000000400480700026
270030004900207350010964000000008000000403970030000000300640709054809130090302405
000000100204910060000000000700000000800500900540001000490106000000070800160002000
000230007000700400675000082700000000204870000150024038900480000842007010030090004
720005609000708050105090000080050403051430908030000005300010046802004000560009001
040009060900002000000308957600004070430875009500910432326487000000600780784091026
060000820800070090309028476700009000900860050006400003008206500600700100503901600
602700000043018062500020000900060380020870195000050040108000000060007009000000000
008000003070000000500008000205004030004031500060020009002060000003002000600583200
600030859100000006900006300800050010300000002060000000701095630520300007000807025
004050030000804069500300084001000000005000000042900005000000910023008050008000023
074010309630084015000309704300000001000530978000000530500000002402103697907840053
060000009100765040000901650600190000001578004800400900000600123003059000000002508
800034500040000000000986034000700008917008403200053700000042300700009000400000100
060400590070050000009000041598026000700090000000040000017004060400000172980710054
200000003700300000000000000010900038007800000300002000070006302046000007000705004
700006009925013040060002307106000035003067800000539060040300080357080492018094003
005006094040007300000900580009703000008601000010000873190040700080072000027100000
605802309007000008800000000000120000000000280020079003000000005500000600063500000
015089742800020150200105098006800000007000305420000009100568027090013080000072431
050700009067904002010053600035080400280047395701500000000006910100020764674301250
000186004000200086000390250057003040204570063300940500060020000502008600801639400
080020031730680920005037486200400000060900207850012300002301690003090500608000140
080600700007009300003000090000005000000983001098000000201000900009000000800300120
409000000070060090000900300200417000003000700000050080530009100040000000006000000
000708094040100600670409500706003159000915062100000030004091205031520046250680000
015000020000000307003020000048050002900602000200041000002060000000080000089000060
806250070540000000070009240905000067708590000000070500059020000307000002200700000
078100004000000805406080000035092400004051000260840031001408003050910248042073190
000005090304800000000002005040000300000000170000020054035709000007000060002000049
002300900049002801008050000200000000900003058854006312097061503385040006600000090
600400019007056300240009000724015000060247100001083400059000201430721000002090630
000257081001030000572100030025070043018049200090560000134000827956000000087000506
001200007300000000000064200003000015504306009900405006000001002036900540070000001
800000000000040000000000000570900028000001000004300700000800102712490030300072000
890000030004170508030509002476308900000600081083902600002761050058200716007800240
070008000600090000000407008040006820008030010007200004706000030890300000300760009
851907000709000800000008000004005607500000014607410008005000003046000000080000206
823000040000050803045030000200000000430000050009063008001340000300720561090510380
300080000000030950859001600148000000002309000093810007000703580000500006400000009
000427013080690724470010006010009240024030900806002130000203000030106050108054002
200100400060500000080400000007058060002016034009040280000000040090300800008004000
000400000510000000000050708301708000000030007000000010167000000090000076000000820
390000702601807493200904006076002015042000000010786209008000067060008901009005000
000000504080200100420009700002430000700020340040907200000062453006540918000108672
012504800000000002907001403020000706000052380009000205000000900350000004001000000
050078632000159040874002510000030000000000085619040007000003801000000960096000000
051080700000010000040000150000000007720146900830050061902500310000030209403000075
090000004100000200000692010009500076530764020764000050901003600800406105000001087
006000000010000300080401650060000400070000200502000000008009000090052000620000090
630095840592080370080036005000300090413907000760852000046000010070008403000600050
560174029000000005032860010200040901090300008046000002029000000385016090610020053
000600904001080200005000080906001802300000009200005000840500001002000000000030705
000520400640000000000060300000700940400130000000902130005604870000095004160073290
600098000000000000371060089000050008500000307009070000000003800105006000068749031
040008971719005003000170060000030200080040030300012700000090057020050380500000090
907000080000100000030000009090030000003000196700910304075090000000700903009000000
910000006057200400080750000060000802000800000000000100009020640046075021000000005
005080009009000008310096005500800290020010000800002051053600000000000010007000000
000265400940000000062000070000001500100000000850002000080000000017000209000004005
001030500000004020200090001034906000602100084517040060020069415006001030140200000
000000004102000000408000301080531200700090500301004860060127408049000102010409635
879001005460800010213050879000504000000900027000072540152600030694703102700105090
000060000000010706070000400084000009029840367600000810460007002753129640912084503
460000000923000000000000076042800059105432700086010004608009240270060000009024080
000000463010406500040500172070000004000000021001040085480000000027000009000000200
639085200142030500080000936021096700490000120357800604200003005970008002018000079
010050030000000200000040000002760350009120040040090082890000060400030090000000000
930810007000260000600000100000045000700002000050600000063050800000080206010026000
003000091840190302905200080594600270000070450780000100070008010008310620030026800
152064739970000800004000001530200400000001008806479005300108070400030002208040900
500080604467150020800640100678900050104205786000768900040501800050073000080496000
058200049002000000004075020806921000475000000000040000021700500000102900000008000
068000000000015008009020473000500026015600040900004010590408031084103500700050604
020060005000000600000580003080207300000000500005036080000000000701620008000000000
080300075000080000000000004200510000030902500000400002090000700040800200650700090
050700340010000070002400605001000937005007164079614020130506802500902703900170400
000000030450000009020340000300010678040000003000209000030001800000900047004628090
670540201082000500005080076800107090400358127000004050008010000907005002500002710
795060230302700806000340579870200003500009621016500000000607002400000700680021300
070600201080004300140350080000080100800100000000000000090721800000030406350000000
002009400003040001050000009009056038200300900000097500136000000040070003000063090
900060452020030007800542300009100500108006000700004003000000030000008000307005100
006705040070040206009000700007390002640007091900000850000924078708003004204670000
000890402002317080000000730036908027000100004080070006000030100010459270700080000
000004000000300000000960004580002006700000000090501070673100520000250000000000000
040000000000200000002500000806000590001000000900607041500800024008026100060900000
007900832082000000016000007000040000200003560604009000800030015003150209005002700
200064000070000016016089030180027304702043080000090002690070003027005600003906807
000000140401070000326910080000000800000009401004002306080301000040020010100000008
200057000060120050079000001040000065000380002710000003450003000000090540027005000
306501897200007630908600001004100782020000100500702400003005000489010005752948306
900670500087452039000000700000004000100009800000000240250300978870200413010090600
501000080000098012798500400000000006007360900000904000000070605050040000100050000
000710000030080000000600050003050000400030001090000068000074000080200700047008000
040093002020500690039072084000060000406000207391007408910740836750800000003921000
402700508070080140608020000840370690060008000200600480000800213000060054084001006
002000014001500087700304020000070040014060800080000063000630050003052498205008001
300700004500908610080106270000074300036010480008690500803500700000420038074309050
005070016000600000000200378100000800000000000000156034021004000007500400304067100
009400200000300000035700004010860500024090008000000000050902700300000080000008020
720000930000000000000053270500000700006090000400000009053476000080000060640010520
000900632236084900000600080312400007000000008894000010908726300003859026627041059
605000000000000500009000047008000009302009800010860003800002700000700000007000602
008070000060400000004000000000090000082000100000004900070002009009000020000905476
004089153890000476300000000003000020000052000008000640209000000100743900030900500
300000000900006230070000090607005083000004009000000000561000900400000000009600300
000032008000000000096005403000003009020600500003098000514309000230000045600100002
020074051740001800000000000200040080000000490050803270600058000370000000000037049
405001098070839050800005710310004507004000003756018902103080400500000029082507000
600000310000000020031200007820040003010702500450000070000000000068007030090000002
500000263000005900978300010401700050000000007007000401000230640000046000000981000
945000327302059060010703904504000008091870543000005610100000430420000000760230190
080016009100003050004008071000080700859067410000030598500870064406059080020040900
087000002103007000006103790600050801000604200350008000200000000030009020000205000
700948000050720009004100260206001570410057602005060014500604030600003025801000046
350000867010000003768503014100200085620035491000000706870009040001460070046050000
004870300005091000070000001020304690060005100400000275700200819342000000081607023
002006435609003872040000109120000083000700006400000017001005328000000701208009600
789410506052970041130200890068000100000501002010000030001000200540002000007100000
000001050509060000000000000050009000610508000000006005000000006400003720007010008
203090450004020000900050006600080507000000004100002000028000605000030009700506030
000074510049001200300200007000050480200097000000000109090000004608000000007010050
080307200000050006020000700000000568050000100402800000001084600840000000700103080
080900740921000000040386901000017400217450809050069200008092170090170538104030000
008000000030000008600000370020006800000010200089007000090000620263901700870000950
830401000000095000900080400204716903170900804500024010358240000609008000407100030
940200806608409701127080509710008290500000000000020007001003980080502670070000100
002009100341000090605000008000040027418672000020390014060400780504710062100900005
080000005010802640940100000600508032000324000004900050100000004800009500029615078
870600004360000000009050030000200349020904100093500062510872093936040000007000400
007618200000000000060200000000400000080020000005807302070006900000000000094705003
090000050352079016000230008070000001609023800230000649000008967907002580500790004
080019000000000094900672005063001002059007600000060510020030947031000000000020300
308175920000204863009600700052460130830500000000000050080740090690000002004030500
071008504054072000000459701002045079000900302710030408480500230300684915000003000
802004000460000008590320000056090040700501902080037651610000803000700006070006509
715000409802900070040000000100060908000049500490000060900403701000127000000698304
005943106100857000004020800340002700000000602620095314590400070416270000207030061
093056000000170003000080000300501400070030651651740300200017940107400205008320107
000090000042507800680104753300070000060280030208340690090862001431000200000400005
021500063600290805008004192210800900500030000000000008003940507105003000090705086
895130002000000403003000005360000000087005000540013280126000930930000750050300126
000003005500094700000000004000000052090608000010900000002000570007000306030501000
704009501003000000050000003000020905305080040470903600249360007810400350536170400
000019004012400768030000000070008003091000070200670000000000120089001040000003089
070200000000901000000076000245000086000040070000060200000430000830000000021000003
000050600009100000001000000096000500700000000002600030005000106107034902000061053
300070108700200640021030907500023790060040800407000062000004000604005031080310000
095430600000900004000000000000300000100009700037601000000000002620005000070000050
070395182012007590003280040090108430080030005000520000120000050034910000000400000
176004209508002700903000405005790814060410002001250097002000500010000020050029078
000000009400050620000000085023000008005007900009500000070000000910200000004009000
000056000000010000600203000000005600090604300000000900709000080003090026240108500
180000060060020030007040201025300906000802070000094500000000004010009000490005807
010000800600083700030001609000000900200090000960140070000000000008710506000830100
000070304700000056400502800500800000006307020130000000000080970000039040300021000
860500700370060000549000620986000300007006541100007009620008100490005230700000980
030078600000003807080900000300014069600000400801000032500000040000060170013409050
502900040040852100000067200020100570010745320470200610209014800104570902700009000
004016030000402001165890007090647005013209670076050008280000050640030782000028046
300000000020500803105803000000000040800007215700015030000009050200000300900400000
000805700000020068006037000400300000001054000807200456300502680600190245004786001
000060500602507001800001402500030040000000000070040008005800000080904600000020003
008100000570096400401270008905600010086017025010500086103742800059061000000950103
000005028000006009005000000000084310604030002030090006400000000068703000703009001
004690300000305100007148609800030501203507806570864200700006005062050008900780002
005000207086000000000000608064800100700906082000005000000000020010590000008000050
605910800000800700300000040006090030921000000003000200000009000200000070008000300
001720000903805600000430500410008000000097405000154806000001000000540160100902300
004103800613098000000000360000809070080000050742050008027600030465030002391080000
600000900081700602007020518364000700002000046008403005005030200400600050210008400
000008570000106000200050001006402030400070615037060820750020390090005240042009100
230080059900030006000100700000200070002600040006000000000060000460001007100000500
000004030080307000307020860100008000400750000009002000800000006910000003246800000
000350600008001040000429500000603900060000000920080100315900400480000096000000000
309000020506000030000000000934100000000002090000400000000380000003500010090010007
000000080061874300000005106400500203570620040032000057090040070080360400120708009
060791000008006000000002006607130000054009018000040009506000004000000000040000093
024700906003402000087300000008000100000001000700000000030000010046100300001093400
090001000300070502052000907009100370010007000000092060060039058028000000070000640
001000065900042000030009000000300026500000003000005000009016000000700050087000000
020000450006009020000070300900400600072398100040062938000100067210007500067053200
500800000000000080804160003008210590065007100201050000050720041082490060409035270
060100705400009300007006100038401072000007000005893410000030001050008640006010900
580300004000680000003049000005004000060030401010908000170006080000050007058270049
937006000850000000000090865060049300300050000009008000000000700000005041005060000
600300002050408069824190005047002693218030004930045000102003500000000000400260037
024300000000000407000007009070004050050000090003068200009003706010002500000070900
900005120005300009300060000100000090000028430040000081207401900001090870000200014
700583000020970308000000000000007800000060000080290000300000010060009003400035002
207084301039602004058090600900037060010008050800000100600005043500003716390706805
403091600180600500000030009020400030706000008315200006000340050604915700000000000
527306800840002000060000500230000000000847030470003019300018004750000100006075090
065000012308200500200700890000520000800030000000800030043000080980040256000007040
060200500000016890000035017000000009106000003000300001500000340092843070800500920
450000000006009005200003000030002009002104070104030020000020900000078010001045000
203004050910000000070200004000040002100002009702000405450800031020301000300050006
809506740420098060650200003900800076180000004705020308010762400094100027200900850
079800005453060100000540090000008250240030901018000370001280503004056009000900842
000000803010040206000000179004005000200600000000000305001090032000000000342501008
107050340406709050000643000650370100703000502009000070081000700900120000305097821
080016734006700008703280000037050000800100425400869000300000600000300500008600000
002400010005000000760000002300004007940000000000130490506000740070050820283007100
703002080261008070000050120400830761000006040000000800000029000906400007080500600
008356020200070350000400801020037045370000182450082600100700503680590014000214060
806000003701045008300096107000400709000200064400010000000000485102580906000070200
000000008000080001009000000004300106070001040100005000000800010700006050001500700
891004300040000009003089704309018200702900018084070000006803500015007000000040600
084130000000000000002970005000000002000200000007000100000300057300000400000041203
104002650090000100085130009000018030000000401010073090000900864900840310000301000
800900000065004008100007000608002000001680200009013506004078962006341805587000040
180070000200460900000901000008020605407650001900000000090107004030240580042500000
000100004850400000000762080700000843005084006480600005318900702570000000000075008
000090050000400200000000000100000000002060905004000100701649080000500010000001600
038700200000800000047600008600000004003490062700050003400502000000900000000073649
208010675065920410003000028870030000324000780506089230000500800907842300080060097
020600800000900060004310700003549600009080020006070950030090086000000070005730240
080641700723009146164000058800000000000300070231070004000060527570980361016700009
010003060073000190206159000007560819000207040000890200100670050495000607002045301
130900004000500103805010002300800405290000060051000200010000000900051726060098501
200706408081002600007080200000000004008327000109000730000000305816450907300070861
040806000000094006063000200720008300900300702016700008000500000502480610430017029
030082010002009000060000000980000003500023890070000150000207000000000040007000000
506000000070000000301400807807001000630000010102306005410000020209100570000090340
397000000068003054041000009006030000130008600050600910005009340403506097072004000
200100060003008002000200730900000200024901580000042000005006900491050600800010050
021900500000102094400000000008400105000809746000051002085090000700508409000670800
000400070870500469960270530283000794000080010006094002009807023001900847700003950
040130028050946007007058000070500040500460032000002009800613200705094000610705904
000002000060700000050009000430900600000270000006400800001000300047503002000021000
000000020060300000001000003010600500023040007904000006006290005230000060000060090
000002405200400060530060910000000000051070000003609050000000000100580790000001000
000010076706030051041000200009023000084506700370001009900600008260000190000000620
000879001070100400021000708190060587000050000007200034009610070400000000000902046
930084106008100900050003040000600710020731004713049005502306070000490580400508300
008200047020067398000000000039000000000000130004000702000000006000006000006000400
000035000009001800000008539000012900900350000207000600000890065390007001000100308
060000000000000102250903860005000690020800500000100023002630085039580000584710000
000300109300600040600070000000038050030569000000140000000010000900720005003000491
000030400400570230030000070300090000090050300002400090000709520520800907000000008
462859001100604009985730004000508937804300126739200000000100645000080002210060000
000103970600000000100090084062045000040000000009702400581006042930200800200000069
002501000195600803700003051000900346004000095079006102000709230060324008423100000
304100000502400080060050700100003807230040000000015329700000000940000005005094000
010040005000000092000201008640000000000000020000089000400712860000030217000008500
000000006002460001496508070009087003078000500003090008910802630060000007020040095
000005010528007000090000080002000000000000000100534800007009008000002004000803200
508006049040030602000900005300000500009400000005302900000000006020004050094000000
060000719403071500019850000697000034104769285005000007001607300000035041002190006
070000030006020070102745896000013700340000928005080340000090000019500687403876200
000005000700390051010400000000053100871064900350100040080700020107630008030089714
600008520400702000000060401816400905035000074200000800748230060302000000100804300
002000000008025300409000026006000005000300041100072003060000000003210600070006000
056823090009050000300047060091300004060004910400095600005200008000570100012400750
200300000160805000900000000080053000471000009009100080000000005000400720006509000
000003006165000000000100007810007000390000001004000009409000008080000265050001003
004600000030024800800000004009070020016200580023050000000700340340590608008030002
000000020803000451276000080300000000607010030081000065000009000000000800040000200
760050008001060020052000736005000100008000350000570000020006003030028001000400000
600070000207000056300090740008000421765040809020389500010005604593764208076008300
000004008700150004009008006030810009801029043690000085074300002018562000520000030
900270000000001000000090728000500480400120600003040217132906870004002090096004002
020001403700403002800500601672000350000060048401000000069000035147000926000000714
000080007070900500004070300196348002040507069020000830200769000400000000960104000
760200093000090746030040051000500012006012038000438500000000080300000000008100300
900010000000070003301000089002050001045901006008300507000000008000102360503040000
064000000010070000009300070000700050007000408530814000000000000020000740080007006
500040906900000041000006037000009205260370019419065308003004102090050004000102600
080000060000000008036009100004003000021000090069100000210040000540896000000700000
000405010000900500804000000703090105000001670000006000000007900000030000090004000
497020001018000006200030400900760005070510938100893607730056002540200793000009504
060080704000040062090025000000000000009000000000000020900008000058104200314790006
400000006090302704600705900040007098000420105510089400350000060900534010701096043
490300005502094368000200004080000000000900007000007100024870500000420800078506400
006000000024000600001060080000108007005093008000057043508970320907000001003501000
801030092970000530000000001020050670018000240760009058094005007605307004000010800
732150946004020008005900023093500060016230500500001209050094872000000010800005004
300608970001030040068071200070309052542700319039002080004107090007093820000804100
000500700070049050020007080030170500001005000004023010000001000000000005007050003
205400109000000580001080604850069013760300400300850900000020700000047390540690821
180000007056200001090000004001000000500092400034000009000800000200504076000060010
500000030027301600043805200200174006005080714071506092000490063704003000010208047
040030067000768000700109000000000003380001004000307100000904000000810409050270000
415003706309780014087000920002000107930060200000000839006470000170000098050098471
600100003001030006020900007000620170206700000417080000008050009000090300074010020
907020036080050019000170200820500601000700000000098053540030190760010840000080007
030090018500026079070080600000803026020000000000267000900018203840000067003670041
000250007250000800170000205000500700700030504500000900300407000609000000010689002
200008901500910000070206080715000802039000000040750030150079026026005007090062150
000009018000038700310000020205403607000005003100967205802700006950082070000590830
009301750601000809050400601070810005060094000103600970000008000500000308090056407
095000000680190704000002009007420005050937060006051973000304001064218590210500040
000020096500008210200050000600000020030802651028000400060094803005300062003210005
100090060500100003320000000090000004000000002400009008604023509000000020000900146
053000008004608005082035400000010000031960702946000150019006500400050031005090040
700805024120307589080201730000400000301070295800000300000100008078504600610780000
009000004308574069750009010190000000587060003042013500000001805000385006805000900
080030092070806001103702006060000000900070003300040000806910527052000010000027308
950082700812460300647093281030209047070006912020740050005000030001004509004005000
600704002201060740074001086000009200100680094459000600302406100700030000046070020
704001030610230574302000000040018290007650810080700406400980005809020000200146009
623010007079203010100000000900007280060000094000000730280000000700000059590000620
071000300002067450000000071804300016703000890516009723000004137248003900000500240
007010920000209540290000601100060470700103086820000300000030090083027050002540060
800000036200006050000007209390650070072904068060010004045801000080090605920000001
000000005357001020000030901500000000070006002000000030700000200601000004208074603
020500009400200080056903002379800064000005900645009010017028450008304090004107020
026000000030000489000000062012000005009035001000000004300050918000007250005918040
000005000037000000000000000000600003800010570300050000020007056000096000609004307
090000103058300409700006820940860200312000058006103000070690502025004080800200347
020700800374000000100060000040000009860000570700608000002104908410000300500320100
040000087000400900500080002105004000902000004000309600029010043000040006370206000
001060708079312004000090003947120300030970001002000409008501640004000100013040980
605000004740560900000804652030908275007610400009700160000180500574200800801450000
600907003000500000097010050000201570800050000006304020008405309009600040005000000
090018000103000700000000000056937401408020300000001200925000604641090073830160950
100000000000000017000000000300025070710603000502080004070004000200700000001500009
000006258070050030802931004183607000007200000240003096000560023060328017000710405
000000910900000040304090000002800003008040000036009580007085000000700800000000000
360408902000000005405720030000500306000000010030000700000000160020040080014000000
060000005048027390190458000000000003000530000304206000002761009600305084000000000
807000061020410000000007000003002000910000007084500029000621004060700950000000002
029600400000005009100709003000006501036051000000400000008000000002000704000900038
000751020428030501000208090140080600657000039830000040004003000000090004900000000
082000309100905000003620470700060108036000007820700600000000003405000000360071000
500070000007000204090040680700061009006405072009000006200083090038000700940057068
070210098020890007006045312390400201600100039000938760751009400800001900030600075
004395100816020590903081724020000800407500060001740035100806000708254010040000008
000601500000230000060050082300060058500003600006005000070040800900010000000380027
007059000020000070000000090400310257005000003008000000080500000900000000060000905
010600090040108000000090008004000209001000543006500017400050080030086920078904301
071000008024001000300020100000000001002130080000905060500000307090040002006093800
607000090001940620000200000000000000062800040100630005208050000006700010000000000
600070200100685009000024006030700060001206098050830000000007000402008103307000080
000000070670040000000006305000000968004960000069750003000100009000000000000609500
460050000300164205050000006020498000890000002010000489200049500000800094006000820
000201070200700598030000000802600900009800700000049005073400000000520000506100000
500730000000000000702001008008090410000600000000050860400020000020000040010400000
006020070000160520300000061000016004003000009001002080009000000200090000030008000
006001058508460029200000300000900200903010560001670403100000030365009002702006900
320900010000002095000080300204050000000301000010000009640000003002500970080000650
038400960000001254000000000000017800013500000000694010540100302082905000071083549
900038010170209003805001204290000300000000020610700458700000006300127945400000002
080900000003500000009040005000050007001798230090002401010070060002000000070060300
090000050600035900000408700084006510906001800000300060809007030040000072200003690
009005007200670340600090000502100070403009100080030500000012700760000801020700000
580200100260701000010000000400915200328400000051300700600100085107853060805004010
820006000100007802300892000600789200008000600000000000400078000000463000087001460
300000960005060234010000008070094800060020007030750090003000600007010309000900000
000030005905120000638005100000206350286059001300000280890007002402090500010460090
356100000000300002000040056000069000000500001000701069630010800210000630000000010
000006200000080000640200001003009000070000630002008009450002060000000504096000000
160005082040100000030842000050400000400607538007350041000000090200000804073000020
029540007000009040050780000700020006563070820090653070980000514030400798000890203
100002300000106020027500901010700600356900407704305200031289004008400106005000890
005800400000300007180000360000000600000000900004073020001000000800041000000706000
000000000008090070000000168000000580460001039000000002280000007035000006000206300
000000800540017000008000200007600090300020700204780000000900020400570186700168004
040600001000400006700009000002007800690500200000300700006200037000090000000034098
010000806200008700000017032020060000701040008903000100590086473370000001006070205
309820007285760930071000008000000700960300010000000003000100040700900080000080000
600017000102009604000060000905080000800000000000090806409000300010000460050006010
000100000010395420905000078000809030052040009000030640093254000000000900600900200
000421900100070060000360120098530701203007009004000005800093050420008096009054817
004000270000840000000000000000400000005000010200708403403000080708100500050000030
076150390810000002009700050500039000087400009900870005050940620104023000060087901
200905100900003000040006000090007600004500300300020509000000020001050000000700410
002050080870900040000018002928560004000000530006140200140000000007695400060030000
000200039000009704300700000800973000703005680205000000050090340007062000010047500
819006000400018507657000080301080672080007030060103800004001900038000000096402300
000670890000024071006000500870000062020180000500402000459000738387005210100708000
850049006010637205000000900000000098080470500005890674000003000108004000500010069
001000000050000000000000900006042350305000840020000000009001020500600071017020090
000090002409283000000000000700000030094000065003000000007008010530000020002010006
000530702350004018720800360507009800000050290249103076008015000070948100000760489
080760320001059764000021809020097640400208000957000008000005000706032000800076432
120047093309001807084503001070384050408000720005700380561000008090000070040038605
290003074000000020000000030036094005000000016800001009000000160000000402000009800
504107300630050001870000250700031005090070000316009408000018000002700003100006047
002000040304180057700600100000208006000007000007410009000809760000000000000700012
000300000030070960047096003400900030002080007008760000061000000080610300020800100
006903004090074206010000003800397000142685900030012065020500371650730020300000600
006020000000000070200803060100407390080010000004908000800502030000000600020070810
004093200020060900000000604000000000007000325000000401076300000009002700050076130
208500170731008050090700806153800942400053087070020310002345001305000200000082030
000000005500030000480002100600000800000200907700010000070000560000000410900500302
520000003600000107079003000050000006002906000060830001080050009000760004005210000
000050060060000400504030009000289010020175006010000908000917000000028000097046802
708302400590807000003400000800600000000000600026150980600001000142000760005036000
354769002080005000090008540000000780009680050000100090000000000000531400940000100
139000057870030042004000190050097000040000700000100060900360000002719036063200900
040890607098000100600000000030002841800035000200000000400009000003020900980050000
060952700071083925290704030012000563084030002050120804049000250520000080007000010
000900463406820700795060108000000590009730000040195000901003006007608000860009370
730000401020000000401003020000095003843000100059030602000000207000050004004000005
268003715093710000010060003000500800000000070800309520000002034002000907004950102
910006000608030920000000600800004200200008000000560837009620508000780304000000100
506140079240087300009035401002700000807010002315200007120470000070856210000320094
000820010000000008000001030097050643500060807600780020100430009300000002000008000
000380207008000064000006008371060090200000000980713400013000000450030670702000180
430000596000083000071500008904301700700900000312700004800000000107000000049802000
385000000600000085040803600003060721701034006096200450000080917010000068500170034
409308070500400000008076904190200307280003001703005402840630700002950000957001200
046000000003005200900060008012000500000000800800503400090082057008300009075000680
080700040920634581046500009710009435004001090602050007803120060060005002070900058
080034005509821300473095000090016430000008090030907106916480750300009000000570010
500070600800095007170008050000000031309706005250000708420009100760020090900060800
000205963000000008280900000700540000500028039000000000000002197302009000000000000
004000000800092400500043000782000000000400270400028095070300800300104000040000009
000000006000000010710050098289007000000008000001300080006080000050900000128000000
090000006030078500008005200509060708200000005040000362000080050004020003300700009
010000560070142080000060200000020000000000100061400000004008600008000490000200000
020340000403000060500062000000000016000816700000000200005629080090481003000500600
184520039000041720000036100000000000005692300060083400047265003026300800030400002
040607000067210000020000600000070000004000032806030904079025300200300000031769000
519408063300000804400000095000010502050670000000285400000000058005042000000000000
002000000590081400081000000000000075200600004000000600060903000010000000024000030
134000056000508100000301000002000000061400000000615002000036000603000780000800010
070004026000069073000030051800007000000002000030195260200070300780400100043000000
840003000902074136031925000104039080700046392290000001400362000020000810079401000
057000000120400700600500000092103000005000013304050098009800600000300000500000004
030709418509000630014020000080093750457801020003000006002005060005038200300972040
036070820000008003892004500609000008103000004007900030700860041010020080000003000
810496500530781000900200017028007000000500008305002000201600093003025786080349051
001003800508000003000080007000056000900000006000079080400390050000764930830521670
910403825008000070070520600000200931039000562200000080602041750807002043001007290
000001000060900004902700601005840067600300400040000000400008506078250000050000700
210045960060002040048069017091020300800603701050190004402506000600030002000274000
239100000000290107000000200000008700002700654090600008927000805050970000006005900
013908740400610002028457300100279400530180920000000000891742030360001000000000189
850020070600050020320000051240617008590000010000890200180030000460781905005004000
900080701702050080000021050893216040061000039004030206350000400027095100100400305
000010908000000002000002003070100600000700100000600000426000800007090000081040007
900183000103000709005007080000000210002540090090000800001600930000000000000000158
300500170085107623971602004009000010853001060704020058008009200530800000000003841
095207800004090072710083005000050080007300006003009007430000020561070309000030001
700096020016832057002000169030704900600000085201058040000000071000000090000080004
509008020340160507000750300800024010060007203000600800003970008000045132085013760
057200010000480705100003090000057260032908070010006000073600000080000046400005300
002800700000623450400007006050001000104000005000530109006409000000300904008000560
069034208000090430000872500635700000000006040000000053020000000000200000000000000
070000600000050004030000000305060207000070050009830100006007000007013900103000000
875060031000070402204100508008000057000600293002701800906000780003480629000026005
680040007001390685307000001000000800803006902910070050000530100104000538008000000
602970800005063197700040300004009500090780003857400001903107000001000600208396015
020060001000051700010700004000000000000080003004006200090000607000040009000000320
400001300010073842700000000540809060001304900000167450000000007860010000000400000
863092001100300002004050300026910580019087000080620010500240079900000200642109800
300000068080000004000080000010007000000000000005000702800000000000100020072394016
600084000090002000100090562000009300000400079009000000000003280000940703573000401
000005273051207008372904006100520000000018062200000401500602304403051027026309800
064270000000090060000048300040006000600900000000405003900060010000000085000050000
020000010046200080090006200502060074710352000609004002050000000070590040060700003
000004296900000840010609500206400180000760304503008000000043012129576008004201005
030008020908062400060400000045090207000100860890200100009007342300510078080300001
000300006186549700030800954301490527840205300007013040005100690008750000013000000
070608010039000600060309024002000900090000005705901002020547100800290000400080293
000010060810607502600005081308000400004000000070150039000000104000901308901000206
850000900004000000000810432000000240000000013008024000000038729003070560900050000
740019608080000010391008004000002001800401905007030000104500000200040006009007100
006071052000500600000063700000000200900020000000700080630040000829000400004208500
000100030600002010050368000810020000500680070230059801300097180048000907905804020
700640090000900700520001460380026179005009040097408000042195830003000005000387020
490003710067904002320001540706390001800060003009020070900010465650839120200006300
703004010910070000006500320670100003000030406092400100000000800430000000000020004
000000010000000030210803000027150000090080006043700000050900000000005981009000207
000009037049706005730000908090067524425090001100005803950000102003001459071050086
002040019485000007900070000000100000000000003310200000000700000000000761006000005
805004000904030085100820090403602850010580900087000002759300008068009401001260570
500032046706000302302406000930700000051090270000061908000913000820000090100080005
000400070020105800070000006040500000010080000000040010003200000090000000007350090
500083020000706800801000560700018096102640003490000080040030000070921000019060308
700800400004007108500000900100080097073001006000030200300000000007400000805060000
200000507803795004507012060030200008000036070070801030480050700359007006001084359
700000920980037401405200003000008000054020000009760040048000500501040600093000084
006025000040601000058004010034000000600083100000002000009000005003007000060058074
700280534040000182120430769070000800800090600000040307080074000960000000400000258
208030000010002003000710024000000005000090100821000079400500908070900006100000037
000000370000806500029003600003070008080392007400001039050400006700000943034000805
090108000763500008000703054002400580006059100050002740000205000630900800085600407
093400100060105003000090000000349710010020009309000008000000004904651832030900000
007502800408700000105009000009071050006054003002000601050000300000000005900000000
310002470000000280080070010000000094800007050150000060040000000600040900900100040
009047500200000000530090040000410800000000030050900010000000060000060020100008350
090501700000290540000038000000600024000053000609000053300907000987400000002305900
090600000000048009748100050486000015000406902920350068000800240274510800803204091
080000000003805260001030050002000000004900570000500004200000085010300706035000000
600040200000003007000000450061004800000090030503002000002000040786010000000000008
320600489000908000908020000760000328800005041004830600509480060206500004083000090
000009008040070000006100030002000800000007600060008002009602100624001000810790000
000000025070400361200310098020670054594000000807905000352060840400003006700004530
080002690152004007060380000000000005208410070010090000000009053000020400503040000
000010300000030608203800075000040000810005000000000000000490000649000030070050960
060000000000000000309470000001050309080000007000006000000340601800020070000108000
037008002000200070600000500005006001210000000486000000100000000062003700000000030
157600439400507862060000100601238000090060328000004601740120080000070206010803000
090800206040010030200539070008620901070051000005403027350000192006002345109345000
000094287095700630000106405100925700000800103060341509002600004006403970300000810
190805003704002050000070100020506000300400012040080305000000097003709580079158430
287050003100070050000190278020700000013980700700000002000000320090067400400329807
005400080900800005687100900390007520500000061000240008000368070102000006036021409
000005000420000601000060054000032100000506300702810005000001040200000000050000000
060700400927004860450008907010000200200405000000030504040581006180000000700200100
000400000018000500050000003001070905070093200390120786502780369609045810100936002
000000200570020049800419070009000827005000000008190060000000390093001700687032050
400100080013060070506000903030650820005208709000300100000000007090013000000000051
000700103006010094000024500002005901085000700300400065100260008030009627007508009
800000000009000860070000040000000630000010000790630000980000050000050080006084300
040308600382007540000904000010679405004280000090503810400806050860705000700402000
053000040001047023000325891045002000600000018000000430700000002500000179000901054
007006920924080165100400030000065008200000059059804300500348000016250400400671590
090000004608000320352680100800093206000000801000800793401032068920008010086410032
002600000096007840701000090600080000000000600000076000000000005025009008000020000
960020870025007009000004003259800010600250008003040090008500007030418900590700004
368412000050800000000000000043109000501000204007000010000090057075000001010007060
300060000010007230900030001029400610000000084800006050460970500001300000200600170
250470000000018200183600749009000650300000400005900380000054003007090806931080000
514008000300001000000096001000050800090004007070000000001900005006000080030065010
010064800000000400004008230000030740030000080000001003040080000003000000020000300
010008700007000000805000600050780900008003250000520000500000320020000000794200105
400000008018096030020010000080060000000954000004000600000002400600539002000040009
685070421000140805000080700520709004007400000000020000010000900400000570006094002
003000009069004700078005000940000006300508400006000137000050060700000320604000005
000007518060000923850902070000003249500004780900008035109420007705009400200805390
006870240005000000302006070400008320000469850150023000601007092294600735530294000
004800056389500021050004000030000007060000004010040009000000045000020600076001090
000070009090030040087916025500008200002700600000300407109003076708091034040687910
800000600037240089006900700000100037015734820374608001002060000103072000089503000
000705003030640005000000468000090681000070900320061004200180500400037809000056007
108009403204187009500200800062000500005026004740900006007091060810605742603000980
000000890000650000300108056085400900000000008000000300002900005000500003006000000
000900003006002004007001600000006071000030008703005060068700035970503040001000090
200071435500060071100430060720143080300006000000097100902714058830029700070008609
600000074302800100008090000070060000005030917004900020010000090987005340403000000
000000040400050000200000006070001003940070000020000000300562000502000037194000600
900478000000062000400001600050300846608705003002680150070190060100200000204850931
109000203800320000000000607000603000000900000300210000680400700005079360000030000
000100036030000000000000000803000007700810900000750308400000500005000083080000070
190602000000009000006003910000000000040000009000001080005137000071000625080526730
640851000050937420730206081086090270000704860027680000060500030900300040203460100
000000200856040000700030650183000002670000381294100506308027010009360720027000000
000004000045090026910802047860007403090086075070039000037918000100005700050040900
006004800900000000470080035000000700000000104000008500003200900100000370080000000
071000000208000003304000010006050300009704008007028000003200407010500836040300109
000042100000001500103095084001000400000100050905200000026000000300000002000028090
060000090093167800802300701920430507017029000600700000000000000000083006009000070
603000005079514300001002970490201800700450612010003590084005003052370009300008201
018576034009000070000009801021705063604200500000000100060000708000603049492010356
000190007400000809000070500900007000002400750050020040090000035605080004170300008
000020704304000000000000001160080907008409000007000008500834000003790050710560483
094072050000006403800300001028900000000000069900040800430215080009030012000089700
040080017503201904102040058820190003036008179000004080008000000000010700960453021
000090000809200106004017000900400000005908000000100000000329007040000000090760005
030090402080014000100073006000029054000007008008050060429000000800900030301780009
390500020628034000007208090000000500940700201500001000009105400000309000000600009
630005000000004985000007064500601040700040050003259000300792016100530700002016030
019200800000050060004030050000906003040080916000023000000000000000092040060000000
009104000007060250800000410260409001095010608071006000704000000900045063610008570
050000000000200000000064010000013207003000000000856093060300071970640000000700002
097400000310075006000100007030008000050200000020310089100000603072634800000851002
070640008406002010028010006000700190013204080850391402060108000781039020390500870
743000009000004050026180000200703506400000093937500021000000430354200007000035200
300004000814502307050037014920003040100058920008206170709000280030025069205600000
000000000030500600950060000003007800000400309040030000000605080000703000560000030
017265000940008002002040000008000000005900340000834010000090800300050920000003070
400307590000501004190000000800600000000900200000200600051409030007100080080730050
850430791010058003030900005480069007275084906000572038000020064046000002308600000
000090745407080000300000000090000108204500009001000007806000500010803004900000000
940178003025046000070300009000000000059760832760283590812000070690002300534000020
010600000900000302200405010000030000000950000000080400107802000000000701030510200
460000000020817409170000020251408090090025004784300000902700000040093017500084032
095820000842036100760059802000002600400013008000000007080000019276001080300008276
030000090824100000100500840000240700000060010000005000000000001000007900410003000
010704000700805600000001007000000700000000000090070800080913070000050009900007006
500090200900000305627053080000034000040500000105000003400300917000200530803000000
790000048006000020325000100068104009003600010000500800030020400500700001004390000
040000600805090013000000285030845029070160000000900000000000000700000950380050076
000347000703000020190608703000000089010980070509070000068730401000004968401800200
000047200005080000703500006910000005008005100070210083090600002000050018207100364
100009020200000000000607000800200100920100084700000290000945000070060000000030800
928306000316547200000920003000103000060079030103065700891000000750091000000700918
987000150013900042062501800000000009630090284009042300008065001250009008301080020
000050000001000006043007000030000010200045030000308672000000260700000000000000987
489150720270000016000070040040918065000005000600040108794860050000532000030790000
830704195591800007060501030000206950000059000009103602007040000000000500045910003
000060870000302601006705000010070028007030019000040000000027103391004087000000500
508070106000601859200908074009030000004700980170009430910840003000190008405060091
003075026600940700005082000020830004800009007409701068000090040514000003300504002
000000507090200000001000046680000700000638009150702600070406005068300072300900460
041002578020000416007000000079850300010603002036007180002016943094008650060000027
000700000038000000710080920400000000090005010100009045000040080004010000061930400
200900300000030528603050009000008290006020070950017080000073000010600942008004001
012030005000584109584900306000040263020070091009020000090068000760000000400093007
000400000000010360719000000000800531900005020031624008090051003050046802000298050
003000190000910400105040000500130240000000087000057300000000000000000720031200008
160000708409308060038015429000792800900083006003000900000000050207500604301904200
000003000050027900000000006070010340030070000002000060060700400200369057007002090
100020500000900000720040109300000400201784395007003001002400000000006802000270004
016489052900075031520103894100090028409002307200730040600000075890007000051000080
008060005705082000436000000820006009040700000579208000167520034004000590902000000
004269105000000804070008020050000000300502001701603050087936000093100007502874603
307002000209004307400703000000005094070090803004000000001000005008000020000120608
741000050000000920000860174490000060600794230000000740100009385020000017003601000
750038460800100009400050000270000945045072000106040000004003008007820014000010307
002000000008000000050237489600020000830500070000003054001090008020000700084000900
008703600006528001003040050800230006000000020320007040080072109900050000000600400
851370000002510000037900000109600043000000700060002180026140000010080000070203900
000103200503002600070006050380000904000400100640800025005204000000000000160000400
000009300000030208000004006003002000067400000000107500090300050010005900005790063
205030708000005006006000040004070000000610800800009010900060001002301057000050400
060100070090300000000090603003900000000200000070008032000710800700000300089036007
040900000000002000008300007304000020000400000007000305030049010005170060080020450
200065704370890051001403008000280105010306800080009463059600040000724500007900316
020103695030096000569782001001004072645279013200310000000900700000001009052030064
309000000008050609000900000076230400145070080000541796200080000017000804004706003
028640103096000005017802960080096751000000000003000840052984000800100527601000498
100400070060070000000152000650000090200000003380207000590861400740029000000700005
100090800000001609796004015060080000087030150000005700010070000605040000009010000
280000000000002079970050002002090030069300000004501000000080006000000000600010800
710052080004007920290040103020063750501094030000700009600300090000009002050400018
623005800091020000470090000000000024069000008002080006200008000710906200030004081
000081900010002647529600000100020064060003090000500030981060400002000000300000000
000070800080143700002089430630001008298006507100000004700000140010027003863000000
700000006030060040500017090000000009090080370000000100006150930050370002070020005
000090001570000304810020500937506200280070000051840070090600732700900480400207109
532600970800500040000009005409035610200400500050206890008907260070002481026184050
000100000204007100030205008000020506300008791580000340923006807065000923817002400
005009000490000010037010000200698100086007005301025690702000000003201054000306070
000030520002804003010002009020403601060000038000600290600020304031060900208341700
850000000004800000000040000070400630600200400005608000020080076040006000007000000
600020040028000705403600002840369070700840900060710204004976100006501023080004090
001380705304650100000000038842000001910002057503010080409700506700005902105009800
000601097070030600100070583009003000360000000401900030080016000010402750290000000
500600902060920070290050630030000000948702300100365000080200010729501064300846290
000108647000329005150600392040500700006000009001780000462030070800062050030017020
001300000380000105006040980702405300003002064405010297058000000907024001000100739
007500030900002010306010000600000050000200873000000000060047900050380000001905006
000816900025000810816925740582004000001500004000601002037000050050137068068459030
034000015200057940750430000000000698047980021600215374006504809090600007075008000
000400000060000000000200010005360071000004005700000063007800300200000000006001020
070403600561000004000000008000001006000730512100000300009000800000500409000000000
900706005600400083054009001400000009790064800020090406300080000000075320070243008
040206703002800000000501900519002300060430105800900000000180069956020800000050007
000905007100304000200008003308000005020800000004072008000140500000200031431009070
000010087000030009610007005000000900100000030300100720000003001000000050001582400
080507020000000500000900004000053700503700080900000000010000008709068105000040000
000030617010200050003100400109300065008675901007000030482000190000820503070006000
074300010030000670908000030000003020003000800001000060000000150000806000000009080
800000700010825900900006850000050003007400090008060000070000600000000017004000000
204000106070106004000090000002003001000701002700042000430000020020000010000000400
410080965560000207000000310006102000201800650000003000000000790804000000607000008
050700286806000070749862000200080000500003000000200658672350000085001062004020005
960700420587014600042390005031087200420003000800040016008400060010670500096820100
000300007408005000000090000800002170600900205002760300084500960000004700050000002
180700600020080005750020090360910400070000000005470080030007060007040800006800070
058000300600307008310900602004000205800005004000004890000100000000000000000006003
000002006000803000091706000000538201100007000005000600002000004000070000000000009
060850007800007006070310004500048710000179000100500000010005070053000001720090000
038010002000000000050900000081006040560000000204008500015200900040080000000300801
000002030403000801000600009008090070034010600150060940006400200500020060201030504
000007100010200050000001020040000005890053006000104002000005090000000001400000037
000020000000530028028000000000207140007145009000000007001490000493870001070601490
000002000000507820000900073000200640080003000100000009571020000963000000004009000
000000000300000070050040006000800002803000709502700000000100000000009630405000120
000800900006007000000500030907000006600070080200031059000000100000300020090700004
708590104900430076300678090170006000096025010230004009000000060020103748007009301
580310406400008017070400000108074065207005083950100200720609800090000002000032640
000000000500000300000508904000056480000020001000017030020000003750002040019700060
070490306000130007000080000080209500090603070506000029753004090019370204000900000
000060002685000030704000008572900306419036500368050001906700014241000075857004060
000000400600074801704000206000700500215603008079100064581030000040051000300490000
000500726020190540800762000256007004000041002008000073100000000760009200002076490
000030800057020030060578020900000500004080000630700900010000258005093700700000000
400007000300002000000000001103000089570906010000200000000000090041690800060300000
107004000008000240000000030002057000000400670005010480000800700706930054000700920
000709000090600000000004700600050100000003006000000905060005070050000000002006059
000002910000700264240800007000000500524986070030240080002000801400100005003020496
000009483000000276008720100500200000830000900060000000070000802006070004003000090
000987001087210640000034900000528000061703002000460009140076090850000360300000020
000001064000340000004000718013002007800130009060000043020803006081400005006057000
008601490160040000004005301005010006000000000600009000800093704050008020009070010
000200500000340000060070300030900007007004000900100000002000000080002010410000092
005300621000021500020504000750130068864900002200008007000000016002000000000700000
530082010000194030010057002700900000403000000000003006308209005040008600020000000
000850900785649230000002008500004007370000000000010500809326105050408600032000004
000400207000160405085000000000317000004000000001806002500030618720000509618090020
070000025000030000000000090980601050201005070000090006003000500000206700006400080
020000071000970002000500086000020004600800000007300809500040600900007040002000007
000000902305000401000400030700320010290604000040000300000003240030006150000050093
006000000001080400809600010000001000000000000498000000070300000684500009903408000
002089000060207859095040000000000260109600508200700000620070001050090002008002700
718960200600023010230071609803090500070056020560002901000700056000208400090600000
800000090600941000091003000006054030514098007000206400367000980205009763180607500
001400000280000009030000400005000047002500903000274008000845000600700050058060000
016284003950006000280053176305001008090375260600090035100809007030500000560142000
620804500803070620007000840000700100752006089060300052400000200070001905030207000
054003000000000040017094230001000620000901000080670904278000000040309080500000000
002005610601032050000901004507819240000000100089000073023598060000270080008106702
400902700006000500030050600001000009800009000900500408000097000000200007000030020
092001700007002148040600290050004000036500400000316907000000506005000314000005000
000130000900000316000850200857064000109578624420391058300005102000010803260900405
000408050005700804800009007000000070007045000000803000009300000058000000000580291
809510040003006980000289315002090000900137000007060000060951000000620050501000026
000000420004000053536000718009000040018300900050900001005000000002000000000004000
000200701010004000600000050040008000170006000200710004000801070009640008000000200
008000050000020138050300460072901600000700090090000070920000740000070900000093010
028901000000872901000000070100000700000720015200000008902154080800000054040380200
030000200800700900260000814002010008000000000070200100000078000000052090500049700
400098000000405890009030560800000070264070000097800600008024750002057080070900000
030290075000605030076000094008420500024500009300000407000006350103082740000051980
500000000000041300000000009000000000000070084840030106080600007170000093906000020
170450000059200071206178954301700200500000007090060080840905000610847029925003000
000173006007000000094000301900000003006000010000307050200790004408000097709400000
000000005800500240750104683045006397000700000000050168027000800090270406164083002
400070052309051004000006070030100000028040000607035820800000200000500018500000000
807293005003050678501000200006000540002570000004830921000000050009765082605308104
420006009017930400800050670000060203076002000008500007069000700000690508000407300
200009080009008075438520096000490800000080700800176000380001009694800017571960300
680000370294000050010800000000300000001000000000007000802700100000060000006428007
140002507700600002293087641304900010070800023610003000067000250000009768052060130
042008716089060240010000000000302094023000008400000321031425009008170052054090030
360000000040070008208000030183020060002000010009000040004000200006010904020740006
501009003000560098009230516070012059002005800605874320153900000900728100700000064
000003900000190500901050030807302090096080020000600000010070000305200709700008602
310750090756000000940000005080060012123580946060123050201000407604001580030670020
023080006461203780897601000200005067070004503005000401340000000000400900000806000
000002000209700000037864000000003009080406007004071000000600000751040900920007004
060050090914800000050000600000000740305174006070000000000000800040001002000206409
305078090000000050049105700000000030003920065000800270001602000960304810034780026
005007103070010000132040600900726000500000006060000080000005740700002800051079000
104900706070500920200760000002000301031629070708010000007053860020896007609100230
000008900100000080008000000900000300002030010000900000007000145000500000514007600
050268047700000026680400503000500080008043651160000304003000478840300000000000100
080000560500040001021500300005001209800297000009604010700460000406180702090705006
400000002690500007502007600915820370800076015000905020040760108709100003158000009
000026900600000081000000623070604009801700056000018200026000000149070000000200100
000000500001280000900010000800002190007030006193005000300600082010720049002000000
840600390050000700000009004418000030503040009090203481930820107004006000080000060
052080030080630002700050004000800003000000208200000670000000040007005020020700000
000186090068304020349020086050071003010000000006045000091432700785610000020750019
090371040204500001000420609008900010500002096400157382006700100957203860002680005
539004700248010509761590248804000000070800026106030804000400602000020310082000400
060000000000060030000000000400000000913785020507004009000006000000107800008000100
300004000000009300200008000700010004004072008000400709000390800065000913003000000
006000387090000100080100090960024070820000060500000820210700600635010700008000210
680030100300000208000060000000503004000000006000000500810600050706350000003000602
080090040019006008000500701802009674095670800000020150026000017050410362471000985
001002095080905010009100002010376908603090100002504730100000589020050300058001000
783050294060000000020030650002087100000300425006500080297003546004209010801605072
300681025009000000000005000006000350000007600000408209900000102004800593821903406
009200405007400000501030070013900050000103068000700034900004300138002000754008609
108700062054236000206000547042001075961087000007300610609805000400020108800473000
090000007004280000800000015007040000060501700000708046900650072000800000040002800
080003154030010078145008200704006000000350040503401000402087309870009020306200010
200000800400600000800030050060070005000009000002060087000305000000100030020900008
490200000100090500000063090700040003040020007000716900900050000050632000000970408
000000000700030620800250900000100507050000000000070098006500801000000000570400236
500030016160500320000000058000600080030000000000800000000005002000080731000300000
009400000000000000000000090100640009008000040670000032030214060001060000780000000
003971048680500710700804200300000450000200000070605092042090000006450000007180504
800000100700024536005001000003000200062070980109002005300008052200007040000006010
601502000000478306800300502000600000903850001164000050006700180002100003400903700
800000000052900168039618524983106002000300410040570009308001905000090080007863040
087000261300010008000000500048200100239701000700000000000076400070900302004020680
000000000000370001000920080062410500004003609000060040000000000490007000000000004
001002008025009000000400000000970086000000000610245000300100060000004000540000001
960000020020009000378014965047005036590360140030000500003540009600000000204800700
900003060050000000000008040280030607034500000000009000000305200090800000065000000
740005080000030000050800070000400053000900001000000000000200910200006000000008520
100250807098000050256000300020000018600010000009300000462000130500901204030060000
604590001805070340000030900083902674467080100200000000050820007008140063000003209
090004081007053624406070090800000000200000009900000008040000800038090210010000000
000000102020000000083002040000034000000000630306807005200009000600083020000720009
000005108180073500090800370718000490030090781450087003000006932601000800903058007
900008300000100058000000000358400090720080400006000000060000804000600000007030612
038000006600000000004562830400001008010980060000200310051030609040100080007604002
000000000060200000000040000070605390000072658605000407703024005820056009000700842
005080000190000040000900300603704900072510600950006002509200000806000500000390806
000358719030901026000000003000060042004000600607000050800009200059720030000083000
400000000005408002002000801000601000604802500820935060200500010070293050500000320
000000980009076004143089000008607000000300009001908746912000407000100008000704001
402000008038000000170603400006040021501060300300000700845000063207036840903850017
000002053040007280020034700008001309700000000000090000104075902307029004090040037
000800094000490076409670050008000060000000500000000000060920410701506809900000005
000120403000300068000060020060001095027590000050000070043002500001406280000900004
050000400000020109003000605001840060020003917500900000000200051060350004300794200
003000840068001750020684000900000000670019023200040100312500004840120675050098000
500092861002010300000703240890100002010500690050000700081005000600800034400000180
005100004901006020060027090190800006008600900506710008049000100012980003653200009
005030100601080034030070500040000001027805009060701840002498003890603000010050008
000200000403180020295000608701008004600940301900713062500001009829004136006000057
406092005071080902293005000000008020900500040034009000020900400600023590000700003
300020900060003070800009300409300607670004205003070400030081540106400000090000068
370000000000060000500170080000810000000040000000007021900001008480009000102000000
080090006000620038265000000508301600706008040401900052800419060600583014149702000
008200007000680002005001000000300009096025000037008001600010708000500000040007690
070580406205060197060970000006000900300000060000040370000458600054006729030007800
000724093240000000103000240068090000000000900070050068009060700000000000084930000
009070003000000700187000000060000280004000030072003000003200061600430002000006004
000510000600000000500000009000002760805000190406000008000035600050000941708009002
000008000050060000028001700607010009039007014000000600846000005000806002092370000
000007103008000002507008040300000050040070008009005010000000000092703800003000000
801090045045000000600350001000000000090200700008000050060000900000008060007000130
070061008002030500030970002010309000000000903000002000000003090000000001001097025
185904736070518020009037810000700208008000150510092004001046003700080000402070981
203000610870100000000035700086301090920008000010072040730600051090500070000720908
409000000200090610060070000004900500000000034002703901046085203510230400700400000
006400800000083691208109054970520060000000005080000400705030000000694007649700300
059000230080000614146080975000000807908016023200809000001008706560120309000065142
060000100001030000000500760000008070000000005000000004004270030020000400036004007
080000900000000008000000000600000810020401060100056000000900051804000030017003409
000407030180000090740000000000700000500040006900600007401060070000070400000300060
000300070050000809010092005845100060000000137000006500060489750507201498004705000
791080040003000000002091603209100000004009070100004050000435000900800000430000010
005080070008420090000000800080040056050738409020610000810070945007504010000000032
097050000301090006406103297002000063074365002560000904100040000700030129638001000
009050436064000750010000900008025000290003004073000009050000000700840100002090003
000006105030072008000000070504000007000000023020060000056000000702000300000007006
300000004900000301064000900000000000090000136470031000000940007007005849009006500
810564000004903000900000405200100040170609800000008501300750000000002000000000000
200900300740060500083001000000000000090000751157040038000000000004000000900000470
320006900000700060614900030900200000700104500081500200000001050070640819090005004
002000150000000000040095020234700000098300000600000300160000200050000600400019000
000000000800700263100623500700006059035087126002000007408072005500090002200060904
000500000790003006000000090620050003500300604003462500480096350900705402050008901
000700000000000264000000050000000002509080003840300010400500100120000000095010006
070906000090400070300018090000507930000080006000300010000601000761090380020840107
000003000000500000500000001020064003091000067000310000208400600000006080060081000
000008002370051900004020600903007400008000000000000090400072000006004100010060000
030000004689000000400000006000080027702936480040020600006207910300060000070300068
670090000005001000000000000000000700003008060010940035030080096000102000080560020
740600980805427001060900470050200003000000000003080007000305800000800710004000000
200040580041508003090700160006014290950603840408209007764000002003400000080005400
900000000000070005014000006100400208000000700002007954070000030001000600006231007
080000002600104983010030000705000800920070060001298000503710040000900001100402395
000000090700092005902060000200000500000700000000020000027009603530047900009000000
160300000704020160000009034023095400076200915015706803500461007000030500387002040
006903280035007000000100590003078451607041300000030708000000800068300000000080130
640001897870056120130798000700004380020007400050003709004000078287040500510800046
000024000000009041120507090000908004000000507400702009200000400306000900000000002
030047005000000002680009001170000290060890003098070004020013450310750026057020310
000200010020506908106070204070362000010009002000000049063090020000600891081427000
300009000000000000470206003802013905504060007710094000020007006937005080040120000
008000790010800300000719840000501007009080503100900060006150200000040075700000030
680700300017400800034080100021007000053060009000009000000208700892001000100000000
700240650590870040000006078008000930300500007100009060000124003035680001014090000
200000009065000008310000000000001000904280570000004000607003090400807053000940600
009036850008209003000500000000190040095062000002307000000000305853900000000003000
041000600000006041000010050030800010009005000512000000860000300005000000000008000
000601300006030080000005700060300000003010900004000030805060090079500610600000803
001380000300060190000709820054000030870000400630100970915270000460000002087436010
430006005200000000590000672006904200000605491140300000004060000900000800000090700
083600514000000200541800000100000002728906040000070060800062000002000000410000607
600500080000060000300004260000000070005600300002075000500000003000723000070000100
200000485307040000050192730900210640721064008400000000500981060670030800000720050
082930105934000002015680394809050210350100409100009007060290000070001920298000000
052700004000300602004005090800490230079210800201806000500960000140530900900000003
863002000900001080007300200009463508258000364634000000500070431702004850001000072
008700000310400706070190082800070000900340200007010008000000800400020000002060000
096082734528407000073069205000800500800005096050604100004200007085000002061008340
000000406009000000000010050000400007002160005016005040007004001400601000000070504
420000000053024000800050470780001320190040000042080050008010040500872000019000207
000327004000000000000050000006040010003070509000000006012000405000000738378000192
006030080000100000814700205280000000035800040000065008000670000703050000008410000
520040070607500300080679012050400720062080000009700000005000964010960207000007001
000060090005018320263005001001026080804071652520890000000600245402009000000052000
905031082006400500800000600097010250000280760502096040200807906009140000750960000
100000380800000050020803007005084700000050000040310000009000000080001000010000800
002006000000000083000014052000197000700002000000803700074000500029600000000478100
030800076007003000520060009400000052005000800080000100000010000053200041000080000
050931740004080000900040500825010900301070258400000010000024800086700405540108300
009008300481003679030900001050000406000805020000000008000000000020009100000580000
051360980046280000208015460805040206130002008000000040462070000003006879980501020
004700190000150000000402000308600502245037010006020000082300050103900200459078361
000000007007000009000006000040300000900000000010008470070600920000080000004219050
000000780194807200705030104002400907600009030957020000306004000409000006000103400
091702008730658940608400372070009000009000785043075019014500090500906104000004200
900710503003089720070000698000450000140963200300078415710300060509820074000107300
720000040050000000840000000400200090597010208000590003902000030000634002030000100
000008040006070209400920000040000000000001395030780002200005000000000020004312058
080470021300002000010000407900000805021050003050009000700090006093060000060500009
000030946900000003007000800000201030000080200250093468349008107620075004005009680
000809000890207400200514980107600830000300207009100500402006300000401695000080000
000009207050708000028610094040070059370000420060040010500004800000030042200187060
900048070480000050000300180500000200012956008034200965000030041390710500040502090
060020001300507028020391507109700852006000140000040700603070980075980600900013000
401085627003000004062104800000028140004500008000000050008000500150870002200000003
020000940040230000060400300000000500590374102080006004050709003070100000013528670
000120030000008000010000608000600003401290850003000001100002095000016000302070000
400080006200000700000710008700600000000000000009103000095036000040071000007000000
605007320000010070700042500000600700007200610006009008804000050020005000500070000
001000008796084000080000600905840700840017000017960384009058243000432007402070860
002400000009800004400000270007060100900040000000901042020700000006020400000096000
020500003001098000000360090000400930000000728310800000190080006460010500070000200
000000060049026100026000400304002010600054720070000543000160004400000000000007900
002003867309078020876201000021397080793804010068005709607082000084009003005000000
000210050080600100000000300061082935824095706000170002208000073549063200007820594
801007602000000700700006013007005001218700009000010304080000406100560020405000007
710000050080000420000000070000000280060000013000000700050074832079003060300006000
406780901091400000700209046600004713805037069070600080910026800000071052002300000
700009060000500910902000005459800030630050108020000009090002300086470001370005206
000020800000080005004017200040070008200000401060040000000000000090000507700600000
043180090600000018080000234000021050128009000970060000517004023090230571002715060
009008040000019368300050020003005090000000003690043200000502810050006030006304050
230000069604007100001000720840070000010840697006000080709103040000400900068009310
764500008089706500010300740978400013030080005456013087003000650000030004807002039
000004700000100500002050000407200008030098007690007320003060481060001000001020050
078000005539070000000900700000000900091087000004103007050042009000350470007600000
000000009400006000300004100000001000020030014190200000067300000000002600001600008
300000027000004000090000000600000904031849000000060035060020000050408000000000000
000001079000497000004000010060742500030100720040500000010270905409803067002054031
102004070030015080840000010001000200090700651027106048900301865013000704605007103
000700000050980003080006045000000200800003050000210000040000816900800000000007500
051470000006003001900800400000000045000600000000000600000018560000730008000000739
090000200306059004078000010080406000700321859010008000050980370000005090000000000
030006008401802000008050601000695002002300500000004080080400020000000805200530060
003472860100005020000810050000209078076000200400000003000000700047108002000000085
040900500000706000000043100600000000305820016000000750009400800100000304000000000
030500000549020000000080400000805009004000500850047600180050200000072060000000000
004720080600000004015903000900007010746000500000500000007600000089074000060005000
005000000030050900000000005000000203080900500003600780408000020100004070379001000
000002005209806370008040900060400102900120006801560000430000050002600019190080600
170940300006071008040600700200400830680052140000086502005020003400893050300560004
000703408230000609405000200002000900810607020076000840729350000540806090060072030
000064000600009307091005040000740020006800000007002005004000003080000000000500072
001080300586000002000091060010962058060800140005000609059008230008023596023000000
008030002060000000040987060026000900000090005009200408000510084000020030000070006
000002508000705900000010006040000803030000000002008090006000400090120005000050000
050906080300500000000802750008100000000008000010009000061080075503000000800003009
800000030007050060200690001062000310030209000400000600080000056010026090625080003
065200370300600480008073000006300001000000800000468020000539010000740000900806000
000490100000000567200070000960043000000659000080017000000000750130020000000964018
039047100280003040006000900000089000304000089800430071008000762620815304903760010
201080060603005790008604000000060800000093040000008070000000000000006210100009007
709306100250000038800001000000030090502607810000950064900060021680000000100700080
900060701071004036006007000200790000709435620403200000094003000002678014680109000
071263405400007020602000817000000002520079001000600700040020050960700208080096070
000050008000004507070000040300000176400607300007230495000080050005070800802090703
000703250003052008002046310001075002000680000375000006067009820539028000408007935
001000000000900036032040159009306010080400000000000000004000300873194562060003401
000510064204000001090000000940020703082701945713050082057490030806175009400063100
000049700020000000000008200083900000201600000760850900000095000600080000000000000
095080000030540068070210054009708000600924070007000402001000089324090600008076043
040000060003004700000368091007000004004000200508006000000600000009000500000043002
063200000010300400000009000000080960080093002000072000000000590100006004000700281
000002000045078092200000718703800024608000007092307006080400301030080040504700069
109308002738542600052000378001230000004000200000050001000400000910780020243195000
702051000910300200060728000200010600000083000000069823020000380040170905009034702
030860249080009030200017005806042300470530000300006070003008014704050000920104000
820450000047690108003081005180500000000816257052030001008000910009728030030069802
080620059490800000000050718050036902000009800900500630009085007040060203000000084
000008091014700603830000000578000210000200850000070900003006500000020300000000100
009050000000900865008002903600008000285070090700009002000603200830000040000700608
063002000057000214142050006000084020300205000015000008070031000000008100401000007
962501008007000400541007020070409003029315000305000204090053800080104037003080900
180570300050900010000800000006200007800000090900048600010002070005193800000600900
001800006096015800080900050000020000002004085417358602600000504000000710000503200
000000980030092000008000001000150423000089006051000000400078000800005000500900000
200015000530078040000402100080267050054800020706040301415783296070920000692004000
900000000800050000006000804060000000020060500009020030180000000000500170090700200
000000009000060008034019000070806503350000000000050700001007900706000010403000860
051002600200706351007100040820407000100008064704000005580000016910305472002000503
005420800924080106003010200107002398200908501800050000070104903090800614001090705
020004070390076508170500000017400600000807050050000010063080940000905700005763001
680700302705930000032080470008290000000003000003500920056400100027300506000050207
900170086008005040104000309740200003089051060001740002010460008460093170003517604
024600000009000000008004000007000060200007401000000800002005010800000009905001000
000000304000000000026000000680240700002500080000000000000004000003826540500000268
060100480050006020000085096005000907073200064800037051687009042301502070004000319
006700200008006070030108450080300021307001045000085000000010000014050002600000184
090003040000004962084096130007000620862907401105800309301408000000001084000009013
605020038080000000107300600200008960000000000030000000502000300040200001008940500
800000004005100000071028050040000900500000473100700025204056100700400086650910040
600000070210000350000030010400000000060000500000016700000080090006023840708000200
807139040103060080006000900901247058000003090500910004015000000780050000640000130
000510003083000000050003090005008070002405960698102005000600020860729000270000000
802506007009317004370000000000043200000060900086970040000081050020039000010052730
000925070000407006700000059260708000140500900807340000000000500600850700950174300
900000600785400000020010050002003000508000300060805027100000070200001800830002060
608000007040080005000700980052007000800000500369105048015900000200400009900260000
000008001210000700009620000007000030003709806000010000000090000001500980900100000
600000900003826000070349028000000000000000010060008500400002000280000000000030080
500000062060805004000700835090001200100000500000003001701050049000009100903107000
390020801005060900001430000008053010500010600020806009003201000002000000900305000
000200507290005000007436921040702030029350000380000079000600004030000000910507068
140097000900256401060004039000005170000701900010629548005000300000003254009000817
000000000800002090020394000000000070100000430000400080001020040900008017004510000
600034001530007000007020300806000413200001760041070050762050184008760509950000600
780256009502000070430100602078095010000000028143007006020000100305001267804760905
500040371170800069004030280620017030741050006035200100250904800400100052008560004
350090000097062800000308010009000503230000600700205981000001090000000000074603100
702080000009000000500200980006300005083000000050000000000000700097000500000739010
001400005780129060604587201060304000098200703073000010057008406000703100800040037
348009200000152000002340000000680100000420008000501040900000600006000420210006000
007200100090750200000100703920000408013400629804000310005030902030900560049500007
008002000009850000426000001002000800000000004000007000004019258000430000100500306
600309000000045060050801020705100009000000001021030600500010090100000000900608010
080603017036700802057240000000000054361007080070980031000560000740300165010874903
800000000000042000020509103270006501053027080068300740640100327000000015580270400
090804230000000000002910050000060000000040700008027000920600000740293000000000300
807000060000610000060070290004700000002040900000006000380060000045800000120050009
240795083000000412000004007000009034090038125083000000004000000070143050020007041
000700000008000090000000007080106000700800000410309000800000030052030009064080210
000001074004200103000475000086004000410000000000000400000009020000030045900000730
700000900000908007830000002000716000002800006000000000000001000106080300000370000
000900000060380020020000000270000090090400638600050204700000002305290000042000315
610200570000000006300000890000000600080065000050000080000500060000096700060000000
604000950038100004950062738000000280080001040000708010105000093070000100000006402
007020493006000705034751002083597001010304079005010048200860904060000107549000800
430700906090030127000690350000056040906304800000080060801549002270000090540203000
070241000040000000000000000000000310380000050000000790250008039003700040000306005
213004007780230400005700000001040000060907243004506700807009064192400578030005020
048000000003692010200001057004050980809010760600020000482037096730560000965080170
000856000007000060600790030010900000700060080000500000000309000003684001080000090
005067400976030215043100706310009807000000000590678000009000540708400000450206378
010000046846001592090800007105900403060030120003000068004700000200640001000290004
000890504986000072503007000079000013430000050060000290012070000708564321000100789
085901000007360028030002710019407002040000951608190070001740236360500090900003000
130064079795000600006950200000600000807019400300070192000006050008000020009032067
009000438000008000000010000000006700000703040003800006000000100004080005000090304
007509000000007090010000008002008000050702000008000006100005000200800000870000050
403000005605004000002000000020800030030020000050030700500963201000080000060100500
000000000001000000206100750080300020003000009000001000000800507007200300040760002
002000918750001000001000567239060051000309006004010002000000030000000000000600075
102000500050700009000003010900000820087004000065800094700000000400950300090300200
090070040204900070610802030806029150000060000002001004709000000008500006401200705
000472001851960407400810900308097010009000300514006209142050703000000102003004005
016029054000000068030010200083671409000000006600000035204000001068000000090200000
000000500038006700000083060090000380405010000080000000010000050203061000000005800
000095300500010862700020000010200900096150030007000005900000600004000090060080700
007305940000000100000000300030650710000020005090741030000030400000400200470210003
003070000800400000907200000000000800008050930000080004790000000001007006000003200
700100000000095703000070861350008000100000070000030100401860000082003400503040600
504000160000200003738901042000000900001002070000810206002030007450798600000100430
090602085000030000380000420000000000900000017807000200000000008070000000032050000
002000009008000500047000020800300000000004000000001800926003000400090000000005062
400050000901040057007190603600000080035080100809000000006000508000000432342075000
070000809948003100600408070080309200000052600012040030100685403094210068800904000
003800049801006350906000008604095001300000080170600000030400005410069702069030000
008000000720090000000002903500400000000000598007050041000000000100264807000000059
590004010460000950023070000342000500710500030000423000031006800070040390084310000
900000400600935100810600039005309047000050010390700050000502300529083704008400005
090001000004308690000000000015034260269057400400092715508203070026009000000480326
000038600308406009146002003000105492615004030090007510009053100503200007020809305
024000000080090700936070105241000060000607001060400800000700000000148003000000000
003400005020507063080000090401090730002070001008100900009730400040908310000000000
730600000000105873000000240000000020040000050200051004000030965009010430000060000
000700006086001700000096501000059073700080109500070080008005060607900300430000010
345060000000453076700001035600189302002740008008025764001030000000502600000900001
020070000600003070087950302000395120000420006042000593850109000004000900000740060
706023008093001000001070209005400007008235104009760352900600503860350000037000000
960000700487106035050708190200500004030010020008000003009087460803060002004000387
329600040005780200000230051000040009000800304430000005000500080200008937040000012
000305280507008009800000300000062000000704008470000020003000500900030002060500800
205800009109245003000170420098700000000030900402608500900007800500384196300900000
000920000000640003604508000008070001000300000000009407040000005800704006006050009
000006150109480230000009007070061090890002501061804372900700000003600008025000740
025000600768000430000876000010000023600300000053701869176280050500000902000403710
260400079009028040000700000090800000000900700702003001036100900020306000000090030
207006500000700093000000800000089006000000700003007928938600057705800460106502300
090000010052003907100007080001006000000000750500000300019005004205804100300070005
060200000001030207007809060010083405000900000600000910380705024000000006006100389
800000000000000065640000380000007010020080604000001053450670000000054000000200508
030040600006850010410009030009000170001005342003107008305406700000502000004008003
308509070009040001040008002050060020860000005000700010176083450005006238080090060
010370029429001050300090800042700000781050642930600700104080003500230000090000078
060030000803200000200456010000625104602003790130009002300000527507064901900500300
526080000000062840000037000017825090002300706004600008085700102061000907730016500
000000482390000176428000000030000021010560000000000000900040605270000000000008200
000340105010000342230000600023014007051907208006038500109006400045000820600400790
000000003816000200000002000050600090047250068000000005120360000300000002090128400
000019000086205009009000075307901024001000537200530901010400090002703160073168052
000000305080060420000008190009000000000783500730091640004230000000046070073000000
050080000900500800060097020600008000570200080000009000005006010040000250081920304
300400920100000000800500001000000002001005070073600000705300010634109000002000000
254000709038079254009020638001285000000090470900040005382010000100457002047830100
007050040800079200300000900500006097009520014401000000048160009900004001170000080
905060400070509002002804015006700890800035207240198506020907050003420009009050620
009006000250310498100040000020090000900400750608070000564032000800000300372981540
807000931000800200000003008703246009064950080900708402028560070001000690090000800
000207816001309040020010953080960400090000000070000060050003000000102085007586300
000000960009400000000860004500090000060000003008000000002503000090100005053000201
000096000010307900060001070400510739001003080900000000003180000002039001000705306
001089005300657020600240000500416209892073601400002357000020073004708000000060092
040008600006000800000000000000059700307000900019807004000204000020905300090060020
000000080009008260800006009408001020005034010176000008002009030001000800000060070
080037000350010020146000003501609230009200000023000004005000900008320007700000002
000902300009000000008100400050401000100369080063008014400000000702094000005210040
010000040908000230035489610002001306300024080109760050701605020060008091020910563
908000000652000100000000870726030005504070000089400600090020008000000090800300000
006900000090000610230156000080003000020500080000009000300600040000000001068492503
907400500280001430300520091072000000149360280053087000000602009000809000098143000
890042701160300520400006300200060000004000800001000070002001980306050007080004600
720413006000000702905000040000178400871634520436095007000300000649700100003000005
040312006600008130010590070900804020058270009172000084329405007004100093780920000
000000420000008000000000000006090140070040380015680700158006000000000000024000609
400607000000090008000140027009000205000005000052930086620050000100000709590010002
020780000060010870870000000000000400050030000080500300700900001040008090090401008
602000000050800206013000000720508031106709800548130900007200004000401003401000002
640790020000036000000800000010020046000007382000964105900001038027000000000000210
092000003001540900000890001900607245630005090405010007050200009109306000080000000
083000769070000000002000000106000000005000206004010070050001000260090400001020500
000059000007200048030000950000070000000006070009000000000507010070002090106400005
000009000069000400783050200014090603000630040000014520976340100308000000005000080
001083670675104080080076490900020000050619820000050906000060209000035007167902500
002380010000200037000000506000008074006000000100005008018000003900000700030870902
030605804650478010480013526000150002000284037248009000010500790520807160009000000
901000800300000407007806001705004018004008000038000064009682053500749002000000700
154060070000007000720000300501006000089740100000000008005070000002500607070204500
290501300400600792000027104009275000020000900106800007900000016618000070070060030
730541926000000308000030000620809013053020709870150264405902100010000800002300045
010000000900000040526008007000001080000900160650080239100809000030014070000020000
000090000109008007832075000000700900301080060075003200080000000003800090906000000
400109700000507020500000000657000102200005000040000000784010600001950807960740000
005102040000000000940860070000006005000000003090007000420600100000029006000050920
768020300040000000000680000005900860090000000000004937053060180000148003800532096
000000600090016070002078004018040020470605108050031000030004000005082007020003060
069053020300078001070960000000000000006019300000000000008000000000000400500007010
000087946000400020000000750870000005000700000000150074000804060409000000000300000
000900100000000260000000000480000570051280603000000000040090008008000015005800430
106090080000080050000100002008600970000009000079018000860502009040801005032047100
000900000000802019196050028000200000010000052508100060000008390001000040003500000
007008090040500006860000700006047508005002400714800609400010800008000153000280007
000005908048061520000040000479100000080074631000000009000000890800400056006000004
903064085000030000700000000030406000000100000000000531308009070074305006000200800
012000095009600083378090020250000009934205070007003510400009007000030901105762004
200690007900017024080000093020976100000005976006100000000302080000050300000000451
080037000000400908500002070978000000001000090620000100402000510807051000060000000
900000380030490010201000500090542061000600000100089200002700490049251800600930005
000046503000200700032000000300090640000000308610000902009010800170000000000020060
459000000600013040001000000000000000900002006000600000013940072000007350026005000
006247009300000724074008000908000040000905201601473000790850002140009085800004073
000000060600071509090020001000060400300100602926300010000090020043000900009200178
701000500590001608683000010300002180178639420452700306000090000000027001207080950
008001635190030004000024090000100000900000000070000003810950000000040000000008050
000007000109860000407109800000690040304001689000024000006200000040906008080700960
980204000705098034300570000000940310150700040420300706534100809000809000290453000
041380000900200300300050004008090640000000000095604000809060400500400090010000000
001309802800500400000002701000000300500000600390260000200000000140000275000000100
040501200000600000001070040000405012005902030900006080020000850000009107000020060
000930706009000501600000930400000008391070054002650093020000009500400307010307805
000000300050002000000700005060000539800509000500000804000000900900001050000907600
000057304950314680304080057401000065038000000065091208000009840070803506003020070
000008000308009004000070010097400100000816000006007000000040060031000000000000001
090000042000200019025003867040137080060400701007600900006800100000000008084500600
300170409209000017100004030010002356000000298020000000890010040050027083070800560
000000000000400860000860000000089537800000000000200009003700008070008910208000000
006309480548020030000040260461902050239500010700160002600053100004006570007410906
004000078700046019100000260046013800007005000001072000070000000000000000800020005
072900001106800000900060728003050000600200000410008030009000605000092400041500207
040030080000002093000806054000020001500060042820005000400693008782154000000087410
620700080050600000000045009000204030000070050000000426100020000060000800080000000
000405162261900070000261039543127698000000040006540701602050017000700200000080903
008904351105008042000310000500187690000000008800040000986000000000096000342500809
104060900562009010039180006001005030300800000605000100050070040000050000906010005
049000010010000000003000900105900600000000500030000094000630002007091003000000080
000000163070010000600090007006000001002309004045020000903002706067005000028100005
730000000020053000000102007082000900000600000600000000208010000000000140040905002
023709001600400800790600040980005720004003600007060005042007006000520930379010000
097000000400510000001870400905000000070000000030900008000100709002000000700060100
060319725572068009910000008307682010200000070000700062609030000000906001000800490
400810009500004080000200000200030805000050004000040003006080100008501000000000008
700381002013260090602479800100650937500003008000800546300020070000040389005000200
829675004000000007067003280008051023290780000040900760080500391901820040006319002
005900030806014007431250698204000800008540009960083402000400206000006900002800040
204000000690000050080600400000000300460030870020005040002000634070000201340801590
070460000000901007000300006806045009040007000007000104080010030000020000600004701
000900000700040600000200007030697400000000000060004500650080203000509100070400000
009200501305000000407103000076501089004038000890062000931607200002019076060425103
010605027700000630000000080035000000009301000020090350050060942006902508290018063
106900800073100042942070056000000687300687000000000304508400030000039000000000001
090208040000010000070609020000900100000000076000060502000070039007302050300080007
098206000503008160100050000060340918981005000430090256070080640050730821000500007
600000000090000100705908436000000040300050600000034200000007801182090000450802000
400001350953000060861003000106000290090006000085000601000000800010000400000000030
090058000001392000050000000016200080908600000032840000020080006380004000400000300
810700090059008070000050000000620000100070039470000000700000056030500018205087903
006492701000100600050006204040009506719005000005200910823070005061000470074060308
000902300800154900007000005780016209009807461000005870900043500004500798152789600
040315080070294001350860009907102360000970010000053800098520670703400000012706000
610000900500020004908600030005109300009300200040000009802490700000060052700000000
000904010001002000004500000100000030003150260000000070000000000000708092000620304
090027060005008010100005008000056820204000000006204701000060070042500000009740050
070000805003500000000100600008000010090610400000000907000001360634900000700403500
043008719000340080062901050000689100307002800000010020430006008008000260600097041
802090006900400000054080000010034005000800000000070403003508900000306850480700000
070000000420000030159070000000000000040610080000002561000090070000003459590060308
800260750570000000612907403060030020000008097001790004000070005020000008090013200
000900000026048000039000081600214908008005000002807600000000000360001000010400360
410600097790040368003905200306459080000800000200006040000000001900300706030060429
090000000030100000050890007000008000007301040000060003000200000400000082080070010
100000804080060020090400600000604039019007500406910070000106000030000000600039705
000070004040000307009000000007050020002000005000100600000005001000060700790400206
580000200006400000930020054000000103003056008408300500301002009009100005040008000
050800040019060057346070800400000000002187403008009562700008030904000701000710000
061070503009538406508400297000000700005704328000000600000150964900020100003000000
000090147100000359309000068724368905000040830030100020400006500070020000090700002
000003002500090060900160307320640000070032146016000209100079004004810900793420500
000001002005030070030800140204300090590010863060705204409003080000000021021607400
007800014010500982080100050092300670004001295006000408008610007001207009020409160
608510000000080000200040036065270000400608020000004000040800007502100640009000080
070000000630009080001002009014000900006014008000006100063047025000900010107000090
080001056406002001001040002200300009609400108000009040010600000007000003000103500
030000007082904050074030620000800702726000000051700300000500080590018406210060530
000170000907036520643000019230501900050704002009362051002010003081943205004000000
920076430300009000000003200800400000094200000002038000000000000206007500003004800
500420908420000000709000000060000500100200003000000020008900005900602804650000000
000000198809035720070010304003200010040503870000001600150026987306708541700000060
800379400000425681540008397400790035679053000325004000084900070100037000703000010
100040206602103080000620000806002790001309608090004005005200070210900000900006002
610000000000001879080340000894653010027400000530700080360800495270094000000136028
000000043432719056500243019819620300000300001700980000600530000000160532320490000
000000900400310605500004038314002000700003062208000400003500040000000080100030200
060000000070032800301086075000879000000061700708000013040000007000008000000014000
600094800000000000407002030840000060021060048000048105002679000100053600070481000
004069030003200060006130702049001003200090100060000000470000320002084009000020407
300090004020104007100307092003206410008015009401739006900020500010003978000008001
235010907000060005007003010068000040010006059000340070002100090056204081071000030
000012000008000215251080009000207036160400050000001000510000000002000000304700060
040205006008000215051080000124850300090100000005300100019528603030000020502600401
200030000000002104034960087600008002075043090300100800000000003028319056003057400
590800603000036290046900080900000370000605100000000060000508000714369050050174000
006500300008702500951380006100908003640270080000400000502800004380000102760005000
003000020020430000700000540004000092070020850092508076000004680000100000400000210
030007009500820600000000507009000000107086430003010806000001020000094000300000004
000705000009003006007010080082037010000008060000000020803071000024080000000090038
207000000004030050003000004009700040070000139508001072401203080000800490705010020
605040302000000001020500080964000100000060200380075006100000800006802000298700045
000003000100700000230010078020051040000000060780000100608005010001000020302040900
000901430900030070043200159721000000500368017300002900458000701630107000000005006
100000007000005000709160004003004706005000029002600000000040000300000000004006010
002900506000800007407000002000307000049000730000006200000030160160200000003000005
008046703705819620000030981106700005000003068359080470000400200004370000070105846
050070046003680000840090703167042009400900060030010428005060090204000681000000005
200001050000000280900800000890702000020053860530089002000000000000000000000200005
002000349700300026390500080839006000406000893271000000005000008627083050180905002
025080910940005000080900000000004000002000500000000180007803400803400200000067030
070000008900000600028007910000000040209300056040605200500009000000000090000240000
009600080080041075576203040007000400008000006034000002000500000403000000005000100
000041073032000800010003009020000510000010030100000000000900000800000060000360000
036080070800570603000000209100760004603009000240010060508007490307694052900050731
000000070000000000906001254000000027001600080893000000000000030300000042000056000
600814200041000060500007400080900630060070500904026010490003100030001000010009000
100730926000069801609518403400000018960082500802000760001000080000450300700800005
608420900502000000000300004000602490000070006000040700001204000090010000406000108
001709350356408702700000080200600140100207030038094270907000800804901003503846000
083010060000804000590020000000503070000002000350700002634008000907000008805200000
300000178070900640000718000000050860500080019060109030000090400900003050000006080
400090300000040600900000000580000070091000400000000800008000000009000034070900068
024007300010600020068200009000970000000056207007000000000000850000020030000000000
300100000080570300075060000003000021000300040004000005030840000040700060127030084
074810006360000281812060000280500149000000000001200000759008360040000005600059004
000809460000645302650000009460350208082096531015000946070000650040503100030200094
000000309046000000008000000960000000001000030400000010000050023032010690609000000
002000085053027000160030009537000004920406053048375190000054907400000001309162008
538009000004080900600000005000430000860000500000800100000000007745300000900004860
602190080093048620700050109000000973007080002021930060300065090800000007200070806
030000008049000600000060100502391000000000900903000002000048050000725006000630000
080010905400070000000003600000050000005000100000040050009000500000560397000300400
000000050065000002020000097012003004840020060900000520600030000200600700003005619
008576940567491830009300050040700005730000004900024600070209360204630000080150000
400806300070000000800320410006270098007190000080563070000000740700005000000700900
090205417035100986047890020400000001350000002000301048000700260080623100003510870
000703090340605102096180040062000004000060000810504000004000806700000000020030900
090000006007051000000000023002000000000006004000020030008200601176005340043060850
036200000910005703048007901050400009290108607604392005180000070000023198000001406
000200810000050203300000700090000070007012000000300021000680400005100008000070130
004020000230010604008060005000700013810940027007300000050238000940600380002190000
540001002007002500000900000078300009003000400200800000730005000004103600000400000
053000910400010007000000004045008000806090000109403208610000805000126309930845026
874000263200000009591020047400005000157960400020040005000800950000204700018090324
000000060061080570370000008500010000080002040030050080000004800704968300608000000
200600030700300012090000060008003000100820003075000080002030000007410005000200000
030860000004000508000000030000000006310657000000040000073086001102003000400192075
604500080053817094180060050000000309060009705000175400000001900840306570036750801
009082057400750000000630000000300410000004700804590000040000000070060040060000000
406000251080001000000000080900000000503000060800700000740010020000000000030209048
000720005000098100200000000030900000052600000109045006501000078000000000300800200
038400015009803426264005800500034000600008704300000050420000007800040601000000002
000009020000000157302500400100000000800000000460708000600000040004806000070000006
600903240009720000000000009000000050073085900084000000002560000000208005960107000
800029056050800007020600108002405070080003209070962584206500703500390000300006805
089200030000000402004000000000401050576000124041000300000000040000670000000108070
900300040000004900608090023007200060002030800060000012000600089009100036006008051
920600000576400192080002650007000040402000063630249005003980520009500306005070984
800009320960000005003000006000097002700004100000083070070900003000800000000006800
300009061000300980009010000750090300190003870023008000004530090900264050507080020
600002098200000000009400010800207351005698004000000860000004080423001006100000000
000350000008000000935080000760020080800607000590400300000040600000860037006000020
200000000000000000000003086003000000060741300704500060050000003000310050300800000
409007000502830940360900000006003704831794000047000180003410570790000408100079300
304008020000034500000092000720010090000860000600000000450087003000000800090321060
056710829140000006000030147005490000984060000002070900400806073503009060208350490
000010000060003040410009530000007000000800100000032674000050000600970000150006007
000400100000000006000051000302000014070000002100300009000000003000009001001030960
584200060000000009000030085600000042000050000205006100050000004000004007000000090
000309500206078000190605847408930050605801000309007000540183620030090000000704018
000000006068104009000600021046705000009400510000398060054000030003500900987206045
078500401310000205900134000700400618540806970080270050001907000097005046200640080
010709000900043001002000790750090400030000000096400070605020000020081500003500000
600400070090030040012700365000100402000000003136900750201004000305010984800300020
039000065000000000007093040040010500025000006000900004000000600074009000000020400
406502070709608005325000040040860052500000068008250000160305007000020614097006003
500000000000000001400290530048071050050000079170000008817520060060700900020460807
570130600014208000600750000106920000703806200000070086037040000000080007802000461
000100970000004150001907042607018539000090726935762400010000067703200000590376004
007000000400068050500000007000601900000480000200500704003016092060095000902000600
940007080080042107057600040004000208208010000000200714030026470479030820006070500
951000000000000064406280509704030600000472000300050007190504002080010450605708900
090007000070501000513000000341200000867014020050000030005000410000048503084003000
003000467009670000000200018000006000730002004092001070300015006008020500005400700
030050024509008003208000900080635009000000040002047506803000090001000300900003100
206509304000037006034680000050941000009003002360250009590074060003805000000320000
740603009000008200900000601800900720409700160000180000200300005000400370000001400
000000090685000000294001000842003000037000000006080030520007060000000025060052970
000000000000530208000840190042059387807064000000703062280000500064000020759308004
740960800000000040250041009617030004000617930039080000000000000306890401095024073
207004001000000000300020000000040000000209450000010000000090740008470000000100980
409000065378002900000000000030507600046380700007000008000000007100203500003965000
030000010058040020460000005106020854003500000800607039500700300000000600600908541
000005000003400260000000708000006070000000000087000090930007610061800007000000009
000600875200078000008400020100700083076300410005204090000067000000000200503002700
000917340010003000040806000300000020700005100601000000030000000509000000000000005
000000000602080503908000004020001390379200160186703400004000000000030040000640010
000000094600008530080000060700900000020000000003000000000800000200006007160740300
100067200090200810000003000010070058040130000002050009050006720200080300006020000
004318005100750900502004300320400000001030400000001253207040538000500672850027100
097000000205000060130000000560802301400000050010000840070000030850000197040000685
901046000060380900800092060608070010010800039030420600000750090002000087007230146
000060402420000680010207500850002094040081026002400810070000008206000053105800940
310000006000000004050000073000000000000100050831004007080000000900007800006008040
000000060000008201100006309075000800060001050000000000600800040002704000000003100
030007498904000070000000000502700300070900001090000000000008004000090006300000000
000028063428609100000051040840900007905172300000040596300500420014380750000200638
007061200030054807005009016309502080870090021251700609003000900000005402002086003
095000000010000000000000200000900867004000003876000905000700300000009000309000006
006409020803001045940208000300076500097800012584100007261000000008010000059084001
004800501000210490000900007050300076000000804008002000590007060087600300600590700
030067000600001000410093076080905020309070481706008900003009000061300792000180040
032041080000029410154078000600000050000200804021006007200060378083050041406030029
040006718001004056000000004108000060970652100500803940010000005800000029000000471
048050032500230800006008007419670300700000900203140076637000415100000000092000000
170000000000000423000050006000503097080000260000026000500000000008000002702830050
000050008105090000000000040060901000010208000280006400728400000000782600006000027
000200061240000000015000804152060000000125603906408210361800000800040036000310907
002000000709000002000005409007000310000070000096000207200000000000083000350000600
890024153200000680030906007103200005407800962000040018008002571005600000002000800
300000000008000009290785000000109004002000060740800200000300002030070080000060903
008904260039700050000000000580200071071005392000006080700040026920517040040600705
408502001700016004100040020000004200020600845584007019245700000673080000009420730
070090000000010800030007060610308579000050001500460030421835790060040385358070012
000347090740680125080052370060010003009000001010908206370500012005001830100070069
806002030000000000130060000783000500609050000010000920000010000368009000500680040
010006780000501000069000400081005200000703100000008605200087500078050300005000010
001520390025083004389000750090010075000000001006000200532800140908001023174000006
208507109705000302906000050009203004360700500087000000000000036500000200000420710
056023000000000000700580390500008034008340000030050869000000506070009421004005903
762000905004001076109067000070009000900610000010370508000096002001000000300000000
005000000023000008840002000607030900002000003000200000200000084000803000008005000
000401370040007500327800614000005007815040009476923000030002186050608000100074005
080049105050820097900000060467050820000082746030000000706400000003060000549030002
070000405006340092040000810029000583060003009000009070000007368210038904030590000
040500000050620003200003950106004005004270000720810090012308409600049510409002600
002005408000010060069400000900084002030009004001030000090040000100000090620807040
000520000000001000500000108000000060080060710056007000000179000300600900097000050
000005906000007205050000300001000000608040102700002860040270000905304000000900030
012800073000000458054000200001205004000001502200400009000090005090528300020043090
730000010109053460000090503000007000070000000000000000806000700000060000050074000
200648000008301002300059000000096380003002005000000007800120000020004030904000500
072004000040683000800207400000000070003000000000460000000030500050940080308000000
467219053209000640580400120805604300604002085130000064000920030000700096000000478
005682003300001600020900000400009700057840000003000060004050000002008030000200489
000000001070800903008400050700210000100908004380000120490000030003000500500080409
068000000001006027740000680409000030020060890010000075000507300030400050170680940
000000730005984620001305800010590000200130000958426010003750000509000160402600500
510043020002007604060800005100005000000000050600300290350000010240901060001000402
090387041070000590142609803800291005007040000200076008026000184001900300703000029
200710008000254170000608004020900406908546012504000090000000600800069005000000080
210050000007100508540630009000000105072900083100800600036000904000000000701500036
080040039039872000015369080000004000004000090056037000563008200070000000040050000
574001000061328547208700900490010800000040162006503400602035000040100628000002000
076580020030067000500003000000035006050000008000091030060008240385000000704006853
005800920000560708000090605000000000003000000001307002040010006000700050000008000
000000163000003900030900700700300006100200400000400010000000500000500800090007600
000500073037040100090030064020917038709380540603000091052000006301064000408000300
540000070020060050700000000072000080100000000804000003010004000200073000085600000
000005090000300080070092103000914056004603728063020419750000000309570000000100000
049000506100000872720100904500040000000500407074800603000078100200039000407010300
085690007200004906396010840008000070700800260029140350970001080000060090000200000
106243850240008619500000020020050700000807900000020400485701090701930048932400070
003200500001069800009803200945730012370012090062090730296004007500080920007006300
030000028008030100100804030802317000000000713013000800300080000009100004600002300
010506000500000010040900005390205070870309050054007003020090000030000000080050000
500080790700001200248090501160408350400000026095020408001640037803900640000037010
702000650481000000500000001000000020070004038050207000830000000000901004910000000
260300705004000000080206394650000007000000600040000013000007009120000070000000000
605007000007000040829640730080064300004510080010002000400000090008006100090000073
000000963005963087930487052042531000510600004690020001280000706300046200760000090
001800032800029056000061084410273000203000800605408007104000693780000010930104008
000638400360004510004000036043000000000000090000403705000102043000000000406000081
020050060900000003040032005406070000080093006000005020090000031000000054000040002
970005041000001087010087625295400070030250006000070059126700090089000004703590060
030041007059382014461000308070800450940000801000000730000260000620104970010030006
009004012206008000005062908520006740001409025940230080360080400008007000054000001
060014305500620010000005609703500000056980000100037562010750208009103000070290043
000000700000572030007000000003000201052000907009125304010900002900267513006050040
096035020435210070210000500023800964040520000801009002054000000300167490107954030
053090010907000005082345790090070020200509600716800009021400950800907000500000403
070900008069820010008501039601002074004100800003407961042019300036005107007600052
031000500000570100005032400950807203002600800718200050509721060127300005063905720
030600048485030901610405200900040100540000096001068350000800035000307002307106089
086029000000040029000005608000060002605070913728000560563480000004090056902356080
700000409000008023200000000970080000004000200800030006000015900497000000000007000
003160000070040005000030100032006810769014003841000700600470080017082050000600000
000020090009810700000000000600000007900078000000056000304080200005090000100062309
617005380800761500000080067000030018020000756040050009700500000090170005205049001
300500904400060520050904860000080000000000090205090006060000000007000005800600200
007003592200067001080000000320090000000035049060100000000000300000000905002000004
000064700600370005730090608800007092529106004307250000403720180200910036190040200
030000900904007005000240010160020037000000000000034000000800074000003000009400300
050000039046030120700125860030580476467010002508000900015008000670300048204600300
009070001800040902000090705080000090000000000060000008090700850270480000008961300
800300900700000000000000400000074000067000000020500000609000050270830060000096020
000800000060903070049000608004000000021000700030000000100006043602300007403000002
547100800060080470280745600000000730603200904400306000008000067706800240920650301
300090050502700600906050030000042310003906000420310086600809400200070160750060009
800000031004580000790400500010048070009000000000000010008000060200100003900800050
020076008076108200190020006049812057537040102800500409083700091000200570700900000
003670010004000000000003000002050000390042106510030002000007000007001000000020007
080690007005304060296071430007800390300000080048900000901050803832069040704000910
605097000000561793070000160500800240021700030008040607050200000140075000800600070
100800347000200809600007005094701520050980030070000080560090172700008400003002000
090560000560047001040000620000605004080900700000480200010059300200036040000004092
060000030287400000050000000030019005000000098000002040008025061000790000025046000
007020005800010903009400000002850000000000000008100007020000300000000500000592000
709406080000500070005901604000040050070000000000000290000039410100860007397214000
000020314000000600001000005920000800137085002865290173000903701000002009493176020
010000706006090000048007090000000000100000005000000019601009087200780001030000004
010670490000500320950100080300807609406053008701000032000005010009000800000486950
004000000000020000102049003500400000709600020800200900007000504230000000015976802
008200300700081090020007000806005040010000006400008000081000007040010030000000000
000300000100000680030000040560109000000003401009000036007500004200000000006400000
003092800200000006015000079700005010000000598500140000900000600000200003100406000
560100090001940600009000000000020001170304502050010000000000240000060000090400000
000100200070008000230940070001000089000400701080000302000000513600000020010000090
000600001007051004010030679000002548020500390500090000058063900070000400006000105
170000000000000000093100800300090700000070000800040000060000003005000178701000200
503001800000000435007540002609005004830400796400670300000304000024090500096058003
283500600000060000000380700609000007000250090052900048000025000090043000000700403
000005000000900005000680000000009024100200000042056030000000900000092008007508010
000738012014000030030000000100290073600070001070000006050380100003000050000607000
167000940000000600000700000000500300000004059000060400000602084050901260006040000
010580000200070000408902000000040000902000000500020861040000600060008053305007008
090008040000000600060000030401539208006741500309080704002300059985462000037805426
000000708007620501015087900000000000000050020070000000000540070000000006002000050
539000460002000000407000080091040370620307000305000624010704958050261003040000216
018000060000000003009260801050497106001300007904000085080049510000000609090510000
091000520528009040600052091800400002762985030100270000000008010903041070016500080
008170000007005000050000010080510902090308001501000004915000000820734190703050200
910026000360458100405900632200580070008704900001060300004690080679800510800005009
000008470200900608801000900126307000730805000000260000670000009900020030453109020
095032600480090000001600000609305000500020960008946057800000230060053000052008700
000000005000001940640350070000007400024000050157200300085042690300805200402930007
300000006000008090080000000706000009003000000041060000007000000038091700000070832
000900006410670000080300000070030008000804000000060000205413000000006034100709060
000000000000000825000000900700050048008001609000240031400397080500000390307000002
520300007084000020000000304000900000000200010000005900000002450050700060100000030
701000804000002003300058210010000506000001072290035000002060081500007300100920460
030594000000000094000020061000010040063070000000640000002000000879102000540009102
043150080700092000098300010000004561400615000010000420060570002000000850000003040
724000013000470600090510000080900300519047000000000001001700095060890000900100000
000580007658071904007000058070400086000000000006000009000008790000000805005900060
000804007009000001804300506080000042020007653036400000093150070000748009700603010
700580036000600972010097800079002300530070028248005709800060000900000610160400583
003406190000810350890030704180002947009108003000000000604987010000003800000001036
000598010000760580085340006000800045041006090000100000800613002270080001006000008
009010020800000000001850000580000040040000060000034000008060057306705800000000000
000280000628000007943070628080051006006090105105760000804010000001000800752640390
084003001030000240000000003603405000001000600008030410070096000000000007000000006
900020004410500000020304509600100000080040200040200080050860000108000000700002001
000000010840701300067030080609800740400006530000070000090000100000000076510000803
521037006387900001490200007260180093003004100805003604100070000700009010000000070
008001079000400000100000004072000000810720000060108000401302608900014700000000105
000000070570190200000058400003000000020800041100200080000900030090000704800007000
084700001000080000350000000500000000800075000003000600000060030060530010030204007
070000100300005094900010000000500020050072400200000010620090000003206900780030560
010470500002000008000000910000700000000500001000000000089007000005040320007000480
000302504020001008004000000000200100000900005200060070009000401400093002000010000
003080042968000013070500098700810209029307050080000374200003080800000037017008000
409218670100070900736509002600400381803760000042000560300600109200807400004000038
007500460500024010604037008400012395900460070010000040301005000040206009206000004
000060803602030009080090000000700198010206000000009000004000007008004050000070600
072060000800000050000089000754030000000005000000002040500308000240000801000920600
031002000402500300750300002020807009300100050600054800090400013000906485005710926
430095080178000000000100004800001400900000006603050200001540900000709803700000600
000008200004070390000200000590100000400000100010040050050030027300007000040500000
060000850802693004004582000000250008501360009030000500385900207217835090000120385
090015020145036097006078000600000900009004000002050400980040100000600300261003750
007830040000002000090000070700003401019670800030041000005300010071028934003160008
970002650008530007005470001000043020700000090000280005000000016801000402007060000
070902016402300758001000920007000000040007890280000675000176089010098203950034100
320000000600908000850003000030000001000000402000180005006005000070000090200090000
000900045010004000000080900009000000100405003000060009030026000000500804501843002
059008006000790020082000000000000053200480900000000080091000030800609500007030000
000020743829743060740501009900300102306102980100900000035008000000605008210400630
407321500031050490586000000000000300000002005975034000040003058000410003000570009
025000000800000010007009600000073108073000000008000000701000500004000000500001004
500496002009080710008000406310050000000804023406000057000009000000008031824001670
200090000000080309310007040000008004004000005000000630060000090002630407480000003
683900517429000006751008290506400170890700005210003000070500080000800729340000651
006204938002038000030007000100020000507003000394000020040300070000009300083102540
270019580000084276080270309631000420950027001027000900802060000090800003000000002
302067080805000040467000230000070860004650000008103000030040000000000050000031000
001005680000048007000003000000004009000802001000000000004000298507080400000030005
075062000000014807900050302019005030463790200200400090507608103600103070030509620
000800050030070000000090001000409030000102009000007000000710400000900108780005390
148056000290418630000007001009500320000203010003009050305090064401735209900001500
040000006030090000090008000080000000004302900500460082000020600900000070400000020
000800056000000329060392800007000005400027931910058070009070000504030100030009000
002850109060019703000273500000008650000000000000000070000007035000080400000601207
060930500500780394309002800000200108006000905050018003000040280090020007018367450
000005900004001270100200050007050361600870000200016097309020140800164009006703002
070034000000090070100200400000003920000520768500000004000706000301000640700001000
498010000000000100200500800000670950000090300800100020000020000065000010010006003
800410059040609003569080417608020005000300000200945300050896100080000000302500006
700000000100030006308070504000043092080290000020501008870100403000004900030000021
713004006500009003000000000600430000004025001000100004405892100007000028008006405
020000600736090801008000000600900308000762090090000000007629000069001080450807060
081006000000000030036070401010004009009107300304029000593710648070408093640003170
040600000200040009000200000000000080000800000000503010000000701002300608300406205
600030028904050010002600040540000003020000480309540207000095000087103900095000600
900020000070010400000570600000007050300002000407351206000130002000000031100000540
401090570600085000000010609800030900003579842000420003010003004784000090305000210
000000000000000000700041305000070180060100004100004006001000600000000408000600017
306004010002600057057000090970000000000061004160009000200000085000080000080032000
052000030000405090608100002306010080000048300004000520005000010069000040000000000
050000040806004000000050002000006070000309000605007000001800030070003050090005000
809500270100070003200300100091600080502780000408010506915046000600030900780150602
006180009008350000095000002083000106004000300700238000009500060000000050000000900
020650001000209000060700200609040012000000040000002590500403000010025400000070005
392054608067920150005008003053000206170200509000039041009800000030405010701002405
000400206000060050620093000050030700000000000000020403000070030702000000010006020
200300600000010205608245079000000024960004537000537960102403700400700082700100050
400000000000000020702000018040037106000186054060254900800040000000000060327060041
720510600830702105500803000300004009208071500907050040102695300609008071000127050
400021000210306050060540081002095008080203005057000623076904302320050004800102507
000000015801000740004000006080002907020000050070000102300000600097830021010000004
006000000800002109243901007500003090314006572600200000400000720030004000900320416
820400301931680004500090000060030000210000400000001070000000503480310060150200800
000290300090030500000000900045629870080000260029080000500000000300002790000310002
003050000010900800000640003000000000000003008239105700080306502000018067007529400
860000000000000060000060413480009070032600004000100000000001000008040000040006000
071090062204070800398060100830700000159000720000050608045010200080547309000080500
000000856850004001391086700040007003900400000210003048009040000102060405000002609
700000080260000005810005020437000000098307000050010007020004700300000200500091804
301000000450100000907250001000500900000000000100600408070000100014300000000005000
502000600080013502630000489090001004005040090024009000007080003000934000943076000
080500400001000605000004800430000100000003000825091374008060000200147503070080062
000000090700005016601209004070050600008000025042000030300000100057100000804900000
008305960060008000320160074200001497600704080704283006800000010536007248000840000
080000000090400000500620003005007004000040000920003100000000000060280050300006200
060000000050700200000000700000050300093047120020000800910003500000000400000000010
800000040070000589021095000100040768087002950009000200758003090200000005010050320
612073000800000016549000738950200407000005360003008100196000004075160823320007001
000075280108009400500080600054027000710008503000043020400090056635000890280306010
500020430064805000902040758706900103001507000298000600000050910149730000825091300
000010078000000600078600005740900083900100746183740000000000420009501807060009531
100943650000002718060010000000027089009030000000009006000000300780090000035000804
600000500003000000710430090000010005050600000070009820007900060000000000000304200
000002000000170030070030690300049800040007003068013000050026080627000050003904020
604000001903000006100000000506094307700000492000700000810026970090000000002000150
000090400000000019092005067040109082800640103000500070010054936000000700057060020
400061750005040010000000384214070890080100000050830100062000031090000620000002978
040010062900860000000054003010090200060000471000400090000140030090608520603500040
100007500503016007000000140017030465006700380390040200800060004635000802000002603
000007600005094700100000490050089037023600080090000510204500809080200005510008302
031980570054163280000000300000290640065000000072540810040001000398000150010800400
000090000248000600300080000701000004900500001804310206000930860100000045000000010
012054000004760900600102000006000080080000000100805020297000000800020000001080000
059000000630000050070040236200000009005020000047006302318009625094050800520831090
007205100520000000000003200830000000700010308090300507000000000180000000060000700
532601978000890000807500000006020100010076083008005760280100607060280531103700800
095064000102007006000001000020000103601020400004100700308070004079000030500800020
600024380024300609000090002009462000062001090800000020003050100056100900147900200
000059360005030104063704089659300008800096207032148900500900001000005000300271805
000000000805000431609000050000346002001900000036521007902607005000100009500000600
600530800000001500052097460000000000008300020030900000070100200000000100000200000
070853900002704830385020000024000500000569000006007000000080009048090000530602000
300410065000680002050392140000260370010508009000700000102000090900120704000000010
030021470012000890060900200307100504100054038000000900000067029876009005290410600
009513000501026009762498530000065000000000256056000000000002000090051000827040610
050698000086000040000005000064000000009300000000000900000000809045000003100203060
800900030090431000040260050004003090300890000680000023450082679038600004067504002
602900850030000260040027193063849700094005006207000480019750600000401500700062041
800070300006031840001402750907003060020650907568007023000320684209004000084000209
000804359000039070530716200001900003000000001050400890207398015005207008300100427
080500002100006480000048100036820000040901536719603248950460071000180903800300600
020000903000400071003000865257006090010007380830014527000502000308009000002008019
008720054627500080005830200170450090004000001080601003561300027803090610700065430
004000000206957010900140603000725000800006070700890106007681352008000040000479001
000000071301000000002000600000043000000206708500008000900024185085090000000800007
001203600200090158000001002080027900007040000000080020000500407000000005510000069
009586140107020065865704030080650000016072900004098006000009358002000670300067400
040006070790400000000978100000700000000003000000080010000002040080030296002040500
280060140104002006060070090005007824700248050042590000018000370350800000906003400
063810000000005000000000002076201000090640001300500000000000003030000000040003298
508002700000068009000007000000853020053016070000009385000900008084000197971000062
540080020902005001010329000400290000065074002100650408000000000600008235000000007
031206000200070100000830052009000060360040010008302905103690000000007000000000090
000000009960025030031006000040670805510000026000000940093000502000258000000000000
305200700100050049400081000812375490000100000000469182750930000090002571004007000
400000000000008910803090200000900007108007605000000000900410060200070009060000000
453009700020000001009007050040008000000000040000000807201500000090000000536804070
092080001010002000870050069000316802928475000000298000360807140050009028000000930
500600009480390002003005000200000076800009203000500001058900000002851000040073100
594001060280005001070000000000408000840000010030000400000190006600004090010000000
050003000070020058019008073592804130000000002006002080060285347800407061007001800
800000251000840007030002000003000480910000300000600509520000000391008000400390000
018695000500000087402817900320081600960720051000000073000008006800000000600000508
040090000030402506900008002001200057400600800060831000200060004810900703603180900
900000480007000930018009002100605000070080103204900007300247009090060700702008300
060000300023057000000000005038000040600310902070400001702006193390002080006000257
934070650526009708087000000708026000400000009090034805071658904000490137009700006
007062300000803070398700200006007400700514000000620000000140900980075600641080507
083000702090084016615000000009800063060005807000000000000400600970000201000050079
806005009907000105510000200000003500704026800380500906405700000100350090009001004
070600000508003000000000013400370060702900800005001000320090007050007000010000090
590000700800000590700000000207000900010004060000070305000000109673000080009008603
170000260000070090004003010280000050709000000506000000097400000002807045065010007
007050000940028300536000870050009041000012080100875900300200658402580190060901700
006001409590263007008900002000000701610508000430006905000400120940000000001807000
500643708018009600034000000850030000000400800400895060040100020906300105005002300
609700502000020306054069081460007200825603100000000000080056013540000807000000000
920000006008000010001065930007002000080030000409010200000200100000008320000400000
210307040730000216840102700071839020520000980000200670002070358000583000358020090
075000000080000040003600001004080020000570000020300000850700000702409000490800000
001000000900415086200300010070020000012000000080003020106930700090007000050260009
000900008578600000402085000000000800849001000230490000005000700903007600700100020
032078410510092807000100209290081000870500690003026100000200500180400726007815040
021700030000600000003010000006020003002470901300060020030000890000802050000000000
090000000000728190270000060007089006430050000800006020001400050903000700052070000
470203010203816970006000002060500831000760295002138460940000080000007009080000020
620910300089750260037462000700200098958306040010805600000000080070604020290507036
700008002000003600004069080000015040001000060940000103003000070008400026020000304
508010000000000100001703000000601020000090706017000000070045008200869000090000050
020030086304056107080200000060701803970480260803000900630502010750040038009060000
100000000650302094037400680003040050815607040000000030001000027086720009470010068
800000001231040790075030006700803000008000070409017608004020013007380004080406057
210000006950000208000810000091076800670328401003090600087001500009080040000000080
010060005007000800200007001830700140000001680001000500100603000040000000502179364
000028000900060080000009750080074001000802000000000000000050608100203470000000000
490087060600029000370650000024100095080065000950000000000010900030200080000000000
026000401800000000400000893602009000000810002080400309004090700060308214700100060
253000000040020019000070000600030008000060023300904070500009084030800005400002001
401000008792003014036045020000006000067830245008450609200900431600300750040027090
200000800700008000000000700073000160480000007100730450007000604000006001600003580
002347800985200000470098010000000000098601007000800006030000064020900080000462009
573018204042530108001920057400003500000000642005002070208340010090070820057080430
400012985100000347890003000089300152000200070002078060901030020378006091260195008
400238090000090000150067030560703810090006020730010500905000300627000950000900670
084970003597000400306042000000058000060021078805600200601080900000010804000397000
520010689000007301140806025209705030070001960830000000610900400702000810000008207
300416000007023401000700500732100000501980200409007056108079600000000804206841390
501420906420006000090070243057042010040000030109000400060010005008035690030000100
700100820103089070200700304002470198000506700037008250370801060804690000009300081
430027065270015003000000000000008046000430000300009500907580001000700000800300900
560310208007000001310287506842000037600173020070040000030721405000900000700458000
006000008800961005500824010005080901460007023009352060750200490000640100090710080
210000006004000093097000812070000601000160209000007005000710930000493000000050020
947003005600000090250700003000070000100480000000010000080040030002050600000231908
006100503070029084080070000000000800090000036030000000250008000700300960000407000
300000250000003407007000036030807519082091004000040872003080720008050100205109600
000001004400070001006504090000463007304807910008100000507089030002010000600005020
490000001000000000038001007200000106000705000000006700000000000050072009000080510
000830054008000206405100300007291008002300675800060901089050000716982500004017000
000870413000652087700104260000060008804000006659400020000348000080020000015706834
701068005600250407032070896026040000800600050000000200260015009074000530103407680
056001400700605082210074000507316800400000000063000900904067308001002000005083000
910258004034960080085003910309026000000300160000800040073000608000007000401002070
040000000070004009000080604000900006000716540000003208050040900004890000800600002
409268051682001403710043008056700040090402000800600009008007200200000000901320080
040900312100800079750200408860400025904001003200080700507030940000000050000000031
090000080800000000700583900000830000006745800000020040030067050008000000600400000
070150000501900073600000001060700300000010987980035000210000000098003216730601490
000100430008200170100003200750009680090648750684005001000000803007030006013500027
000621407004509020000080935900305040026897510030006090010400050700008360008060074
402070080000000001060090400000007000020034057000000000000003000103000000090008170
020039067403000021768052390000003400084275130001000700000894670006300908840560010
009000000020000000000300120602010080010000030005002000460078003000290400090461008
362500700815004000007003500000000305624050007153070400500180004780000000009005170
000800250080000600500010000706500000058102400300006090005001084000300760070000005
465800300700030600000000007000203046604700003300080000076120005000045068503000209
601000008093020670020100003010000905036080200000412706160000000840201350307908162
030810000014070030675030800000080060007263090000091007356109740040006020109040300
000760105050024709090005804700412000024980000060073400512048390006300000073200040
000405001000000400800000907087000003400000090031008040000870050700200000500000000
058026000000000002000070005002701009000500043005030000000000000010380000040000020
080009000003000000950002748000250410000986350320714009867090120509000076040608500
065429710029781056701300000200004601000003840800617005006902000930040060148000020
096010004200070503053800906000402050567000002942600301410209005609030000070000209
001000209000900300200030000905600000000503086086000035002301008070000000000000400
800030400040008006650002010000003207005001000000250041400000060570020000938000024
006005000000069075057100009000030000409008001003000658300000500000000300500024086
003402800000030000200000030356140200014280063900003140600010008002056000000028000
076000930940607182100394500000000001012069070850030040200100790400006058760028003
027053000019706500000904000000030027042060300001047658004070030000492000076381902
040000000008192000100543000001000000020000006007080029000000000000070010800000673
005002407000501209900070150100005000208903001439010000070030046002060000094000020
192050086804000000007000209905008000000200090001700830780000925006000008009070040
000810006003000097000074081530000008900000100807000020078000900005009800000000000
000030850603000470100000900951028000000519000072064000704003005300280000500007000
000300067005000018009801000300000604040500209090060100400000090010000706000000000
400060800000002000080450000008090700000000900090200400609000040817030006500000000
000001000020380000408590002042000070010020390000057084001900050500800400004065120
000000000789350001040008600506103008104900000920007310090000180000001007000679003
001000005024007000005800024570601000000780060102004008210000800000030007040000010
900004000400000609030000000004006090800400000021008000003097000700040000008000060
000030000000859063000000000030000000002008030000300000601420390200003006090760002
004105000500090040000000105401503060000700000906200503030900000090000000100008920
000430000280060000403008050800500060000040295002000000001980526940000073005007040
028746000153900067006003200000000058004005000890002043080060074269030005000500002
020000057090010000030900000000600005000000030500830600000070000000082060008060009
006008200025000000008325000870010300510609700030070052200900640003000020460080500
680201000900085002201934800463520001007400005508190630000002400000740000009050100
700100000020365079503080040070040002052073008048251036607000020804532067230000004
000630000000047152000020000800053406000000200004080000705300000040005600036000000
100063805080014070030058090070080054006049003000030000714020089263000007000001630
050000009804093005091000480000500000105006000080000007240010050008342000907005004
080057924009008070070900683795006000260001000013579400058790006947000851000005709
270940860000500070560207400006402008090365004027010653089753000000008530005000086
750000608030609004600000100260000000800031200003206800041000000080010006300070500
400000132705000490030000700000000600050030080080060024876000200000786010010000000
263900010047620809500010026080061003601092040902800007004100902006209005829004000
000010300050070080018300460000090106793100500164082009041920070920607800030041900
650002800309010004407098000810500930000060005570009100900050300045000609000906400
006009000139802000050400100000007004687003200003205608500028346064090702728004500
900803000000600005600900000200401030007205000000360500136709050040000000729500013
300006805700480900480000070104803097027100500800920004009200000640009000001600309
501000080800000004000800050070000060000600000620075000004090000003050600296080410
002000500903004068015826007806590012120000075000201000500000809300075100261900700
005049321010506000090031006004000082608000107003002905001020008509070203236050004
020080050840000002007060000700408000951076000000095070100003509090617000230040000
837102605504000020002600008490003010081000030753020000078269000000430000000008006
300400026600000805000060093709600201804300050130009000010700500000006372270800004
560040028000020060800000007372900400980050070100000000010000500090007002038605704
206570041000080006000602730037045009000736058008020007050210603812300504003400102
000670000000000010067500004841700900000035000000010060000000040016000090908060000
000000009015400730490700050000120070120000000007650002041200060209080500080040007
000080030070164000290735000905040620002000000030020009629070410001000070800003296
000000000000061000704800506240000051000324080080710000409180270070040100001200904
043090000810053079900082435091804060204000907350000000000018200100200306400360080
090000020805700003000900005002500000740300001050000000509000030020190046080070009
090705800050000002000029570800902651000010487000004000030000000000203000000050008
601000000820700000059008000000020700000000206000000500000030850500060300000405020
630500000042008060009013054027000000000401080400072600258007016970046820060080300
908000040020000003401000000050071408010430025300020600160784309003006000000350006
263840090009002487048051630075000240004500109010003750580000004407000026692004000
370000000000000000000000010900003200020090000800002500403209806700500134000000000
000200081000000600481006009000009102007000360000683050034000000005348090796052830
349125000102608030007090000406039000020000000000012647000000406710900000000253000
000000198900006507050000326703085001005000003000403000160030854084019002000800619
008103704306740250970080100630014080057320900000078300000002000060430879140807000
124600900007000040000040370000036000043790005870500604002060780016387009708005460
000040020016890005908030000007189002030000801001200040063000259004920763000006104
800005200500003048306700000001000070037000000000000000105900680000007050000451000
530914786786305400400800030000000000000600027800050904200030009140796200009080043
000000300000000400090173002000001000006000070071200003038567249607002000042310700
941020706230070040700194200028400003093050070070009020050000310409000857302080409
500002003300609020801000605970520004000040079008307500152008006630200407704960001
400008000050900000001000000003050090700600130260001058500100000000200000010003000
019004200000005900000008034020900070005001420008003590986017300250800000701030009
300560081050080000870002509490108200020046150018070906004805017000020005900010024
200135000051609000890024531089000300100000800630970214063040150000306708070200093
436000290005029000079340150702030019801002000350080720513090604008000030647053900
045371000301080002000040013000620005020030980000090200802450100400019000010002030
701400200230000085080230091004302957000804300002957004600073540000020003073049600
006008000107000000050000060070002000001034080090000000080100023015000040600040001
200001000109004080450700001900003520046020009700000003000000000000000475570008000
000050082076000004200903000300000008000000500000000003600010749000000800900800020
080731000000000020509040300000000040000009102000010607900000760000095010200600005
610007080840050237300000060581006093267043008030508700098060300006030010003089075
060090230030005000000230705370510829005000400908403006006002000050001040209350681
096400275000050008500000000031700080009000756600008000000372569965800007020000000
080000050000700601000000000000000080000064705200301000108045300000003910002809500
002000040001060000000079300000317800005926031173548690940700100010694000020800060
000042600306570000042306970700095020000003090090108367037000006680030000254081009
000510020602000000410000789920001345300600070187003000000070004000900010000002890
070006050008007000003500000230700164000000005000600300892005000007064980040800000
462090010700003600351600007070300469000700352235469081007030940800000206623900000
701000006008500349940008050300000591000005460005630078030040712080000935000059680
000500020000002304020000097986030000105000000000100900802000700051090800700823000
000000100009070600700030942097381065060040310000256704130062009000000420000090531
000000905018700324005004100001009200520401709809023641900300800046000002180052406
000100960760000080084060032420000070003008000010000820000050040000000200000040000
010020058900010020020000417009080076000000039200509000305891002800000300000060801
030007540520081700769040003852000007910760805076000000001000358040000600080016270
002908000008004100004000000406000070090000000850000000000000004385041600001629050
008400150006080429029105000264010003580030264790000001030900012002003007907620030
584001020002008006000000800025060039006937008070802461050700380069080510008410000
000007029000002506009003000000030701000000000005100200900060000003708600052001980
710980040000064100060007000071805000000002058000049721100000067620000000800020010
030000260020430000010000008002000016000000024091000000000050070007000080008061000
060501209000000000450000800090300000000004090014000000180490000047206005000000940
000700002800309400000052000000493650000000043400000010043000090000000005257081000
290740035030002000800010690003004080009000306100500004000080060000609200000407810
200000341310602000000000209057138090830904670400050810005007100080200000000509700
000302906000000000320900700000800250253001067000235000072143000000520134130000572
905123406021084000400079000048706530000205008530801697800300004010968703000000009
090361000136002050204050103001007086900000000002680000400875001009200578087096030
604000370000700006800020005069301000002000000003087000310670459000540080940000700
000138090206005300803002700700000000009206007000500000060701030030650801000320500
009000070302400610700009530000786000076000000900304080407861053090007800600050000
000070005007000600000030200090400010000012080000780006072000003000007000849503000
500300070002010000907064023090208310700400002008030064103070000000840230040100790
084500703020603000000940150000800020810060030200394581000739805093000206408020300
308400000000000509054000700000102008000708600800060000000025831000040200500301400
608005040000603000000000600017000006300500400500001000175809060804036105003000004
009000170006010800703000000860500900002860007507090680048000001000900065000321008
090067800000300560000000000000600000004000000070010008650000739080009006037006080
002004056600107090090500200000000040800690000005000000526000039000060780007309005
100092650092865070800107903620400019000070200001000004530704100780219000010506807
096000470000659008030724065080002506703005800600900000000000700000037600078000050
000090580008002900900857000039040016060000400405106000054000000000209345692000001
030052076582000003700300208090230500005000000021400769070190300050040690016503847
000824060000060073096573004000098001703240600600000000360057902005980000920010457
008040200040300100000001060007000051000500079810700000060004000000000006080007400
040006530267509800000004270000000005050100090000300168008601907602000000970080001
793005004000460000060007002000030290920040307037500410050082046406900000200000500
074103025580000009030008706305684000700032008846900003097305082003820900000700501
504280006200600400690070002300029704000400000000050020900010500716005030000932017
109005020675080004003000007000000040000706005000000070060000001004900000010560400
950200700060053208000000000020070000478106300106005080000000000002800603800009500
010000000005000020024003618501206403400009800000007090200030056000000000000010000
010070006300020008600090700000205890000000300000031025030007002084309060060802009
000900370600000050100500290080200105500408620700301009090600510400829003300005000
000700030020080005751004000900030006000970000032468597206090050003200700000500004
090050040000400090240903000000080500000000060000000209004009000150034970000508003
403000069069700185180000000908003507046070008507009046050018032801006704032540000
200000510008050490051000300002700060007090000000004070003009000000000009925070000
030060040000004100045803000003009400004000090000147300000300002010000004060005703
000080000000000009006005100000000000000800710850000000604000090500100400108070325
900000000003000600000007500200070000005030000001000075070350010000009004129060300
190250830205083090038070500010040000724506010563091407080000004000065003050000000
050300009310000000000006000000400900073520000020108070000000030000000180080030090
600030000390510260100060038000490000083720096040050020402080075000305100700100080
000000031009000500310000000000000000800570000570940683000250309190687000050090760
500906700000700005000058060009007000000000400000501000900302040000804000000000300
000007859007008400000004000026000094495000030001940007000000071000000006000700305
040067901000300000070000000000003006000001005000690100084005009200000004160438027
400901060000000971100862350000400000700006280090200007947000023000503009000000008
901000000005009047073208096040803259000460730000020004058100003009346805000500021
070000001082000034030102070360800100720060008000020960500200716048000090617093042
094800050618075020000002860905081070000500010002037090800000700450028130300704982
090060485408900031003540020300489010800000350001605800907000043100354000504097060
200041003410603290530920080801300070000102634000095800100000750300506129765209000
020834000009000480003090260010900050000000090062000000000000976401000508000280300
502470000006050074004638150007010000005700013020004087451060000670820540038045700
000080090009500000810070600056804009007005300008710205000300007070290038503107006
692010070000807200048200050025034690980020700030680502000050080050908106079062035
300019064009074000004300000000000006000000400005006000900001000000000598030050000
120005000403000600009000005000531800048207030015000060097150483800709100500083029
050080790103076000070400831702000000500600407006240015015060070920010680068020054
365080904004035000001904630000010207106207059000059016748500060003070092952000000
002605030500900820003800005346002080700460000219500463001006000000710056600040700
000952000509408160000000000400000072306200000970840350800009240247000605095724030
040000000370010020000000300001004806067000200004800903490700138706180000080000000
008400001300001000006009045003208000100700506947000008439060017801043052020100400
000000000106250309005908604901070800007582000008009700009143267000095400304726050
000090026150000000203000905891003400502007009000000200710000000040000092900364000
000500000400070001050800000090400070000020000000003005300000007060130020504000309
003000020801002009520300168700000510005070006630520040007630080006000004080045603
003500000570010020600000500048000006000006040036000000000060080000080900000000061
020160004006008000000000700002073008000000002000020000243009080090050020005030071
083900004000000000006000009000000596065304700800650003000083000300002000009000000
002100900003725160816030005000400502250806413001502070760001200024007300138000000
100060900085100206270900003000049000004300008007080090401700060009015000030896000
020703000097500012005004000000045020030907500040001008000406000604070985000800600
000087003054600700087004026800010000010000040200000010000060200000100800000708060
518760000090105760006000085700450821102600400940800007000000096030014208820390514
000004800105230097907000000000340000850160040073980201218603004030009008500820006
020760100408000060000100000957031000301080090800007630096000000000000014130805076
070000600800006000060000400000700002402605370008420000000000100007048006000000000
500014930010093006390070000801900067200740000000030509060007013000000070704001005
004000030300400000806030020000008000601500840000100205102050600060200000000376000
005000087060007100000000090204000030090082070050000040800000000002000000000040705
100000000000400810450090000290007000000006000061209700000000000030084002902703400
000042750000000000000509000031000090006300007705000104670830200080000070542790380
098020000536008002001500879980005730307980021015367408670840305000000000002053007
610008005025196700800204169700502900206000070108000500300615007561009002900003601
006800703000004000500000000903027005000580000050009000004000109000010030000000500
260800745090745326050026800000003008030400007000250060045072030726000004010500000
009048370207091000084200190000902580020400000408730219002050460890004701340107900
609504083405070109873006200080060030007180602060000000290407010754001006008002500
960800400000769100000500697000095070590030001030008054479006510000970803683051740
603025790000603004025090386930850070800201039201900000000009040040002060760008200
130407006004600130500801704402000853803014609070300002001040305360000940900063080
000230007000004601005600203700001400054060010128403900600040000597000020040090100
008007041076004800003085070805070400610000000024850710082000037700000005060703004
800000002000201040209860075051040703007900020024078150490086031035000007068000200
583097001000046008600030070400000190901680030052700000230901504106450020840072009
009803000380024096450006813000000000510047960704060135947001352100300070200400000
635040009008000070027800650060004790009300004500070000000120068006400200200000340
065400300000900685937005040300609020000000060600000734040003810106040950000106000
807019005091050480205804061000030810000500003000008600356020108010060740400980006
000010030800090100001060940000036089000000020900000000005080007002103000000000000
065047020714098360000050014003000000198000000007081000000800902930760001400320506
000600000900000000004002005100200000540100000000004010082000149001000500305000000
000510370040903620709020005600248000480130000000709002504001780910000254876000000
045007000017690000003205800000000000070000065000002000560004000381509702000000006
004000070065009480020000510000000000000500398000010000000001700040000009600290000
600500000000000004003000000000020900060000000200630471020050600070001000530000102
080900000109400000060008301000002970020009013000004000000091500400000000908005000
060000000007003002000650007000039016350120004006074309905060000600000900000200000
000102986068003521002090034070020000000736240000981367027015003185300400600007000
000000630002530000000049000000085104000000000000000000320604700000823456050000000
600409001209000000000760000052900608000070094001086200004198760908600025307200000
001800640640009008000364790370000065800007020029580070982600417010090500036000000
618500090450002008072000000009300004006270000720819050045000031001425000000030000
000000856860000400000856723000010060506230910001060238090080102308070000007000300
000000870502000103008134209170902005009650010050301900010006700005703491000010562
060200000008670000100905674340000060809007023006000008000310050000800742000000310
600000500108000060250000018030405001701300000506000300800000007010008000365000000
359600002020000000000000000000309100900050800100000900294030600003006200000040500
009200000000004908000008000080050007040000050056000089000093806600500400090006500
839070010260514000000000206000080300008003601000040000000000000000851030000000058
030408570094001060007002000508170609062845703070000000005300294600900050009500036
003900200002006000000000060000031009004090702590020013270003096048100507900572030
683040012002000009479201000035689720896400130724010890000000050048000300007000948
070008001008010397214000080050900803900800465030050012603005000090083154145792000
465019083000703000037506000210008000040600070000304600620090835971000462350002100
200600000063000000040000603000000900008942050000300700000036000080004100704095806
000300100030000000400706000000007000003850060047000000754630000009010500000070000
864300700590000806001486539050930028100045007009008065000000970030000000010820600
900400000007000400003800006200603000570000003030087200100308000300000000002100350
000600000060000301205000709810900050000100090603000802004300570000040908000065120
000000500000000380300005076400007803700008465009054010040000900000000004005000007
700000300000000200038200060000640080000000700800700043207106000010439800040000000
800300000000029845029800307010000003600900001907400000001060030090501000008090500
000900400000040500030206000081000250300720000275891300040060721600102094702080000
031000460087400000000000000600010007003200900000070206000039000010000004000040000
205430000600000003000680090900000050106005000000940000000000000820090060000070540
900708140086104000000920786000000070094200000200080000007800000400000001801490060
400100700100709000009000000000000073007004000001007000000300050016075080000208000
400531782003070064200600000740060503006000040300000000030005008090310000070008000
000006790000027000009050080307180000800090070946030500130068907090210856080000000
000600035010503709083070000091000000000007000050000080000709000000020307730146008
000870020240030870000000036978060300001790004624050098497002080000000000002583900
000084000009000008080000010030400569000000180000000400040050000008000605050800790
060410728145800000082639004000900400000080000091500030904750203570026000030000500
010090000600100040000002500400500700006010024000049050500000460000750000801004370
006080000701009000840100029000003040000006200930040006009000060000002900005008000
000000000034000002005080071000096300583040000960008100000019000100800700000700010
000906700400000269002470008003068000000030682206000300000300856058000470300085020
102700890745090100800020750091470000427600010008309072200067900500038201000240007
693007040078400009010639007800510930000070150021000080082940070036008005050703208
000000000007000800000970005005008169006000038083000402042080501009000687008590000
401900807050412000900785104007000006000000005600000000046050208090807001070104000
803900000100086009009017000000000000540001000017090400700100900208005300600009500
071040302980030170003700009002000000009028500030197200000000000026000090357981004
000000600360090000000640000000007900000230080000000236080002004000074800030009060
743000106890500700006470090501007068420698030060051007300820010010730280280109000
000601000907008600010000000070300000000000002320040007060000200000000080003006019
000905401010360005050040030000006008100200000063000020000800000000000080800010000
500000060103628097200050000900340680000000400000001000009000700026000014004070009
000070400900400000000108900000813050800005000005000031380020006009380000000760000
600058304825093607040016002504309020030620000102040003090000000010030709003007001
210000907340078010987000040400036079100000803003000402000509000591000030004003000
001000030300701594000020601000000460003600059000000000000090300000002000090835000
435000008081540002726198500804035920209400035000006000600000050000007800572060004
560000000000206007400000652058074000000600000000000401000000200035080010004007005
290003010600040800800000090000002000000700000509400701000020000008060000100000070
010800090860040070054700300000209000005000000000060520109000000600000900500100003
020000100050007049090300060030700000009805200045000000000000000016070000000000007
086057000003600007071024000090005710650002000027400060810070000002000080009080070
036000782090000300078056040005000020061470800742000000009047230400280000020060000
100000000080000007000067800510036000020000000700000100900003080000970060000002701
020000000000307100079102000000005200001040000260030005600900504000003001000000000
401090580009800106800016000107900050903500712006000300008005001600000400354601800
689040200000017096027809000003402080010000405500008000201706003304500060000000510
340009005000205040570000000709520306005086907683010024000001002130700450000000601
000000879800030050020000000000008003000004000002003504000000000000005247000020081
000100000000040070070000000390006000145000000000000000006471830000050000714000500
000004050820010040960000700001070000070500300090000460000209000000150000050000000
000000000600409500003012407905003000010057006006241975049780300000190750008300040
000200000000009030703806194600090003000500000908000020060900301800004070030027050
005080060083006790610570840706008200124650080800420570307040000000105930060703408
300000005100050200005000600700095063000000000000714000000000050000070900017009306
060000183000103006138250074500700009800000002720040500402008010309610020650027300
900000006600700204420500080005678903007920001092451008700002345000100892080040100
708900030530748900900536000853200000000000004000601850080007000000060000009000120
963810000004000210108000603040000005000000001000070400090780500006009000800000032
000006978600000005800005300700502001000047002030601007901050200000060000060109050
000050900490200015000970030630095002702300159010400300801500020070610000054032000
751000906002000710900015003106057430400169250205038160307004501000000070009000000
800000201000060800200008407020300940000000700940600180502800094394070618618093502
230900058780030001900780203100000300000140000867052190698073012573001600021090000
002000103000204090705003200530040600108600000070930800057010008824056010900408700
201095300040120900050800210080000700010000500700000031800010070690000102124009853
009006000048210000706008000000001087000805090800004002000000010093502000080190000
009006413500000879040879056000094068000000102050000794067305000091007300000941087
000240500082090010000106000070004000006030000000500002030951070600000000000700340
148000000500007000200108009005972038300000007900080006050020071000004960009000000
940200071001090008000601490000004710000000006070006500080120000000000020010000049
008030009709806030000974050020709045005300000100548060000083001271490006006100004
456079030030506029720001000040000100080000000903005602207008010500027398090104200
000008700006150829209007051015009000700000000000501072607014500140890260058062413
020890060010720008408510030150002800000000000004000000060230400030000001040000002
000970630030800095507000200000530006053186040610000050800059100371008020025013408
000056070713402000000301084000003065008064917040000028080190702000000046372608091
089000006040083700021045089054006000972000030630200050060700000215364000807012000
040050010000189000018002000000000000009000050100090002094070000000003027000600000
900000030060091080000030194406050000000640001000000340100900008050860403620300570
030549006000700500004062001100020080000630179000190452067900040005080367008300015
070004009003000000000600800000000020000037904804000005050700108918050030047019560
930746821000009406007200009400178000020050700801903564094007030010400680068000005
480000360067090001000306400100005000030020756056900100003249610000001000010000004
408005090007046135051002006005019604706503200192604000003051020000060001500027000
005300490090501703720009010206090100080620900907000006809004060001230009000007540
632050097470000000058900603000508076840000231960310054590020010720100509000400700
000613007472009603030007580004902000000700902900060740000076294160204035049030170
000100480000000710010004000000038600000000020056001090600015000000002000000009040
000000300005006400000000802000000500081200004746000000000020000008067005070000080
005000001210504000008010050004950308750000046300001090607090810801740539093108004
031547208002003005070000030180000900460200080009000004008760509005380607000050003
198703042000081000075000108004005000530002800060108509000004900001037006486519003
090357208000001035700480100050804907900023000080009300504090070019730524073045010
000900023009080700002070090030400182004002300218730000000027064456090230720000918
500000710000000090000000000010000470007650030800000650000085000100000000230067000
000003005008400000520070000803000906402065008009080210200590060905730102360120509
200700030830100600976000002603000720400050096527000180142570800068400050700000200
680490500020000000014052000075000230140000000000007000000006301008139702091070000
200985003089037000734002000000600100476020030100350400042500070015093604097006000
035400790090000400400009235804000000360045010007000000000002009508004073100037000
709000405080000206200800039600205903008000070000010028002043090000608354304970062
002304710010020045340090000007069003000030150003105090070046031204000008501007204
000610040106403000804572000200790000050030080361804005502907401000301008003000600
063090000490080010500301000006050070700003005000800030000020090900100400020079103
010600009000012070050400301000086000080904100400070500900760050060005000500030010
310090060000000040204080170800000600960005030000060700000020596401609080609738214
000005002140030700000100800000007020000000000350001490000000010070016000506000900
000006980001000000060000700507300009029508006346000807004023070000701000018000000
000001380007300092803000000000000000070963020000800000080000054000000230300000600
800039610002060004000085000000800503170000926543602000439026005785043001061508430
080001090000000041004020058047010600050784009000005800500803000030002507901007480
020058013500037000000200000000080007000500000706300000100003006000860000000700000
500009003000204960600008400900000045400002700807503296780400009090800100001005600
000032960403890100069000000000320609000060781040000250015000000008201030630089002
000002080860100040000000903740000100009001000510004000000200500000000098000907000
063945000008000400594080300052700000009020000070003054240810009000400000600000740
519800274038200900740950003970000000063407100850326407080642000090500600400000530
000700409209000387030940051050600200000309510903450006010006008000204005070090002
000000500007205964508609007645000203000000009179000005796300052400000030001000006
100069750003587000075000900906873500250090307038005009410006820307200190080041600
000040002326010008000236000070001000000020007200053080600070000005000003700090000
006507038705480601000000500040061025000902080009000310608190040590070063472800159
002300900097400006006009002060940003000080794900032650089010000700000860030098400
000500000050007000041080000087269000500000060900000870800002000200700040070608002
640720810981060500000090000000640325030000060000050000700400000100506200000800941
001730504070540810009801003500000907863970125094102630005308000047000300100060050
007000000000050000050407000020001000070900000000800075000630800600210007010000030
930007000006000030108300000000034615010020400400056800000000000060000200001000060
500080000100002094200400180920038700700049000003160940090816007002003018001004300
000060243043080607610004000032840000008097102900203058509100304020400069000056720
000006004068002100400000060010000730000000900080200400300120000800000040000009003
800170090070900008009000700603800050700300000090500106050039872000600009030700001
060845200230000548080000076100000009408531060006004000610000354300126890070450620
109700065000008302003000008000450090000020000400980006090000020837060009200010700
400050308800040000000000000005008400000320500200910806002090007050030000000500283
008000400409800207000900300700000020150470000000200049021004003047000002006102000
010704092047200100000001407790126000004500020261000000138000200479652300020803040
400367900760000005008504060540003000300000040000005000000006000130000000000001000
809270005053008072027530804064820300000150040315040728000000009090700000436900517
300740000800003045000020090000280937000007000700450001070060800060800004010304560
070290005185040000069100030410070000026481000930000048693005401701639500802010060
090040201840201000071090803020000500084007160009504300432016900710950032008430006
000000000400500376102360000004000065500034800901006000040100000060070008805000000
600271040004506000007040000702080001008159000005007486000008010800010200500400000
965700000321600708000000009400370025502800301100000804708500090600087530053090080
040650700002003800856200300000031648084570003000480000460805001010064580028700436
600853000000001000700040508920000000038000069500000080080000000060280003070100000
700380900010200000000000100004008003050420000080005000020040350008003070000092600
605000900001320580039065147508004379073008060000700800890040013006000008300900004
049360820060020049825940103006000074000070006370600002008036201200090007037052098
030002004040739008080500700270000040008004000000270080000001309400390872095820416
050421008000000002020306000060003500000500000915060830500602000800000023030000104
000000009053006004068041000096134008300082000805070103504008000600000005109400000
000003410023641097601080200835216904000005160206000000008360701062170589070900000
000000200035008000000904050000090060350001027810000005160002040004100080000040006
059087624000006093400930000200600050000000072005008009700060900008000130504000200
090000702200040080000300000050004060100580020003001807000008573000000209300409018
057010604090004530000500010070090401041058203920401758086300000419006025000100006
309005100008601700602000504040050000001870050200903000020000000100008040000000960
090700000000400986000009000400100002002000000600203009048310000000020090070800603
000254893000098076800070052390700210608012300251000600000030000780165904000429030
900000000102030060000801000000900006000003004504762308000000030000304009001000000
700000005000509080509000030005007010007016024316420798100004850900070402064900000
640001000000009000001075640400000290000000000097006058000090080060800500004003902
020000000000000000013000764070083500000000000382605470140002050050000200200000000
005032090600010500801000000410070000200963004036080052372090400000300061100000270
000304170008090520179500348937600004602005900854000002000050000060038000083009460
009040036635901020407060908000390147900100205701250300000420603200000801090007402
400000001801347000009001400000165000008900000600700004086490000900000700002006043
600000900000005007740008050050900800280007130003080504000179328000060700079000000
500010000000000050063050708095100300480003905000060000027000000000080000000000000
000500060600009000000601904000806001006702009010000080024058700958060000000100005
000960470069000000700500000090040700040000000000090060902000100001030000070180200
400700001000813450308004209040900003030647800820105700003000028002356900000201030
628091000007500008400002090180430520004625009000010030002000973060000000090204681
090074080083000702040138500708390405019000807564782900036000108400000000000900050
046000005000251090020000803000900700000020000504000030460010000001002640000600380
709000601000100800065000000002000900050070028607800004006000140900041065004000209
000900000869500000000400900500000100020100005080053000002065000600070090040200806
700000020248050000600400000080020091002070000900804000103600000020000086009200010
003005000000000000720130850900060000005900070000801209501240006090510000004070005
200076004000000200040352007401000000000000029000687003000718002300560800800020900
910000038600900005420030000000000000000000040800001002000080000000100080000009154
000839020052067090300002070190080067006903040804000130908605710200000904001408000
000000001300681040180000700800974062060150900000002050000200890508000206010005000
905006000430000000020314000000000000000930068000000093800100050004090206000543000
000000006130000084700809023596400000000000060000600800020000000050000400000000005
015000928000800050982150006230980000090704000400300500000591070000030190150000030
040803200000900030030020040000608001070200400006007000000000010000300000000481000
040000800753000000600009537000001002005000700008703600800090170000000000000000068
000005098009000000000010000680542309042031006900080425000264500050090000064050087
506007001104009203300008690400061700007840000600020034041570028060080149023190007
000790048002010000814000900065000003080000790070080002906100000030900470147038209
001302079603005000007184236760000003080070000100400007008007004010023005500941380
000028003010000050008000460800360002060900001000000000005080000200130005006405007
700003219109000430006001870090500640803604907400072000610009300500100090908045102
080079410000060009930002600600000804001504396050900000070000968800723500140690073
060015300000020581801000070007681450549302100610094230005400800206050003003200905
903045601070290084400010000000600432004000900009324100010000843090000700000050000
659407238000069417007000069090040000281000700476000000060104392800390070000670080
864000009957000030010000008400630210000040000000100900070064300640010005038050000
093106827082009041060720005005000270941000308600003410300000000058390700006005093
900203000807600210123507690400030072702045900006172005608020700200751468001000000
800340000726908013043020000000002650031000940007894300080006790005403102002009004
260007305435900008000043000700030900000400030002100000006700403800000007010304200
071006580640038197830109060700050930019000000050900670000400009500700008280090710
000000500000510400150020039400062000690003740583041002800000094000090386020086070
000000000000500600935060102280105490000028010000947200003480500860250000000009040
000040000000706913000000800004000000602001000071000200000000502493205760080000090
000050000054070090070000045500007000040200500810000760000000052100009000900034000
005429060360075902000600000092000050003007090050902080501790600970200000006300070
082130075000024001603070428000600080065900000790402306074060500100300800539048160
500060038083010270207003001172004009030000000090072603000700300300020704000300010
000000530300170490040000067004900000000010600031000025470000200009031700003700850
007900100500100476002070905008001000000304000430200061700003602001500090009612547
003002000500000000600050034000300102125000060000010070050000010904000005000008007
800910070420800109900020000000600030080503017500000026050170040000358090000064080
030000070002300010000700608051000263000001097007000000000270305080019706020005040
000100003030005001010320650470002065208506347050704800107093580009250010005670930
000180007090500001020000000005916304000008610060400000000040106004601003000007040
001009000000001000000300000020074003900630510008105000402007050060503209010402780
000007230802500097000300000400030060000000000000090080020000800008000700040009620
245000080000000500700502000000100054400090108060000200013800400570009000000310805
050240800600750003002000001700012938830067002000000060020000104001009600580004009
000005480060008030000000059001020703000074000004500060600030570107680004000100006
000090000030470509000020000000002000024000000000300000200010050040035080000068700
301069740068070200000000000080307190003002000000586000006000300402091070800204000
000308519836001002000200603500000068680025300000090050300600000960040830204780090
400060327300000068106020050064710930021930800003040012649000000018503090530090200
000040003000003670003000100050064010009007260060000850035000900001005000000021705
701890040600007389089000050000100007890000506000070403000000005004000008970300000
060000001810060004000800070000002000600000019000090005920080107080370000000920050
009006800040000030000000900700065300000090000100400000000000400004050100800900760
002000036080036047630007980900005012000412869000000375490050023320104000800700100
003004950480097600000001024000072000000003700008905000931020078024000310000100040
009010764128000390700000080932104600600000800000760003087000210090000530060900400
003147250170000380560000007048002063630980072700653894306000005007000901019070600
080405000230180054465000800006543280043928060000016000674002000002891700000000023
301060020085000406004005007000000005000000001000000070006000019530107640090006050
070004009000000807300080000100000000020030608700801090040000000030000904200090700
070020001009148000400753096000530900021407365000000804190800603602900750785060100
000000840840000206000008000460000530032804017900235000300000080600000070000000020
007102050000000030100000000760000000080000706002006348008900067000080000050000000
306010070041000630702060004630801007200350018080702003428075000900080000500039800
126700000030490026000000007019286000700910002682000009900072305000000208270003061
000920870020860000000310000001000509006080423000596008100000600650070004200650107
400090708070000196010800000630004950800150000590763002163470500780920003209310074
501060430600040521008000697052900043800010050100075060204590386006000975070030200
402080100003462070500003000708301562256708003001006907030024700070809241104070000
798300420000700016300400000900000003000000000100000000002800000000007002001500049
060080050028100400035490702500030000806027000900860000000000040601208005080070610
000000000530004000009000000260045090918006570050000620401860030000407006006050041
009080504800500030004009700048000620000070000000003400000140090000862000000300800
956807003180423000243500000800040050032080740070050009600000030798000005010200078
100050000080906200090240007200000000930400008000009000500120700400690000302080000
000150600000406097004700000000843076030070000096000040200004000800300109600000000
560000780010004000048000091000020900904000010000093807003000008685310000007000000
014000820079002005020450076003020690205610087090000540001700250050100730007285164
032061079006047000700000010000100900070834500005096040000203006300070004000000030
809040020047010008000059000000080300030060807000001000500400001000520080008000005
010326070000700890704008630000400103831000000000801260080003724207500006103047008
000400075300000000492300600000100200039000104100030706900016800006000007004070000
000000000065003010000170200108007030006300180020800560000005894002000001040000000
000109070601740000000000906000650040004007260526400080040570090005000430000304050
580010900140700508000000004000270000000009025750831609000900203235180000470020806
000000891890076023400900006910650230508300010000100000009005042102060070300402000
040009002000004900005200401900000046007040000006890130580307000064050700000006050
905000206070900840840070930309400702002319408008050000080600090007003604600097180
503706090001900040090030001400300010016204735005060000007602004384501000260000000
000080900120000000056000040503900100298040365470000002000000010700300580000070036
030090700009807400086304205940006107000409050625081900500020070060070040007000000
200708610610009000000060090000070500500002740700050001800000070036007000000000106
820900005003070080050000010070000020000000000004082097000100070709000000000007000
740000000195800706030000100080607000600001289500200000000900308020000400000075900
609100000000000309208936070000001004000509003100000090000600807400095030306080000
231000000000000021080230490070000000402000000060012700020090000008053004103024000
000000079060700014000040860287310406000870931000004080048030090005080003700000648
370000001650000000100000206020900680000010000900008100000000902060200704209403000
005000940070009050390000710000005000010000509008200407000003000000900200409000000
063005048948200150107984003700002006016700824000360705089023001000098000400007509
003206900001007000028014000030009070000000009080005060000000003300090051145700600
000000107000004000008000000000503000300106090071400305700600000010000700000350016
080709004015000006009005000940250080368007000021038070002000540090000320000000000
800039072930070806502008000000000000008040100049501000290106400651304207483700001
028736519109280060070501000500000000000060921200007006000470095960100000040659182
040000200090006700030000010004003070050000001000020305060000090000001040900605800
325100086400200971007000300592470063001000500806002004003029048279804600000000200
000002004300000000027300005000000700005720000060000900000200010200400500070000260
791003500800010043046000000030000900000045081102090430008000002407500000003000000
037009000259184000104007000041500000090000700576002003003065004008703659900020007
502040036000030527063507800038002004029750080000080000001000008407300265206070000
490703025003000080000008030000429800040000000000105204006300040031000008020890010
000005000271080900005000003000009000050170030000002718000000000106930000090000106
904008002803000000007040000700804230350010640006000170005790800048000020270000000
700060000010300006000200370071000600000640007006000000100800400950020013624000095
010003000008000000060000519135000002000000000700100004001000057800057000057300006
001295706200076000007413900903050600705000392040000008304020000008040200002600030
456080001287009005000600000500078100800031506034260097790000600008107054340800709
006413809000000000000800000080005047000000080100038602000000000004000005068700000
160024583000600000094380706941502800608401030352060100006009008000000040703140052
501306907297004680800700001020615800000900070009470016002040000018003740075861090
000075002000000801006000030450600000380007000000031000500060000829150470604000010
030000000018300700740050003000000006009230408080600070000020800000001600090000040
004952100008003000000780340071806024400000600003029000340000860000394002000160090
915000280287090000300000000002719003450080009070040000500000701038270590020054630
400003100910004000000109048103005000070200000000040203090007000040002080000900000
301020000000700604000000007000070000950000200100000005006008030703104052805000060
040301962000045000301090070000020000020400006450000297074530610538060704169070050
507460800020057000600018030000700004000901582090005070800670009010080000064090350
340065821800000650009000307134070000065200030080003005098320070013000500406009210
490007060700503084050084100060805240500200600920670800630050700070016408045092306
706081005009040300205000819624309108000020790900805200002708040401000907090000630
000000003000000009030400000010000005702835900000001704060002000183946000020300090
103970080079200000002061007000700438057403000080000000700004063005830170600190540
006003250020080103010209706268304015190608300000900020607030800900007030300890007
306020179907056204008910063792030050000700306601040007500274600070009000100500702
000000860000309007004085039240000010009100000000050006803020000456030000070564000
430000002900030060605900000050020100000006200309014006100540000267000008500200000
031000004097640000804005027403000870009000503786530000000000400005020000000006000
040870000070001009230000800712095468390008010460712390053084620084600050600050000
000700180000100000104600000060079310305008009070315068500006900806007001007000006
000000800000080006580020710010000397000008000602930000760001000240700900800000600
200090000050000000403862759004005000060900800000308502905000040600209301371406025
100000004052008000030006000300000045000000000000000070010000432075003008000080050
301904200000000300007060000030000000008030004040000003002000000604078000010400020
000500000000000000003080496070050100800000973460000508000000000102000780007001009
080005063060084000507003980693478501120390008000500006906050030700032649001009807
000030895090400000010000200000070509020000700000000000000000902209043008000690000
020900075000340100080500000030000000000070001050023000300000000502801007060250010
000090000300000046006030851060050010523840769008006003000000000105000000680700000
704008002035090000009040053000581309000003204000002000000800000000030007000000000
004082136601500002070006000003000000000601094007000508300000207080107040702000000
549007100361040020827300905050000630100006007930704081010000002400200810070008090
200000410000010000801000900008000300902060000030000000060070093309000800007002640
007002100001603020504910706000251008079364000005097043002086000400129007008005000
500682007974531068080904103000007026003408700007200049000800900719000004846000502
000000816403006279006079450700532000004008500030000000040900000307040000000307000
200906000483210900000438201020009300090004120007160000000600050054000600010045032
025479038700031000010002070069000352500040780800253640140020596283000000006710800
001040000400070000700000060000000002000709300000000400007003040000000239903080670
612000007050000000000500006020400000000200000000000700260300070430080060008602000
020104000398502000001809502800200010500400006000080200000300600050020300400695020
100009050065008429002006008008500700030001280000084090021900630954030010603010945
002039015039000002000002070000326907300000080490001230074000690208963754000500128
200001605065300000001600000106953000500080000007000903610530070784109530002074160
004900300000603070308045000001800005005000903003000720006004000007300050030500010
890000200721490005000100084900006000600840000008050067000600800082004050006081300
000000074238070600710900000050000083000000001003105290040519000600030900090000437
370082900006050008408960300600500000097020000032004000000205080053108769000706200
005748009847319000913026400000000905004090000501000043100052704470800502009670381
480000000216009000359000000901000008035040000640000070000800000100500703800004000
907300006003068004800740021000000032306005000701003408000950210400271060100006040
000600002056000000000003000302006190490007000000040000005072080000090420000300500
567000400048600023203408657000081900704536000820904506400760005130800060009010040
000105000100000407003420190826000513500000049004510060060204900010056204200001006
000003000270600000093004000007200000800009100000100000005370400000805000030460005
670009020000200000200000009050000070040000008302000000003470052000000001000000086
950003187000100000000956000604308790095024308018700000000000000870060000500001000
090600401080004970043000000870000300065000008000080000020000107000800000054970280
030009000124030059009100000710086000002000800080050173205301060000000900600000001
000509006075006203601083009000460805000805791508700402700900620000057004010620350
000680103000900000460700295604010080701000634080040700840163507010205849007490310
000029000027061000100040097079000020280906300030580060002003084000000072804250030
038040700007000100041007000804100009093800200000090006270300040010070000300400027
750000600006790834000001070100500708000008010407036200800000000001807463600012587
007000000630005040509408030120904000308261090005783621960040000080600407700830000
060002000190370800000000306000508400000023000500001700051630280000015000003080005
060000000000004800000008029090706000008000670074080000000829730031405080900010000
021430065308006010070091403007000000654000300000564000280640107710820034000170000
000009000000000000008104070003072000042000100500810740430290861060000025005000000
800010000000000087000300000000000520204760090010040030100405000000001050009600810
682000004050900000007000500804060010530000008000048005000090003008107090049680007
100000006000000000604810295006000000001470000040306010000000080000098524900040003
704000000080100000003054000370008201000305009400010037037509080000037000540060700
319005000607000000054002000270809405190600032540307081000173050730500600900200000
048900002602000000703026450001640000000003000260098030000000040106200090420870006
740800005000000203802060100000402000068590002420306001090100008170000009280030000
000008006000030400000620300000000608030060000006090000008006000000070003090380004
400930070002000000030052100100300050007064200000000014805001003000273000070800000
007005360230100000400000100000090700000038000008010609000000800000070090029003010
800910530701053280040008179200000008500090403004860900913504002450070001600030045
052000000100043002000002600000009300600000058001000000090000804084000100310004000
045806000703200000000013040000000186601000020000080073000000050000000200002058760
092050000000000004007200000800400009070002618020180743000800100200360000003904000
200019037100005000070426008610000050000250800504000090000000000800572100050000300
950080061000060009000009003000604000000002000200000630020070000800100000040900000
070520030009000152502390764000030000023000070000050210400000007208906040060000300
060000007509000004103705800020000700850003090000508030032917068001850200680000100
000002000000807020020000070010200000290080000008001205000008030000005006006400050
240809700570234901800000400029070004004092867680300010405920008000450000930000040
000670002890031000706000000008090060003006020160050000200007085070560000600000000
200950000080020405049138760100000009024890301900010006465089007000500000003200650
600080000859000004000000800005070300060038050080092000130000500570600080098000100
010030700603709100970005000000000007300002040007004908000000070045000280809000000
000000500004001700005070460650097243302605071179000850006509300000000000700000195
000001050010240000050000009300000100700050824028006090840000000530004000170520008
009053002000201987420009300704300001000070860630020009050092700307500290040030600
600040001081562009470108620000370806703000204800020013100000030040700108000016540
952360000000014009174500806015000068800140002090080004509000187781409020306870000
300005000069000203000083000402500009970000508000700324140802076205970030690400000
000100306006000009180000007040680700600000945000900618094206503070000000200507890
405091008190600000080004100960400713030060000000030900000000000000003600320000501
906300007000698050000710890694000070058071964012009008060903725039000640075000089
708006540900430007000870010610004800049000070203060000000009300006583000035210004
000000600000000073000300000000000000009600104100900080060054802000000060090706040
305100809060305020104900503700049300003751942200000100400037205002000738037002000
000009000590703200607040009040000100000000080000000000076092038000010000024500007
170852094000390710004010800840601200000205000025089600013000008090140007650028140
000060437008034500307125060006008740900207100472600800069483005834002600720010000
860100250010020300002030700000060020000043079796510438405700002020004000670201000
002080760001070092670000831456920000009310040710054000000000050000735600500062918
500069013003050064090312000000007406070004001040003000000806100000901002000030608
000000000304000009027800300140003000800400003070900005902000700700000058408300900
000307040046185003003690000020019300004508020005060090400950700509873062708206510
090000062000062000002090001800604900930000620600030010050176000240000076070040350
002008070900004080083190246008700002000839060100020800000500000030081000009070000
091000206000000030000670000504000600000001000000090050040000009009080302600000400
760000309030007005010080640007250091600800403000473200091708000070004912406000038
070526090913000652000931048000002370100003000030648005001800006000060501200005980
700528010090700500082019043040002001905000872007050000000007100058000030000000096
009000508050912040000650100098000630700005000142060005000086000080020010000130070
009537080000806940680400050430275000520960000096000725000043500005080070304050800
090070000000002007700300900350000270000001040000200003570000002619020000000000090
730000900600000000000090070010400700204978000000300000000020800906050001400009500
104260007030015200090003400020000000380000720500090103815040302003580064069020500
300540000050186300800000495007060000280397050640801003700050100500614082100200509
009270000002160300050003000400800200008002040327000058070006000085390604200010090
018200000500080000320900001000006040070320080430500067003850026007009510000070090
000000000302000040000900200060500090000060000040000000074395000000070000090021487
005006810326089000180000030250003001400200000003401507670938050504070390000010002
740610059000478001160000000000800004207001590001000002004930000306752008002080003
000920000000000025090700160038000070700010006046570010020000000000050030000000000
050100008006000000120000754000620000000700000089004016060080430000006000570203000
000039600006000901030000000400900300000000000008610070300500048560040290000090000
390700800007000300814009000040200678670304050900800143020000430080940500039600081
498012300027600498006009100000128003000000964500000201609080700800570609005000800
910020006365000200240035001100840030000003190000019428031900760000276000706300000
090026000610870540380945021008000010450602790039500280900000000046000007000000060
350049280000510700004080500130020608860370024400600370000000007719462830580007402
340000000960001800005000001050000000403187000000000040000008006000000008100050904
900610000600500009030900106000005800000000700075000000002000000400703008000090004
850010003026850090710006008400900726070430809080602350503040000290503401100000000
200841607057903008400760239040006020020104060800000941094008502006000304570400080
070004000001092500020007000000403000004200780092068000409006057700001000000000010
600087905800259006000000708206730091000000000300915600750600000002043050400500060
870000064400002500050000028039000080108070005000210090007000800081907050000801970
000049200000580000800700000974820010200000790000490000001003400640008009709004851
003000000600080400000001058329007000050000000400100900040015203002000070715800604
903000010700060000000000000000080200000000030002100059000004900039500040460308020
000040000504003000000000000000600005008020070000000080000402750200100839005038000
000052000900000752050009006000000000000800503090003020070648230032000600000200000
720004000036007400400368712680700500000000130103405090010072040900103270250000300
000608000760000000000439860030090000000021000900000000400005000000000020620010004
310800000000090000029361004005730208208000760000084000000000007030020000050073000
570020060009000028003060100960010032300600810158204006800300500000000000700080003
256004000010037256007050010140309508009568000508040370000000790000083400020791603
007800145504000000000050000730000000800049007400603000100300000070500000600010000
200398000070002080030000521000030004900000350583009100300620810050943000702081400
080670019000050000700090000000000100000700003000040000007000008005367900049005706
170309000030500000602700009890054702217930004400102300080403120500807640006200080
069040000413720890007000000604010000002850649578009003305078900006190002900530760
005009804030842007008576000020405710090008450064700302450010030389254071006900000
000004085850300900040000370200106000301008000900527000400753009106002753000009800
046009020008400000900000600087093000000000048050804000500008000000736050070000480
000000000000650100650010000080005612000260007000003450500100040000074060000006080
000810000000007020050300610804000070397048000516000800003400950065732004040609200
000007000000029074000080592010260000200090817050070030920000000000000000000000903
968070030030009047040000000600000080000800600380020050010030806000060710806000000
000046052000000407000000038000460080600100000000000020004000090000500700800000016
000000003001043508003000020000850194802000007090007802000730000089016000000000406
006013000070294000000000037000650000000100009000000020000401000107509003050006000
003408000000003108008007000030000719170030060000000300002000000040000570800000006
389001060014000000006000700070000483008000052000840007500009130002004000003756020
010000000000000800090000000320009000000001300701025409102546900040078100900000540
000135680301986000800072000097000000003061000610000000130000005980007316405013090
800006000060000000000080000000100427200000000080000609000000040400065010100800760
004312850100600009068004010200080040009520080870009025640000530080067002001830760
090001836600900040040300290980000600420130080306090000060004350003600002000510068
000002000027500309500003270000710036090028507050009004000096480109084702008050000
007000001006478000000000084000700840900000000700000306070000005390006108000000000
400200008080100070760380005034000980800005701007928050000002000200090600395040000
309000800000000020008392104900003048030000200040020001090040602014068300080000010
030080950040000082000900070280400000000208400000007200000700009000800030800500001
072809400104672080009100007000003500003905700915467008301006802506008030700390604
820064019050000800001078465639020700182007003740090008074035001010700500560089200
300800000002000034006000002000070341000008007600400000040030000700090003000000009
000000003100050800004000060841000000030000400007000306065900100070010000002000000
000807650900600034206103800805360000190582300043000000319078065700450903000001280
080607091900380460640000032100004900005030600004090018026000100003000040400513286
028010076900670000076820015502000040630748500800000000254000083000002009060300004
060091070180207604720000819416000000000000106052000798007400900000006080090370405
000080200094100608670040300000800000103067002040000000800004530000090000000010420
600080001807000009010904700008000005000490000300506000400000006020009000000000000
704005000008704006060008703200350018050680004680000075896470031000000869500000000
006000001005000060000000809004080600700000500031000000052100006100000000400902180
839040000072080050456010938000030005001000460064050097040005002000093000615820000
005807002700200900000000300000000006040000000870912003020750001000000000007000000
086030047000800201000000850638010000102000000059000400810724605000600080005080004
000000300109830004300000100000000000400300007603027400050071000004000000900080000
000200040400600000002004600004000000003007410709001000830790104600000000200000000
000009000900020080000000000008090000000400058000200000410002060600004020207006105
657000002902600800800900050090050080084700000160000003000000008000000009320097010
000008020000240000247000500000080740470310056506470000795120000020000000863000210
003000000507810000020030007000000905000481000230900408060000084000708160000100059
200001004000005230040032076900000050600750008070000013004000000020000005000000001
000200030000070061700196502287009056439610078000007493000700019004030000000560800
020306004000009800086005000641002000000041005502008000100200048000100002203004000
000300027008004905007150000170500004306802000284791300090000001800400000700005000
000008000030000000000006902000700300000300040080264000000610020200090600010000070
000900700050000003193087000000092000200000860300040000006010900021070000937860000
804730050000512800051000000708300012036109040002400006029870065300001420065290307
000700080000030009100092000030900000840315000000000000007000010900000000360100020
000000800057000230814300007003000000400600000000200000006000192092763000000000300
000007000007000080900083012105002008000130204072809000620300157390001020750620890
200000009500069071003001000000006302300400006000000040000203000900500060000000923
000900000065004700902060000049020008608100270003608409000001040000000850001090020
000031020130020400600487030090650040006740190340192000408379015970200060002000079
002039800506010309900005124000900750000570000075060001293000410708006030000392587
000040008000020406000900050560487300000200007084039025008301702150000080200000530
085600030400008000096003180000000000900400801001000000048950000010060040000804019
000910400000000000012000830008000000029000050000008000503000000280096003006503081
000000040300406000050020000076902001009000560000670094000004100190000000060000000
000000000000800000031000078000900080690007205800500009028400690070018004543790000
004216073612078904000409012080100000000702305060000090509041000140800530720930146
703009000000020910000040300000865043007200586860407020050070230000310000302058400
209007600735004890000092357070400280000005031020030009610900003804003176302076048
006000020070002069100496500305901000001004000060085000000000070040253090000800000
720034015156007900400050002080090100200000050000000020070240000040010000013076000
004009080708200000000600200600000035000003806590000070000700000000005700070000050
000031000000000075200000061500000009100800537090300006905100600000508010000000008
075402090000500046020000700007090080010040000000800070050020000000000010090175000
060005070800070460003060020010050730008610004250738010006302190000500302382197500
008000002000065809060008000300500028827394005016027400000089030409600000000700000
003097825800300900904082100406009080082000007000030000001905038038070259200803000
090000006060000500580200070031000050600579800005000000700000204249000000006900005
100009060000600518600000020010007600000803000927000000002000001040082976700001830
000790100000430805304000007803005009000084502650900483030072901001050000006100000
507004009200930000090800006075000030010005820840060000006510782008306190009008000
000061700100000935007903800014520680005030401800000502070006000000075360603080000
090020000201630780360087005400300000180240670700010502040090800010002000073100000
164072803000000010980000257670200009840617020030894761000080000006009108000705000
009000000780216000100040500070000800000400200500002009800500100001080750007630400
012407500840539026050000070081300009000000307004600800000010034090050001000003005
140300080000900000623005490300258000917003520850019043000500310401000950700000000
100000509030000080500680270800000401003104062419208700981006000070453908305809000
000024000000000006000000410900000000028050600000080005000001020009730004014200000
000010000060807924070092000100304009050100240040900081700200006600040500205001030
007004000030690000602000400200780000001400900003050070970040632000020000020000800
000903024903020000020706300000007905000009002000004700140000000600308001300040276
800000005307069000002350000000000809090001300000000100030004500010000000000715600
000600080060800120900000000076900010002700000000140300001387200050000030000029040
000059130060203874300007506090300207536700409170900003409100020080500300600870045
500000720030050000860020450700005010450018002180070005900000204000000001000590800
060472000427803000030100400050300600000040380008600005582031004740520901900704528
050190000109020053060405009530709604008600500004000090317000000006250300200300900
020070409140000000800941060502700004000280030007009000000650300200100000050800000
020003900400021007070450002000007090000000004085140000500000670716000009000000803
007000800000005930010020000700000409006094700400080000000001200030000087000000003
054968300000057608800230500000020403007000010600000080006002000200580100085009000
000261003006000400000000012003005000012806057000100000040000000000000000068070004
903000025008540301200100860109300258036820910000491070001900006090050100805204730
400000000000050130098003607000009000301000098000001400030200800185000000020010000
002695070050347000000108956000903814408006700037001562500000608020009040741800305
861300254240001000000400010000008490300500001000160000020006030500000700006903002
951200000403100000872060000045791800097680000080003001600030180000000246710406090
601000000000600200000007001076803020810005040290406100904700010060132090030000000
604005090901674030005001000560130940100008050008560302009050183813709006000000070
530082000001006350000050200000600003080000000493210000070004060000030400205801000
104000065000000100050040900000037601003051480610400237067004090820000504501892300
109000000000003500002010400000360100010400006000000000590006000000102900000050080
050300821218095000600801495030000004080900600049650000405000180090540032307180046
300820070025174900170309020000003840700000002000748100506002009007036080002010005
050020716001548000390600005400702160000061453006054090600000901017000530020100600
000807300978300000003000000001000000000102000000049128600000500080000006000000207
000450000000103050754060320002080000080600002000200000090010043043700000608040000
000592000005000080000104095000005009200060008000003100000007006000400000002608900
000743561000090000704000000000000009000004006000070000000900410000015608000000030
009020540000030020020500900000001000000300200503070401010000600300000000090014000
040089000530067008010352746000073060900001007003000102000910023000005691090038500
640000000003918470800700035300059000080003510001007023400672050006530900130800700
007009000800006400000008000000301050000090008000000700000047900760003020001052000
030000004000700806068900570073000000004073000510004300400050900080400030351600042
700490560400001800600700903057248030080009000090100400003010200001500380570800090
002401050000020001146800300360570090000610004457008610210706005070905100590100700
005020000010030902207001400504970010601052097700103200060005004053047609002096000
001000000600900210000012000070500030002400000000000000000091000200004090010275400
008709560000020009000063804000008007002000000030000005000001006074900000000002000
408010000070000006000039042000008200090401600002563009000050000030000060289006570
508009000420005700907020000001607005052098070000000100630000910009030008200000000
056120090090000040240000608010050000462000005070000000000008921680000000000500000
347029600008004912090000400809000000756013090130982007600000109070091800000208000
080103650001000082006082190700000000100046000000027030002000005510008070900400200
080003700005000800409000000700000002800930000200000508000009670002600300160300020
809060002073050189500000060400000000730002010190870006001726500067000000904030620
000050070001000000546000000603710000070020000208500000820600001300100082415080906
005028003000907268002103590700004000350000000041005000000080300000009000003506020
005013060010040005600580100000802300200130600001005728027094580493008010050020040
100735800000840000204061703307500200020103500400200000805000601060058000000617000
000803090692000010013002004570034009020500000034908670069305002281060040305280967
010000000000000009007491008060830075740010080803004000300040006106027000000100700
261008070009201530008000000007000003000000007010087000900000000005000296000900300
630000200500000000008069000950042003400680500860590040007000000000930010095007806
000080000000100500030020080408060702003007408092000063306012070870000010209000006
008000904600394001039201000940108000502070300800025009700840052080000690051960480
008972401001036070209000030903740805005000147007000923500000700010080000000200000
070200000208043000500600900000050007007100000004007000010005000000030100406700005
018050206002870000000046070604000592100500060925408000000000100876035904000000687
014003076200000000600004000301000654460080290000060010146008000570040089900000000
000007800793080004000000379000000421000090600870042000481050703600010000000306040
020030007346010800079005364001070005708003000250640700617892503030100000080004601
035890007000420001004000000803004025079215030000300090081649070057183060040000810
632017000509000000100004000406008005000600000301009040000020580200080000007000023
200067980000398000308040070605970800000615739973002000000834001804126090126050000
000010302024700000000003000791005400080030019430007500078300000053906107649071235
037290006982140703060053008296004805008000300003800029315007400000000030604530007
210400090000089050860100003900351800784090000030870269490060031602710904003900500
004103960138000000906045003600051009010830007090600050009200010207000096000300274
407100900659300280012069003961475000083691000005820000320008000000750430076000800
037200000000100060104000509002000756041000082006800031000000000060080100000700600
000004710000100903100000004021587039000069102396012800205030406000251070700946501
500000000907000264426970000300841692200007100800000003002630507750104000093085001
000100060700040080600028170100200597308009006000060038001804029400000000070005040
704000000810950000000070006000506930390000000060000400002390700950000062400208090
040602800301070000000138490900407021050000046674210380007580030490006058800309602
000070000908534260027189043104760800000890004289300050365027000801050002700008600
000000502800060407040002900010700040070008056400150093030000000060010070784605310
500806704074000360030000150067020090001300000050700000300000005005000800782541036
020050700000170329107002080050217030200000006009600072002509000006021095598000000
780019040090400006000000021810003007000820000004006180620100030009300060000002000
003080000058010000621030098006000000007090320010360007005700900000008010000050030
000000810016030000007080340600020039284073050739160200060300070903500400075046900
107802000000003075006100800700000600600001030903004720004510000278309010500200300
000050000067000000504037802000010608000090100043008000000070051050346089700021436
528004100349610000000052000907061800054700620612485000260000000090000038083009000
500010000083650470100020005910200000008006709006090024700000000805960040090400500
400068100083001000000042803030407520250000014170000300391204050002050001500000402
005100000260750400400030800190300700000020000050901034000005080006879340900413020
000080713700520040006000250560300100408000560097650400370001000021000370085700001
400060759000000200905030160007520000002000800340670905760005000250103090008700042
065870940491026308000100005002090500604208000917060002073904080500000713006300459
030069000790000003082003000800350000000806050005040806003000200078005004009280100
006103058200067314300002700000000809005098601070300405580030040002000900063421500
830695701000000000005201000000500000060007050080000240050700400002000000010300590
380006020200100706060000130009080360800060950003900000095012600030000002120670000
090037600300080040062004500219345007000800090000020304500001430943058000620493785
000000009100006500205901000050807030786400005040509000063000000500008340010600052
000654100406203800010089000095106008641000970030590001004361009100008050829075603
006018009000003000080040635000080006000100070478620050005074000240300000000850002
009000002002800065100700040600001020000098350001000090904000213080210000203004506
500960100730040986060137200004052398080001600056089400307010000010000030020003001
036002794002400630407006200970300100360001500021905403058009002010050040000003807
030000006000003409040020070009060001000100000170000260790000000060210930001700608
582600003000030000000080600000407002020006000400000809000153200053200000060004000
050006300000000706600040950006135090500800670200600105002400009000010000015000460
100290034040005060000480000050670083208500090009020405314950000600000009007002301
100000063635004097070003804010000300807320451203400009700000900351000070009672035
715063200090017040060090751000706000940000070657049008070008002500000890030105007
000000960280670004067540000000000000042300000030010000008000000320000010700080000
463070000205891400801063050047509000000100070180340090000030000002958640000000720
050806003034290700060140920600019050391520800000084000000401092406902008923750600
002000004600040000805790060020007005000020001000056090000000300000000000000284007
000765109056941208904000000000000002109080005008500090300600924490300710070400003
300040001001000009400100052200890005105000940040007000003060890007300000620700000
000000050000000006000950000020600800001090270089000013002000400000080020108000000
005000007973654020000000004500200070317500080268371009850702090030000010721000805
000000356000000090700030240010390000000000003083000000004917005000460000000503000
000670180690000403085000090509381700010704560740000008201940056000013070074860201
000042000002087600000000400000030000401000700020000004010090003090050002056000000
001000400024001000070000000530000000008600000107050800009000001700020080040000925
001020300300050000290030080900100872000000903000090610000000009008309450000500100
509003120000000036300170000000006000700000000604307091400000013170000005800000940
700209000000000007068300200907100400000050000004700000209000000000500000045000608
000001900000070008000000000805000002060000005000005100580000243200000710000003506
000067014031028007000014928300009000927000103060103279005006890003801050089050400
000002000050600300000034805006498002000000000049200000070009000500726100000805000
089104670060080201004360090201640750005091430003070910008950000950400080400700509
090120830007000010002078094046001300108700046305000008000090060060000000009600000
400000500000705001072004690804169030735248010900007024250001367307500000100070200
000907000000000806530000010040173008000460003713000000075200001000700284800000005
501283009300769000000140003296050801004801092100090007820000300075300900000900576
000010000985003601007890432300908000000130087000000100609580310001000008052300000
000600003093008460002103708406980070005406800901720300800007000010800000200314009
080000013000080000050001800614000000075016000000003060009734600861020007407000209
000001305070000004080402070900620017400000506000014938041090800002040000090258601
001009084006800010428000967109200000042083000005907400000328170510496032280700049
043000000009000000000304900020090000000402000000700402402060003708200001605800049
008000009927001600060700301000240930093010400042390000000070000300080040600402793
075219340900048050804000200402600070007800000000901000000080000710090000350060000
506010000078009530092600000253000009600004000849325007784592300360000000005136780
670000080030406500520001007001600000006000010005100000002009076910068005007000900
876000009901800020005900000000000700104000005000002080700009800010000300060000900
000070600735400000100298070820000000000000087040700030498020156070600940010009000
058000204000047305240058000000400036002060010060001000700030650804600000610000840
003280000004000936000003008006008350000095460905000780080501094050609807400070000
000000900045031007100000000002040100700805604304090800036012540070504006000069700
000009602009200000000708051932067000000090000007581003000000006000020000004075300
007009465981000000456072000608400130023900754705001000000043801300000096010695000
000407090030008460470000008047201005000600000600000230060049010020750000390010006
600400020000003704080012906075060408000800072800200600100080240000704050000005060
009003740325000008047600000000007419030040080004060200070010852001002304050730000
068340000390250000075180000980024000702010000650000724026800000400000891810070062
000100005020400000090002360200010059000050600985006003000820000010790020802000000
300000200005000003002960004549172000207300045000000712024018000860000027050207060
000003005090006014004000678056007100783041906042609000060138420029000031000904567
060000000002000030000000057009002004407093000820000000000001000274560183300240000
000300100105090000000504000000160000800043000000082000074001308000030070000000200
000000040009028571010040320908002057006090030001607800000289003092710400137465209
030000297000010860004000005010058409000001586506900713040107308900035040308060071
030402070000015090715030040000890000800243750243070900320604010180300000654100039
590120300000600010080403900608007590450860000073005000005006008017504620960000003
000300060020719053035000100010000904603002070040107000351000700000530086008000010
267003000019270000504801007900010006400035080080000003008320000040100008090600340
000100793900004100050700042002590004040200000090040018009010050004805006070960000
000400000090000075075896100000219000009500007540000019700028051028350060301064020
008002097000086000400057030000000000040060013002570009000000000700000000083701000
054900230000075000009030000093752864008009000027060000030047190406098020980000647
000007305400290807087005096098053000000460908000908053200600700000000600860000504
980040000000050090037090206019600085300705120005109004043018000002073000100960473
740160500200503070050400026605000081021300090004008065500004613160070802402001057
801506009005009000092080070506907000000000008130600000020000700618705340000042060
900310405542087003306000879005400038800000000000000200030650902000200307004000506
240005800030400001000398720004270300001000489003084100000539000002016930359840617
425090317070200008980031400000017500107900600500060004013070090260083705704629000
000500100540000000000002070009054007050001000700000502000470801070000000080005004
080000000063102075570309002026001000407600000008000000002040030739006040805907006
706050894900076000020000000050040060600530040401062538047025300065309017000410600
010230006000000000050490070820350600345900102906000034000549000590608003607103400
380620040000040378004000020400710083000080456200056010100007502000500064003004800
001000000300000000000100000000600000490000800000582904054000300002400000160030040
000009204400060005000000006020400600000090408800630520050004000000070040009010000
050430217000000049043107050075006090300052000000900572130205964009371800008000700
070100208000082047200000000090701030523804000060005009350248700700600004802010005
000790053250601400400050106700013608005006009008020305500400902804239001032065804
060201000049600201000400600000930012603700850000000000010500307906007000000100500
400083020060200400100009060002090306900000002016400007650020730738500004000300600
000608209093000006000900005500006900600400000000705000026000450000804000400007000
400000060600200089890007040145038006000006004207004000900003002526400073708002491
043007006806004000070000043400000000900000060000000005007035000124000350300000007
070030010380006790200900800700000046614009520852000930900050400140803005506014309
620000100040000008000008045203540006970803001450706003062004509000100000500602800
060902000003040160804710320000090800009004010000500936070100200080407690100000570
700000010140900000000401000000002004010040000004593020000004295000000001905000300
709050200050120409108000500912000005800010000004000000507003941000500800000000000
705030210000902000009500030860349021490000000050700900000400000010200308000800090
029000006010007000000029000206000000003400760085000900000000029700900010060000007
072009005000070030000000006000000540000860970300001680019028007000607004000000050
000004070007000640004030000800013000410000000000809400072080910500001000000002000
000200840000000050000000000000321000002506000000007000185000703000158690004030000
015087060870030910064501800000070059000900020659810740090100030501000090037040080
805200100091400300003006080000000090058000000000000000300891000000020000080000036
173600002005170000609200300928500063010364820360028700736092008001000200400800037
050040000000008400600790200120430000040000600500000374000009020201070590905000740
700603020090475013136809000020007500010382907070501000560008004000000000300094750
890040060003000040500063008010006952700200000000000080600008000030071000008400006
206890430031000000000000050970010500010004000060000008080000705043705080000000040
900060000300294700607530090765380109090605280030900506140050908209006050070000600
700300000000050008000670009100080900900006000003090006000040080082900010400060300
053040710070600092002078000007005020014807030305000000736000840500481070001030059
000020800000510000510006000400800006003000000602401300245009003080300000307040980
870000541093400708104000902900004010001803000502100080005008000020000803300002000
000037600050000000937658020092700815700005000005092760040070006006041270070086541
671005002000400000090000005000058004320016000750300090209180003100003009000200007
000005000360700000000000000000600410407000000020470000130050000800069000206000800
046700000008100507009380000260000870000000002000200000010000300004050020005600009
806910030050068000000503080500007008700100400910000673007290060635071240020300007
409006301010050060002300905130000000800400050096000010200540006960002530305060107
000080904305900000000006000267100000009000003050049007400000098500470000030000000
970024000001597040043106070100000300094632087026018000000971400710240630052003010
609431802000900341010080090003810260008000030206300180000000020702500418401070900
070210098904530126000040050702090583005001004040000001000405700058070010327069805
010030000000452060000019008600007034000000010000000056008001000000903005009040000
001000020007060040020401083019040000403000902000029004760000431030008000000000000
700048100468030000001972000100000070039780540076015932600004010900007485000093720
502300004003060502100085793041500830605000940007040000008910050406800310010054008
500040000048100000000003807490600000005087000087000530800006200006000408002800009
000407900040023100090100407007800200080050000025604800809300046000540098004000000
000042793280907060000605080007000042015000807602000000126704009070093126050061008
000091007809070654030046089608020735000007068300084912401002070050018090000000040
050400081020010006000965007030009705740120690698004130000007010579040000210830500
849005603306009500200006900702003800100400097008790051034000025900021406020004000
089321064000000050000895013700030426903000005204080390300054109000203540470018630
001340070090000080700000034080400060000100045030090000010004603960000000500000000
003000260001000930206493010800000420010042000000000070000008007675000080190000302
200000001030000052079000060000060030000000200003700806051046900300000000400030000
000080000069040000780269000000030000012090300037812006004000001026054003000020049
000001402300400600200609013000000000762008040040200089401700938800100000607080104
040200930000009074309740020000000300583407006000000709000600002000005093800034007
607050009300106058000903000870009100053060007100748930060400200001680504009312700
005080064800069005004570000401200609000936000309047800000090008058600407040800020
040000000300080007198670030004003070030700600709000000400062000000400000520030000
009342080081000040200180950532010600017600000090205710100529073905073060000801500
030005901045102060012370004050000006429010380060508402603904000000003500500001630
000000007070002003035790024000000630000003200083020000060000300000000000020501780
000102000430005000001600700000400005380200690000580100600000019100006080007000000
837051429500940030409700500090000060100000375075416090701260003600098700003100042
070006003500000000018305020407010000053070000960030702090000000080020670040900010
060140090001070000090000081000000004904000002010000630020050300008900100000610500
203000801040708000000000040006900502000064708008000036907051020080000067000609080
150600079836709500907250000005016047600400002000502106400970210301864000000000604
500000008000027500000000000800014000031200809620008403000700005000009360070000900
146000000798100532502000040901000380405007001387961000000050203203009054000270019
710039000500042070000000309000000040309005100050010007200100700000050010040000020
000073000210008000000061000000000000000300100000000870000780600600910008708000001
619004027400000001000000540060080000900605000000200050030900005006300009102068000
006000010900650000830000460007000000003080650000040108009003082060000091028010040
000700000006020900003000210000000000100300002000600000300260097090038020021900000
060054008823009005514000900006000200050830000071002680190008006600005800040367590
000000040000000000000901080000010900400000000096030000102690070387005000040000001
007010000500076100891420000308100604006083519005000070104002980089501062200090451
003790600000503789008000030326905170007000958000107200709060005631052007500400306
400601807075203900916087420700030000004900000000870046240000008093000270001004609
010040700000900106009600040005024300207000060000508420000000000004000008000010000
000017468090006030600020001100050000005000704009000085900000050580079140006000007
300200004000000600100053000018006007000000003604000090061000000090160050020090000
480060007730400005500030200106953002053200600270100300305097026600010700097624010
008610400006043000400800006010900520003081600040052000300000000701005080054030000
000700241306120000000900037065007000003801090100000070000000000000500900009000080
030018204204700001680005039000000400000037008073000020000000047000000002802000390
040000000002400908908703040060078034800002500000000000003200059026000700009030026
000002003040000900700800014600005007000000000000900002300000070010690000050000096
092706380000030500384209167840092005020007841675084900010000000230070400700600230
038400602700006183000000700040050000000082000080003000000005000509000400800004090
200000070003060510100009600002010000030020005001403006010500002000090001000000000
000068000680100370091703806000906000000802690000000207000095000950000068010680009
960715000010230806200908071003006080090003602406800000000000000107000004009007235
006000000509004860000002000060009150130006200000050000002017000070008000000005317
462080070017006005300000406003000142124600007570000608700200000890000203000809004
000000000000040020200379005807000002100000034050000007040001708000000000520008003
240005106600902300003070042000801729168729003927003000096000010010007030002000090
120903000039000020070000039507001000603058900010360587760025090250139000301400258
910002000040951020000730009430070062069080050050200830570010003002040190000020005
020009600940610280000003400600000004000104000010006732092001008006000500104060907
105030004624080930007006080000000000008300510010800463870043250309002871206178049
000060900000080060000109080090000010008510240000902800000091400000000758000000000
069013020310782950007965001000506000000090000003208560006050043000600105051000000
040075080386090057752608000075800000038460000094017802800040005500000704000302968
010700530009000006850046090592000000706920001138000905000079200960000804300810609
015000003000003005900205007000000039178600000000400008080000004000304000000000000
100500040900604300000301090000706200000090000300000060250460070000052006800107920
038000000006803970009000000003091000050380009000000028000000000000000007090070004
800497000940610200065000794000740800471560930600030000010803020204006058003000600
040000010100000002070000000000008600001056240060000070000000000809043100000805060
052008690040790325009020800084000100130849206060350008006100700000007000798000031
708005020001000090050000070025007000006000502490510000000000034300900000680030050
010000080004000000970000100100000020060029008009008600357000000600007000400060530
071000000008000700004007005067000500850406090020800670000308020000001000386720100
005000670072018304004000810030005080060104009401002007700050900040000000100809020
480701500610029308295000000720054030068002950500006170930607000806200403050090080
000380291030200670000600380009400000007508109200060430490000802000002046180000003
130504970400800000700000245307162090004003600200400807073000009502900763800300002
002600090000080000900300000200000080853002000000000000005203001300100070600007000
706301000000002006000065314890020005600403800000800672100200007040030069009504003
025460193931007486804009000219000034008002065000000900000005000502074010070001050
500000090003600001201040000058010340000400000040500000900000000005700010000004630
000004361003000004007000000002000047000023000000400200060008030020010000700000006
513270800006984500800003706065400030000008005030620900470000050009561400000000300
450000800000004000000180054061000000005000109000600048700801005000035090000067001
036904008410005076000007049004090000207463015005700030073000000600059783952078401
009040020000038600607005890003000700964000000000300900000000000470001000300000000
032006890500070402007400501006290000009130086050760209000001070010607928075902300
500000890000000157908001000700800000000470900080125304000000000000000000090080000
407060590800951024000274608000010000301009072000080163009025000542830900000090240
000540000000020103000080000900000000000058790500090010610000009002001070704000801
001000000000040103600013275069000000000090732007080060013250609000409307040007028
002005307739162050000000100090006003008910060406030970980020005560000700070604800
051023960040060100070081320004800500100005400300694708402000050000040671010050209
000400700000030904000060235100800400400300508080600100000000010001058000670013000
408007060170000000006080030000020004300000000800304000780013090200040003000200000
200530000064090000800067210000000000073001098080300060308000900000000000050800000
008905000900026070320010004800092000500630400030870000000200700050000048000409000
029030700500104090170000000080040903305001402246390010900807104007400609412000578
102050860504800701906000300200000080400508072658900004301405090009201008000000000
870600000000100002520000000102046008307000900009000000900000000010000803004809571
008002050074350869003000070000000030000030900030000200090020704000010000000090000
673001000905700040040005306060000000020038000398607005800300604700146008000502907
000000100000376408408100000000538020924000500003000671009863045000000709000000000
030000000060800003780009020002470005000596201050128734003000802000735600006004307
030000070000000005004000003000200009090400007070690040000040002520067934340020000
645071230800000004000000000500000010060010090001000040000420100006083005400100983
201006000000004102070900006067000000020000000049000008010300009700049000080000000
679130000301008796080007013900000004130045000000890301090000402043500167016320900
500900000743500096000040051000000042007180060600027018076050100800000020004091000
000725000000001002052040100003000007500070403800030050260000390030006008078000005
200905100009000020000000000002000900190273000040090032000100000063000000001000200
263540070709002510105087020300020001008003000520010000600230105400008760051000040
000000300020000090060089072007050003054038701809710060000043210100000000000290057
003600000900000000004000315008050740360000000000000500030000900506092000000010050
600080003000090000000300694700250419005910008401800050000600205060000930200100046
070012040006000291200400000807590030004000100009306027083107905965004700002600080
300700080005000020000508900026100000000007002704000090000000800050004200000801340
000003520008060100000050600006007095920600000031000000092000703000290050500076002
001093000000000012400000000000009000000000049590208060000000000002037006900800007
009000000100070000700200000090000000200063541401027003072300104000700356006004700
006000500030102008004000621348095007000000040061004000090001300003609004400530200
400000067007124300009700200000090030000008925000003080000800010748050003150060008
000000043020308756803007009008000030090100468230064007000509002380076000010080670
046000000251070063000003502000204080508397604002805030004026000007000000625000340
002000000506800040070200090461500000000000061000060900004008000217006800030700000
027641030500782064400000008275816040008003052000020000009208000041900820600130597
530020000008000200170400900900261000800000620016830005020000000085009460000002000
019007045080400000040096200204603070000700002978000100400070008005060001190058004
020040080000678100000100390350064870000810200008230940004720500017003460905406710
004076000000800506500900042000000050600300090005200080000409020093720060082100000
940200018380690007000000960100705000050020040238000670005372800009500000023000000
010600000328010000605308000403080160006400008280190430530070940000060000960000807
019280375073090860068000910100653400630000200000128036020005703000004100000902050
000870040500000080010000926007004000905610000000700409000000030000307000070020600
004000000800020670070583204069700000000900080000002000040290050000004010000005040
600040301040700006130806000000000508000008109804000000000090003090600800006082900
073000659008096040560030208031200960005640071004000820007000586050904030000005007
500060007010050086600000200007010000100206000006000000060790000970500062003000000
064000000020609005001007090500072008080000020010006004132060040405300687070050213
008206503621039470950000261007060020000000806406100300100003080374600905800050700
800200000200900000030047000000008001421030087580000003042090350358004069009305002
030870060007000000065009080000798600000100800800500312000900000000200003003405120
284001600096428510710600480043210000050090348067084050000060000439050006000900820
900010306503000100071506008297004035350000604000300709830040061005090000004001083
000268900400317060826950017082000030640700820500001000957180040010640509204000083
070000460300002800900034005056000100031520008000000000000203080600070001005410020
030004170000003000508070320754200008060045010001030540329008051000000800006000200
005470130002500900974000060058003601601857009040120750010784093407090016000000080
690000080300008206000009003069400000070006030034010000007080329050392004900700650
006000013053000200728000006001920007537146829000750000010000030894037000370560000
000002000005000002892000000001580000000000001376200000000900650008007020904058000
500041800400000000806700400060517024000430068020000070251064709080000600003978050
000400002005060090409020000650800049204650017870094635908540000002030000036900024
400538000000010300830209104500000000007145002003700015700001040054027090009450280
000008000008709004060104020201603007007040680080500240000000002812936400000800006
020008000036072001081000240140035072700000000600029008005090004004001600009007135
850200910014568020320100000081056000000020001002804000168030000070400060249080573
200100506009860073000730019001286307600070900047000008704001032105020090800900105
003509607980060420107302895070000501030156002001070000320605004014020006500410030
000007000007003025043200090082670010000800069000000500000041208200006401001000906
000009003090000487000478090300780000000200046219060700600850000000900674000600000
090060000080000002300007901800003700000000090920670180000040508000700009008039020
705080090000007000006200075003000000060020009100000000500400908000070304000000050
000600000050090670006035010100072060003014000700350001030700006000000790000008000
205360009000000502900005400400000620008000030006000007040002300000140270000600040
003010009029450708070009000010000500000090000002504000005000040201340070400000000
005189000000320460007600800746800020501003706003006500000500000090000600050012300
080900712000270385000000600000010000103009020800000000200800000000000230000123500
137008000400073080000469000003080000008000316009030000000040000901300000800000500
810056039079804500250000104020001000000680007005020001000000670040762003002193008
900072008008006307007185900000020715032001890015809002201000000089034201003007509
910067850850000467000050010604000130109024008500030000090700300380096045000081000
007000285050906000001005000602397040010020307379500008040002139006130000100000760
030908100000400370000603859601307000058000090900800000302089000090000000145030000
020506089987004600006090001400368290700045006000900500000609072869000000000450008
060470000800201749009850000000004360000008070000012000186000000020040816000086000
207910503900040000000000000096800000000000001000004796035070600089100000472009130
085040206910070000020800149200090001006000000049760032001000005000080000508010007
100600509000081070736094000904000732001023490000009085609005320540312060000900050
001400090407039025803012004180060903756004201049100657610000800000601009074080000
000020600705000100640900000080000010201080060090000008960015000013070040800409001
380000500000006000000000070000010000500000106006090080008002305100009000064500000
000300040000000503035000670009004000007009000300007000000903000090000100002080369
000080260200300900000500710009201007047000002100048050026074590070005300000603070
000009000500280003009050040950802360000040510030590000100003000095010000043905000
510600980020009007000000000903807000060004008008000403000000800000000300032008061
060409000200300090000000006009006000002000004030040005000000041008090002300014000
000501730000090006000040200010070002300020000020005000600004000400230618930180000
050240018406900007891073060037054082200390045500000370100005800000060001082019053
009680070050007900270000800000900000800000009000806020000001000510020003702040000
045000090016504087000000000080000203094372861000108904170940000400005000000017000
010072450009456830004001070050090640000085090000040080690500028000000709000009504
170590603600002050050060102090620015007145090010900060006250809040300020020080006
000040786004000000080100520002000000610905400000000600000000000067000300890004000
001004002000000005023105084360500007804200009000000300000703001400600090200050000
408000037057200000000500008000806053090002000080000720040000070000000406000008190
090000000000000000012080005004002007920078004087305020000007001000000200000000003
080005000507610834900403057031800070002036040400007060200301780005962413003078009
800015006706890000005020000003057008908040020007068400609000302001532069002009801
010000048804901006672005000061008304080540010430000800500602080700050061126074935
001004070703012900009030025070000090000000010108459607000925060092000000604008059
106000008253090040800000300709000583005007000624080007008060000000004875000005100
065002800000978000789540200007000000800069502050080976008657003000034080000800700
000500940800000012003010080610800400000000107240000800004651000930074600561300000
000060500000000300800000000008200130306040209500106000104005000000800000090620004
000510097700003001050070832075000000018060000904000750007002600000050300030601000
382040000597000000040500030039008415054709806068150073016405002020800000400920680
400000070008900001001007300000086000002005860680203150900000480000000000076300000
000000800804006700005480201050204017307090002040731058000002070120950086500608123
510000006340005800829400007004819632002007080900320754070050068190600470000030105
090030102214905000060024908000041000020070300031200060600713020900068031073092080
050194000090000385002003419000089600000006020000275900528001004007500090001607852
568020900000009050004056007000375009053002180400600003070004805640000002000097060
007008251025004000603002400062050087500809000008030100000905000070120094000080302
200004913000600850000910007410000570706000009309006008000060001830702000000000000
400890702000016980805000100108000204053700618704008000600030400007240060001689350
900605008800090003000780200000027100010046792079051004002009306634208000105460020
000000000000340000600900201326009000500203800908000000009007010013000500785030900
009042350010000000056890004000901500000400060000030190930010005070006000000009070
002047691100035000048000000870019002900450700054078009601000270005004000420080003
000005010000000006012376400090000703261003894050004060009000507040008631000507008
000870040000020091000951700005000000860214000410009070000080000746000000500040902
231000085000578023800010906000030698003809500006250310512900800004700050678100409
000704600050009070000005800035000087070000002000000000900000256002008341410000008
805060090100004002020900054900050001000731008310090500030070000700645013450000009
026000001040000608100000040050000002030010000000405730000008003300001200080000000
030600004080200100000000000090805007006009010000000029008002000000086940000030000
000000050015000000364025000600000008100087000800060000000700004000000260408256009
090040000008000000050000040010060209800030004200704000006000900003001000920000080
060507430000038109000009020183690270472301090590004301009043010000000000608900743
001000070007190080300000000005061802009008003024507106402080000003000000070010538
200100080800209005100804906080007091000300000020000038000000000000030000000000060
007000090900002340403000701100020000000000000004790000020000000700000080005907000
094030007700904000306005001008050034000340006002708000943607050000000060060080049
000001020050600080001020370000000007006700000000000600400100000018962043600307051
300074500002000008748200900000010389160003004809407005906008050003052190520090000
500907000060024015020010900005030002000091000030000590850079643040050109900603000
200001000080500062005000000800000000600008050000006000306005904000603810010070020
070050004800000000001080000600040872000000500090078001006824710000007000107006020
109030000007000500306400000620104000714090000908000004863050041000603000000000000
000008300900020040084070100029104000100067000006302001090200004000700000050006007
000935740000060090093007186000702000600540008000090000030200005820600007000004020
000000053279506100300480002001700309030100004407000015008010000002009506703865021
040000070037050801800000004200500900000004006980621700008000050000240100100000080
734500000006000007009300000000005200040070000090028700408130029610200800000704310
500000806003860059080190700035007084890351602060000015001070500008000467607580001
500098603000000000006500987002085170001020004058910006065070300090006008800109000
850000100700000000000021008000407800009210000200600004020180400008034000000900601
683125000400083150105000600800000000200000860730856210040067001500900000067000004
000678000030100087007300004670980400100050908090000700020017800000000000080000001
000300820000000006002016000900000070805021060020000008070060000000170093360052014
082190000040300850070250490809000305016000209700902000100000000204006000008409000
030000029000009000269008000580004932600002850002500000000006080040800000823175400
000070000500804060670920840386500009010492630004080501150309086007001000940060010
851032607069180000024970500007859130000704900000021400005000064002600709436097020
640508030520030041037601500090700150002800000064150800000005200080300010405080000
800003060620908700075026000003050000756000043000300500000400300030005800100030600
907540800000100405000386900040071259095060700000005034570200106108000340324600590
083000600409003100502000030820000006094000258600025040900000000241006580058041000
203040009000908005090530010400000000329150708000203041001089004038425176500600890
600003000900060000000204067002001905000000800001005000036000009209306000548000310
007000018010672500005108060050000070078026009003701006409007605006004000021000984
025000300003000109960000528008040700000108004000020810000802093100030470000054281
023700046000469320040200008006000000200570000000008600010800460564090700387604019
400500000300104500257600090104025006500030800600001000000260018830000060020010450
000000030905000400073006200700451002000000514050039000000000106017000003002007900
610000070590146008280900000036728054070450103005000827300000090009010080000604302
759000000020040005001750000403500208006007430080003069030004807875132900904805000
030840700400001200006000000000100000040050029000080040007000000900000000100736000
006480005900000620050002804000000008709030000400020000090000010027000003000000000
008375001000201000014000000043128907000500000100007530060090000009000000020000000
000500704005042000020810530000400000001068053000027900040600300706089205800254607
046205000300000295500003000003700500005000000907010300000050000600472000150030472
000000089000090564009006000921800000080000001000019800000000010000900400006020000
400703100090456000020000400560030904084007031201980507602010005309040600845000309
231090070070030805095604000004060008300450002002013000003081040500020080009700600
010000500057032006840509023000091302179000008000600010000040070700913204600007030
070902408000030259000860100040170092026000500705096304407010800159008743008000905
287415060000080510005300000500900127001046009908000045003892001074650008000170356
000300020407010000530004000000700000600090002005106080800000200000000008100900007
274590600000020000005010700510702900008650000300040056851000400002970000009005002
130000080020004000006000400000058104078001006001009050000102040000000008490065001
608020003004903076009076421503000000201305007706000085060000209400000560030008704
087000000300800051040030802670502010802040030001700008026050040034006105000000007
105690040000002000400150809254300780076005000000800004002030400000000600060000100
000210004012050070654070310500047193008301506003605748000009000981500400000760901
900030000800600300000000000300000070500000000000003209030501000000790060270006010
083700050400010970000502030308604001500009704040001000201080040879005200050100090
000003200630070001000004090010000000080501009060000000070000002056000000208410060
730050000100607000008000000400000570320060090560904010000008000005400630090006800
200074560000635201500910407000001056048067000700203000010050000632000800805306010
021060005009004063086005204000152640205000907860937100007400009002080071938000426
129060000003780901080001300302650800056849003000010600094030570601570000075090136
120500006050060000007204508005000600000002153462100807206401309008706410501308760
005080090903004826000000070020300100071042000300000000000623005050000060600090708
050604032320005614006032000570809100408020007061357000030068000084200000700590408
760000003000000760000000049428019600000603020037000000085001000010200085070000000
000000950002058000005000000400009081050000000000500604000002095200000806000000002
090100054700006380018470200060840070400597000050000000801354007670280000504760812
005000040000000000007800000500037001720060000000005000600500300009400000800003620
100000076000205000400700025000600050000090001700000000000837000370100000000009000
006080004010000005030065002004750000070621000060043500020090050700000008051200040
003000005059002000000950300090001050580094013030005009064000000800079006000400102
400800650008000904256034801907518320005020000600740508701200400000107000500060090
000000010080400000300700054130590062200000095500004080017005208000971500604000170
000000357070001040002000809004007003030006000725000000016002000047000081000100000
000005090000000000100020500080701400700064802040038050020080900070019200091640080
006190734030020009000000002190000020000800090020300007000430005000006000300000000
500060900000000520008050003000000000090000860061042007280070036036800740040000009
000086210020073009980001700030709140769010350004005697000000970052090006007608001
400080000000000950800070010002038060000004090380000000000063000207490300038000000
309780601708006409501000008290000040000030007410079800076000392000860510154923706
204081006518000324700043000940000607385000002107900005000430780800600543450007269
804570000000280500700009040100020070200057000000013900032040006405060000001300850
570001400610090070924000000130028040080900500040513680460000058397100260851000090
000501780806249010003768294000803000097104035000076002001080070000000300040000658
000024010001300000002600005000000800060003000034009050409000000700000400000090062
000024000568090102410000000000400006906000000000509007020000000795030800004950213
310007000000000000080000090000500000008610000001000000000004000840100673050030409
600001375149305006073820000200004007030000690700000134000768009012403060067210003
160000300000201950500430602045800060300076000600000030706000103210000000489300570
479800002000005497305709008010300000000000023900000501000084010250070840004501730
000009000005001000000065007500000000900700030043600005000100003800006070000020148
000000000900020000021003067040002089600147305002600100004000000005710243709034056
700003009960100080000000500000710000030000000270080000640090008000000000020030951
000907140069300800103028000070410300004200576082600010408752090600800207257006400
278000000004001070531200600029063800060000400857020100080340710046700000010900340
580023070009050200034960500968315000050702060420000103095230746000089000002600000
080005070500000080071820590020460010800009720005000006000000009000000260009602000
002030001071050006000100000009000360004018507200000800728006003910802600400090200
005089070004001900008700005000010700780036200251000603490065000002070000500008400
000200157070009080008000000000632008080000230000007000000040020000000800092078001
001002308406780910830100264042008000000070800003905027265407009074001652000020000
010400320530010804080530000360020708800004251000800043200701086698040000000608002
085769300070302050400010000000980047700530908806000513947100080500090102010050000
700000902050600300083090160300089070920051600075000809637940200512370008090025036
008100070200756080607809203010970000009200001482000590100000800090008000823561709
008001693060570412200039580080107006002800104000900800904386001005200068006010240
400750093650000102900204060800021059000038010020975304205807001008100605001560070
600930208000281600000640050800470025490000000005800400500064030009508146100000000
003040010004000002000200009056700308000064000070803065208309000005476081607180053
000000008080000001200800609069000005050070012400000000000310860030086024000092000
000000960000200807200008040000000000020870300503000600057090000600000094000600053
000000006480000050069000408500030971017000260006710084750320009601000802003090705
000840030480000502190027060000001000562080010000002000000130007720000100000270450
013806040050007100000903080039100004100500320074030618792300065080000002600092800
031005806040900107690071000070003000003654000000780001086097253910030000300040009
084000509230000000007800300490618207723040000000003004006050090000000000070000103
514080003207000000309400000002006050070001020005008000706100580008007000000000000
200070000900200840400930106095010408048750230020000075000046009809520000004807000
108502030000704009307010562050620000083105000276000005810056203500073001002080950
300640500000000390020010000003876000015000087600002040000000030000300070100000050
050000093639005007800003410005724900000506270247098156004802560000470080028009700
000000100000043070000000300000000900000004000870059000389005007000000004654702009
090000206604980300530000900900000000200100003000020050762049030000000000009500600
060090000000020600020000070085070400000000806200086700009050000052000300016030000
000708536000000000365420087600000972000006305050200800006300010034070600107000000
000000295052100008003090104000000037075429800108530009539000780400701000010003642
000096084082030900060400050007500006000002000600803190315004802078000000040000013
650037094480516237723890000060001400000689700170000080294060370800370042000000060
008900004040806293230040000000308941023409750000000032580003067301674000076005310
070600050300000406000000870508400090700310000090050000040003000601508040080020001
060000000030290000501403006100649000006005030007010409000900650009002000000001300
000000007003000000000006000000200090009050060200397000000983000938000076040672080
000030900000060800005002106050004000076090201100780030000600300000300000200401080
000000402500004000000183905902010050070000004480050000720600008803000140004000007
030020400000010300000000970400000095005070100300059200050700600060590000070008520
006402580402058000058000000020089610501720893080500007093005076047203058000047930
070003800000000700080250310103080075007000000000500001009000047704096000850040000
500020360100700090200000005007509000326107054000236008730000240000001589980002000
007000000820009500400050000080000620002000700043002010060900000075010000004005006
801000502000090000364002008050207000900000217000040300100000000020700900039600081
000070009600000780758961020000050041006100000004000508800403050075000030043020006
693074020007120906510000074830741250025300040070200300059607010000093087000400000
206057140370180000008009000009000000020003007507840000003010002781000050402900781
420700030100420000000100000007000040580900000000060000009040000040000098005010000
000005040400006510000000020608159000509037000340208050000000000050070000000601000
000000007207005000000600358050100003020500106010030000690750800080006000370000962
145060200800001760000030000000682000010000082280005490620853070001000803008104906
597001630300000000000060057000206000700000026200089310010000065423000190075018003
100237586300568490000009203003090007906000000720080009408920700007006902200750064
070901032000400800000000000500000001000000697600004000304086100000000008008090054
402305060007009000100420070000650492000783050600204300004006000020840630503010000
006080491000004037100000080000045000301800509005060720200408906008610002019200804
000954307273001004540020081000809073408000216005006840980000060607098000050062008
607000905000000413041090000010900000003000000070400209108000097030000600050008002
400920017007004029820003056680000745705006000031507680004060293060000070000470068
083100049020640000649000007090030000006095830830006000760000302050000000300760050
400005890000200030003000004000040083040003000000000072005000000100507308030001207
300786000600000002090003000860000320200000000405072089000035006043007890006800400
003090000700053208090064100029070000405320800070005320532000041000640002041030007
900830165501920040800010270620790000009080000408052937080045000290378401104000003
500034000006980700020050000000020000100040860008519070050060080901075236032198057
503008012600710043010000698000000030030080000006030005350064279079050804864200351
900007000060000400000005020489060700000700809000800060000000001006070000701300000
035002980102000003960700104006270040810500000200010069681309072000407008407601000
600290104074685009030100000000308000001004002002000040007000003000800007003900000
000095400410000020000714360008000700009007085031006290005009106904061850100508940
780005040500042000200017593000700000000200900000060180000050000042170650090000000
000490037800270060002100080185900720067000903009702000040029000903010854710045300
014003050006857009050400000092530000035070004870204030040760981000900342109002700
000690780008014096000500000392076000687000320000903078000000907006058032120060850
600004030000003206937020841009402000406310005080090000713250408090046307804700000
075003024642000000080046007934762081008439006067015943053000010020008000000000000
500007000012350079000061000105000090400609000000002038050700001000000050000000007
710004806204080701060079005540360120007010000190000000300090008000030952005046007
638004005001000072074050000859000001120080060400007050900000047005076210046002580
006103700041000000700080300400062000009350070207008400038005009090000040500200000
000700802004090067106000300240005736763000009000637014080056000000174008000020000
000416500000095007508073000059000810000168200860950400000301900040689002000527100
000209586000710009020006170000507010002090650050032000061004090200985700805000000
091200000006700000000000070010000006000010400000000230070508900009100050000009300
000100800601004300740309060009536000174080536365417902900750048000040000402600050
065800019209607480000002705050000002000920100092501030971405300020719506046083001
200403697010006280600002314501904700700105400039000501050609002006008003002050006
568000001070400850000560007241356009006000000090041600024030900009000500000600402
160350002005920007082170300030060010006001000010080790020007850070830600853602000
970060200036105009000080030060000980025090000009000500000000350050002000007000100
900508000000092000000030020000000590080700002103050407001600043034001006765000010
917400000406023007000017050008560230234108060569034170305002690002000000091300780
008000009000000025025009000100000000000004000080003090000930040930000000042000901
280009704050040000700300910000908500000705406000000003300470080070000009608090000
625031090018000050040000301000200816000003020072100000097010008000000100006340009
040970008009002003520364709080010200000640007107000086070000000000090000850030000
008000009100000600230000054000000538300062000001000206003720080009004060800600902
690050720203916005400732001730009086856047000010508000009480017000090038300200059
050270080006040000000000000003750160000600349081409072009100800102304057008500000
000060004010000002009000030000194000070050400104070050003000009900700000500001300
470000000090020701800010030000570000209000400540290016954000108020701004000040003
000010000090000020670000030043060072000800000000020403028400000000070050000580009
000905000070000098000030000700000809000490300008000260000057036500000024601009080
000040132010876450905002086750004061032680597180000024500060078000425010000090200
000210800080000129009000563500004086004806350800000010900705230020000675065021498
004006523000523000325080790950340178000100650870609002002860030000004800700005004
507008002200571804089006075740080000020305000350004289675040020094020000002050901
007000030830000500009000000001000000260150903003000050000000100000000005070091020
300970104400208007090040000250097000160020079087010532000400300000060425502009706
000000000085000000200000010000000009800900301000160002020700100410852907000001008
000000700006070080000500010000080000400005020500092840000800530310006078080103000
000005008007130029000000400038000095000597000009683014780000000000000160010200007
070684031006000900501007840405030708300000405000540009000000000080365100090008000
040100090090043100005090000020800000079010000004526079002037000007450002401600937
000000906002000030409000070000005309600100400520900700900000020000000510000002800
290400607030710008600802034170089040000570006980003005753160000420307060800000750
092050630000000000045603092000065000371982400400300908503700004000506009009208003
064050080000008046290004030030602500000000970540007600315000462006305897800020000
030010609004800000000946300000070800097268031206005070700090103600301000010050090
653100402000040600007000090060800700040601028000470300090756100070000240138924507
000265031200301000341087005008000070000500016130704000009602040000809000610403080
076050208000002160280600005090345800000008700000197000007524601618700000005000070
470962500000300710008401029000019230020700096600503800030100900090030001146205300
600080010009310050307002000900008200008060005060005030103500804006000003004023506
000000380000090000008000060690700040004369100800050036000006000000000000000000027
600400700043072001200050080400080000900021600152364090529010408060807002004205030
124000060670240000050006200030060051500300900000000378015009000080004130000103000
009040008040000000000905006090260000700590002060380400000000000001000600000020000
052000090080050700000089004900010000000340070045960100001030000000896000000501000
826900004503000001000054680054238100600005008000100400060009840430700000090040720
000005030000408000000079000001000097002000006000650280100000009090007600000000005
100430007004000008007006900010000040009500006000900000500000792003007050070108000
000050460700601030641302500026580007407926850083010200000800010030000024005000389
105400300402063900006159042000802030060040000827016504009000703500200160073600058
200500000095010004018002050050380120172050900080270065821000500500000040764905810
600040000000000024204003160500420000103965000040030900005270000901000087807309605
000005068030000900468900005800090500190000800007003106759380604600000302082014709
300800400086045020000930000000000100000000000000200800040059007030000000200401000
000306100060001080412000039705960000900218375200703000093002710170030204620087900
004806000700924580006701090300000057000000600000000400093000065075090002002000010
120000800984003057765904231008070060000406083400008005050640098000050406007800502
170000060082000043450000010000080007008206090007000438030012904000509300000003071
465890000000700000273005800020400000000958070598200000030500000600080000000374090
000076094004003070071000000209800007000000060008000009040520013005018000000600000
020004931000009200001600080200037000910205040070000500002500070080790602030100000
054106000300000060002087409001504000000000040000090007400050018810400590095000700
000508009009640000005000000000000041000100630940000000100080090000300057850420100
586302974030090508000000020700000000600003701250104689000041800420709056800035412
000019020000300195009702043400093200000000070080000000390200004020000360740906510
300075008000360040005901036753800960029703401010009300290006004506100029007098603
809270413041800002006341508790402030013090000002010900680124009004935006030000000
809201006070809400201070309090010600710008942008400000050080207020053890080107000
280000000900100052304852769000200085508300000420000070000500608000400500100000007
100500000062179045503800001401030027600700104700091000000000000256000000310206000
821907456703604800400000039002005100006823090070001328010000005930570040000000903
520948007000200940804600005005100000030450000610302400002000000076000800180700004
809003602000809000013020000004290700200738000000050009002300000340500908000080370
410800207900002001075614900100050006050067040000001095647090030801020070503000819
402000610900510004561403870090130482000204067008700501310800700009000043070341090
072036049060400007401000306900000000000003500015600000000060900250300710009174000
000007004000600000400003500000700216000260000600000000000000000708000403215406080
010002050240870031070000024051409782020000490000708000005304009092000300000007008
000000000260507084503004000306000001057040300010000800600723058085610700702408019
020000000700600002030002000000050936960108000070000008000001004000000000000004209
370108000080400073450000001004800000000000300060000407008250000200000000000003000
019300508000020000000050000901000804327486001864190027092040005180079430030508702
964810075000600008083070096090000800200900600316008009800457003000001704547309180
748531020000748031030629700050904000000003000803002904210097005400000010005200407
900020030003000008000030017020000450800050702000002063004006080000049200060305100
000497230007300080005810947040531069030080400009002351004003000070008600000000023
030008500007000000800009300000720400000403001000001025003800950000900207000007800
002100800040060170031090005003410009170080000005326010080000001000000000000900008
100920038207005006305000000070561290051092307900700105000200050500040002728006040
009000500560000000030000009020700800053800900840900000000004070694002080000080000
010360705906200410020184006040906000000730000070428690000870000200041009000500007
017205000050000000390400020829000564605002000000600082060000450003540096500000308
036000000790030000400007000003005000600312005008970002000050600000000500000000000
500400708080950034100002500007000803460001000000000050670500000000060345000008090
008000090970618005050002006604050000000060903530000060000106004000000001200400709
017340006040960000800710350000096010000234060600001003300000000080003000004080000
078250943430000200000934067701405639006100450004693000015040090040009500000010300
090000002000053860008042500983400000040027009700000100006370910507000024800260730
000000200010370400300000000000500000000003000060840370086190000000000009079000040
000000708070003005012800000300040200025300941090752083983210006040675800050900010
000000003000005870000400000003600028000004009802390000720803000100070000000016000
001200800009700003026840005890104052700025008260003007048000000000418070657002401
060027031075010800000040500523600708840000009900704020600208053300060000702035406
300027906009100002278064003006008290402000300080049615830702000907016508060580700
007000309000000001004000000000040050080070034000000000000032000001400800832001090
530000000410900200608320004000000067200017000000590302006009070000000081070001000
040937200000010073300000000000000000090000360400500100000895000204000009900021000
000000500008000402406000970050009604700000000003000009004050000070000248000008100
008010604060802003510407008900030005030500090640080000300000080800003000401008030
070000006605200090190040372000004700000000018004507000050900000001000000080052000
200000305000200070490503080603004507000630400841000206174906000380000600000008741
001029007269000405000051690890000126430100070012900004304000080106090703928030000
000030004040981003000046000400008070020090060097004812900400206000000007000000030
069100700280900103000700006000300000000000602058602000070000500810260400300080060
954000030007004060600130590701305020435000600298001340009210750503080200020053480
020680000400000000018400030930706500000003070001004090180030000000008350500007400
000000030001890507070123000784002001200010078000080620000001000060030000030740210
020170000017000002000000000708009000001000020050610000000058000206700800000302000
802050000090008000005000026000284910020500007900030002584100200006805090700300508
000200009000500000800139000000000050000050800345806000560000000000041005000000002
508000010300008060407000500670190000080000094100203670000000002000000800001052046
302000000100000200060020018000050002020009004000006000050000901030002005010580000
501000000308400000000100000002004036106098000007001002009007080000300240083000010
080000070040000200050000060020900003005030000700008001800001000400800010000403020
800006291060190004900007003640000109000000005000071000000000000000010047090030000
000008700000060409610400000000007000900600500100000680008000000201005043009803000
706090251050607304003200607000730020800009065024060000005000000010506003308902070
865000937003000200040093800000000003008502001700008000396850072080210300000030548
008030261000106904206408307080040006050670000002809005000000609000000000007960840
730008920060009400009000050001900640000006082000801300000000008000090000000080000
008002430040081700000039001020908000806100000010003000000006800000807520780000006
020010700980026430014980600000400000730008200052000000000000080000200004040870000
056007300007900150004010007002083900060002003040600570000070409730049005000065038
004025100801000023025070400480500001096002004030000005648200010000003806710048950
005901070300405090690000000000108700900200050000040000507000060260307000080009000
003274600000000359100390000000000035060050024000040900090030800010500073300020506
300006205125390000067052000710000490940701058030004002000000060094600000670030080
000070000300026490009350000210004039000210006000003200000102678132007950607040120
000000000030400006020000000003000005010300400070510000000000001581900260207085040
080705004003002100501900602000300409960100507035640010020580703150073900300090050
090000050071080002000000000010000000052300160000000520000060074009704081000001600
021005000080609020649020507403000090890000000000096300070000000068004000904000005
508070003034050100000000050000000000200000004047826590400083200803012040102740000
000010720705096000108000004000005000001020609000000200003080000002600400006000000
470900000600105040500020000000000000000002000061000904000050003105040000030200008
800000000900000002026040087690000005000000348400000009005002000240000076000600000
006200040000007000003094800000075001000010304060002950000053000970020000000089162
309500010007609285002417936000300020084000500930020071000700009500000067670950002
000000697000000000120906584297000310080053002031009046815000400002604108946080003
000002000000000000000000000000508000006090000582103000600030005207000004940205680
000047001001590004004306000040000965005004170713000400037000800980473000056028007
000300420003000000002057008900500080000000006360802910004030000026491500000620000
300000791500007304010000500000002000263051000005000230800019647000006023670000910
408100632060040057700003900820009703509000260370206405630800500000000800982510076
009000003300207000405000007003906000050800700000500380000300000530068040006020005
421906057600570002070100000250600009300890000008000361082001070003000000007000034
816900070000000500200473081060007000057040006038600700609000108570830002380009050
730190846000600300604002000079000032063000184018003000900801403006027000000040209
000000003038690100401000000982007000310000070004500090000700014600040905040008760
074908000068010473012300869089000300000789506605043000407800030230400000050200700
210400370037001048004700000001002030003170250025008607346017900098604001072809060
200000000940300000000005000065000000800530740000100306000003400000907008000618000
500000030006000000000000200000000100900000806070006023300900600001000700000060382
280000100000040300470000000307806540145032800060000023000001037500400290704080610
000140039030000000000390050701063590003000107000270000004030000000004000000050000
900013040020095003000640790000008400000006000064000008700000069040009070002500000
000981504004000010809000703298560100130800645040010290001240056000000070056100080
200480710304500060000900000400075020900600008070009430003790040600058197107246053
013000050029000301008631000300000000060824000040370000000700500700150009000069078
070010030000040297060000050000702081020891000010650000050000000600100000001480020
063700951200000000000003700000080000800007490507000000080072300030064500750001040
800504690104009230000000500002005104000100700410092853000407080298000070007920005
090060700000049020002350010000000000060000400008004001030470060000583100700600000
809000020064005839500930160300070000601090340205803001756000003000007902902300000
302105000651008000904000061700000003023600400500002100408000010060009308100000000
000060207060000300008300090001030800000500900930800010000603709603090020704100605
096080300700004190000000750200040800030801000800250034001070063020930500000008020
000026500007490120200080003002300009508000002000002000024001000700000004005200000
003000010004208500005106000000001050000000900208090000000000004007003095502070000
300900800000001000010034005000009081005600000700500000000006000000000050030080062
100000000030000000000500007680000003042100709000043000000000918400008070000300000
564000070010207400070006000140008520700560341605300980090040708000003090007600054
724000000600009240000070000571000000432007000800200700000010000000320070000605802
009250684510600007046900201023010009000072500160840002601093000930000100000060493
030000560065100800028560037300710006000003012207906003103008095006000070072000040
103070400080036500590000060030047020800002035001900070200300700708060010010000000
080075049000000070017300026009000001076401203140000000750004632090032087000007910
003460708000030000000500329008094000051000000340000000064000000802046007070023006
600040000410930700000060040000023000905100800200090070090400310504300009023689050
004000836102830400000070000306027009901040020005109600000000900210900000800300012
000642000975381000602900300406000800850016000729050010104207500067090000590000267
670209080001050020090014060000092000500300006004000900900060005000980600006025000
870503000109000000040020706761400025205700308030295670307900000610387090054600830
500042000008000040070680000000000094400008361136004208080100407900407020045826009
000256017000039000002700004050128730000000080200000450905000000070500020600007940
000900600000037098020560017092750080003092500706803900000305001000640700305001469
500600010000000680060001000000300090009504060036209000000040800000100000402000039
005397001000256000730148000000003004300000070106002000900600030000010000402700018
000000000007009600654007000760920000021080700080000020302000000070000500008076002
610047003293000000040000168021460709009020684004000000030700592002630007007200000
000809247500427031040061580806005000300000095095000806060500020700203008000090754
100006004026009007000170002007602000600914000000000000063290010000700009090000700
028000000000000048000400015062000039019062400547010682200080500900006070084900306
040600007000305086600709050831060700570801020002004018286097501090050800003200974
005000000001860590800940002080000000500000000130780600000650040050000000009003000
060000090009602000005190000570009000021000000003014007000520070300081025050900180
000010025070000903002000007700050000009630000000070500000060050005100608080000400
400397050810406300300000006008740039020000080000000740000000904206000500900500260
010000080602478001000000000007080000300000000081900700020501093040030800000007000
009064700872030004000000301658000043004006217000000000906000030000002400003000800
080109000009607823407800100046008012201090000708520060000200041194760200800000006
050006000640007000730050160007015009006003050010004000005070382020000497070000000
407901000000200307205400108009000804100090030070108000590700483003509276006034001
902000340000000000040000000007400108054000200000000600009027000400900005005060019
802000000006070053043600000000000245000000600060020000000000009204000060300000820
510000600920040500600010002062407000000000705700193826006001200000000000209600003
204007000700800064008002000040200080000009000000041632000100000000050400020000800
060208190094003008000004063010500070000189056006000009905067001630801900001095007
800001067000000000000040130004000682200900070070000009000307006307000010000000023
450003209310200500609580100800000091901620070700000600506001900093065700100930006
020049630090000100736000490900300002340006809205980043480627950672000004000038200
900807105080010000100002000010920004030100000000300008479083021000000009000049800
000000000049607053000503001493060578057304002060050000930006000010275009500800040
245096703007000006000000040806000290150900000092000001900000020738000060000000000
000003008004120300700800021000950000400200000015400000640002013391604280520010006
050000006008001457600400020500600731030000002000713000075200060060037200000100003
810900007007401509050726100003209000090067013000000050000000000906100000035000800
010000000250040090040000000000870069000090030001300080032007950560030000007009040
980562071001030506006000800300006010020003968600001034069000000412078009807695100
650034712843100000100000004710040230002001096900008571001560049006089020000013650
000400050010003000000090600000007200200960731701002009003009070000070020000005000
005301400208576190000800070070030001800050900390082054180040360030918502000000800
470063800050700000600000040000081500800000006000000189106050070000000600730000002
070935016390168002018700000903500000056002049000003051029000008060249100501080904
006057020450329600009100754002018006600700800018000230290800300503200008000000090
001780003362004000008026100800000400200040538004850000523600080087000000619470025
030000900020030540504027080000680254000370608081000000400002000050000060000010000
685410923000000000090085100973026000820100709150070060060000080238500097749238005
090000002020000070107200309000020001000004000000090000073008056065000804000002000
000075280000004130040106900300009000820000060000052040500400000030000090070000000
000030700960405180407010096209640001674000023010200060005029000002060070340000010
800045030700000020005306800004000200900520060050004900000000509080000003003000040
700836205000005079000100830020491068000050000910060300006504900809623510045900023
207090006035721000000563000070000053000005001000910080000300000000000000000000368
003060050000000000019000000040000030908100004300020096024600000196500400700400600
028009400900600000006025010469702000000003600315060802804201936002300040690008520
030200000000400600008003005000000020000074000069530000700040050006000900014000000
000009104004000000080000703005048010006020009000030200007800031000150020000000648
200010006000700400560080090800901060040030000000546200000000075051600800000100000
000000410000000060000400500507090000483070002000830605000000000800906001090001700
003020400010000030000780002009078300102509600000000090004900000001000006690031205
416030800005980000092100050050000000004503080108070000500009610001050290209001000
000000070070460020009800400002907080900080100506040007600210098203098050008054200
010090000000001069067038015008123000050800132231070094043062070870014006000000001
300070010010000700080000360023407000840009600000000047000000000000040000030700400
860040007017586043000021000000000008008097510150863790306900051709008030080630009
934081207025030016080020340050007000000806402007009560500490001000500920090000700
000000147000104806000060005730000950500000061641000002004092000250000000070000500
000002600900000000010060050000000060020300010080020430000250700001006903006000520
089724000600000000704000000007040000000835000000000601000070800008002070071000200
000800153051900000000000000000000020129080000000201860800020600000400070000700005
309008760020000090050003002100000007000030008680000003000000000060090000093005000
000100700709300005001004006490063070010000603600001020104600058900030000005017060
080000060000690000009003750094000000513006894007048000200060148000481000048002970
000600084756400109030021076401007800600102095000008041568230007302010008100800402
040800002801030000207040010000020051060703009900105037090000000018472965002000180
510902000836005400040630075390001704100500023470200001954300807001000006000087500
060800412000060980090040007015200879080500320000700100304000091159420000000050203
350070618000300407070080090016093000000020560000500709037000906000005070005007004
070691054804007016900400070040800700000004000020376009000048000005700000480520690
000052070001006200300700004000000040800003752460007000000000060004000007005070009
040000000000000000026540831409780300100302000000904000600090000000100250090470103
610708539000539620500600000845960170006000800007850060409000280301007090270405010
060800010730000560904000030500107090000050000070649020640700000100000000007000246
004000009000042007001600080208054000740001823010000504002400010100000700000095000
820576000075400080100300760036009000901000370008037000560004007380065000400783000
008307020050809000003051009400130290600020004500780000006500000305090000200608103
140900007000014809000000002004000206000000904010000030490000000623000000000000000
469700012500049800003051006004000203000020000030064080080000000900000105050400000
408150000037004010005372860503460008000018300000230047152003006689021070074000001
974023000200105740005704030027600010401030600008900203100000020009002060850010390
004050637000409000500763094300201070912007340070000000008340050100000000403000760
000501000106800240009020005021605400890010050060000132040050807670000000000700390
000100009150928000002000400040070165000010900000000003000200000000001300000000004
000400080590073100730621045002508070360200000000006001401907036870300004000040098
031070000200000501006510007000090005060001300010027009020040008008000704090600020
380092506092400007000000900803060754000003691060000200200609375600030008700000000
504000190060070084090005003700000006000163000306007020000459800002700040000300000
000438076000000000000000215002000590008905321000003604003607050100004768786501430
650007048000360090170000605000030900008000001900040302000003060000609000700000020
600080001050009006100460020376000900501030084400901003084000009960000000000600800
590370020802500470000800900000002650020006030000030089000003800600005010200008000
006300000000006400040910502002000000560000021400100000790825346000600010604701008
000019080800700400941000036003090108008005000009080000000072900237906810090850300
060000000920000050310500200000200800001690000002087005009000580050946000003850000
000000804408000000000584090000309081002640709007001065040700020309010000600203000
036002470800050000020000360004300000000090507900070000200040903060130782300807000
100000002792000000000090008000003000800500703000000000300000500000000230001024807
008700000314080000000340002107208095000905704006104300800526047079000250062007003
102008005060700000000000000019600000000052003204910060000070009000529010005000000
700460053009007000000000007602149508805000400910000270591032060060910302280600100
000019030078025000000000005001070940050042800402000573000006250500000080800007000
010300006530000010607100030000030040098405070005000000700091384003572100960000207
000982067007000200008003010009260700000010009700400800003701050104529603952830170
037000580004500300050000004000002100502000700000090002009000800000009005100800649
090008100001900056068000279076013000103029600040780310085004002000035091014060508
300000240842300100070804000280940000100008400034000700000500000006000000000702890
400107090509000073030500068000000000801000209090061350750040601610000904000610000
509070004600050000001060209390780400200000007800004000002305000003000000000090003
000607154400309600000050029005000090090006200000803070000060002000030005500012000
000169007702040000000000800030814070800900000000205410503090706027000004090620080
406008309300004801051003476298007000760015098010000000600000905100589632080206107
501000800879100602002978040008020700006814325025007010003001000007052900204069007
700450900000080000000000004010000039209015840000002017000060100300000005100070060
090840002000700500700510800009000300000098007076300098000003250000904000000000900
030064782020509040104000000900400001400800000806002405300640208600000079000097050
805006390040390258009008016074830005083605041060040809210900080050062900090000002
004290580000000040500000000023010800900006000000002010000050100006020300300160000
000500000001000050000201004007000060000000800000000407000026703200003009083000046
000100026604000170801000000046500000000640537005000000069700000002000700007200000
040083061900006047000054839000801600800200495070500310050490023489002056020600904
503902400001000080902400073000040006008000397000300200600700000010035720700004030
000839400700020009000000100000085042000603980090000000006004000400200308007300500
493560021000040685608072009060701890009600010300400000000206070000804100106000000
002300010500600080348001706269830000037000602050000000400020000005000004080400009
632501040000006010000904060304065100081040000000809002015492070000058900040637581
520600807300870000100000630200730980891400700603918020430007008058300070710509300
368429000020107060000060020002900007010032009040010030603004190280500306090003480
048000005100205704256080030000091302005600891010300007067400900000506000080003500
800000004670004080004020760900302000000901830000060000095700400006290078000046020
006000007070206309400801000000100068109607530600320000068002401700000000900710006
091000000000004900604001000316980002040006079980200100800060730100050020002100090
030004200000300000000080053000000705600000020007000008001208000760090030308075090
001006000200030600000800403002000700503047000400060030800000000100070350000580000
000980000000000700213000090070006400904020500000040200700000003000000008000090007
560000801081506900000018050746200010100764500059103000975002064600050203023600005
600900004000703201340200908173000009800000007090001000000060470000007100000100890
800000060000000042000000000030008510501709004040500700000407001600090400080610000
010200500072060090000014307000501002004080009095420000000609200906100003041738065
305107600000064900800095200000080300700000800080009100008003060000641508641000000
169000000027580091580060200001000400040090030003045910000000000430956000700000569
060007405009608002000500006000700900906000300070400120000006070000002500000000080
731000900509100080820000070000300240050000008002608005000004030300000860000539020
374800006056370080000956700280690300401200007007031820000100250509000000000009003
030600040609000235000203070006089010010060098490020000100000004000906103060008020
053002100269001035187530290600000500830040600000020013020060000008050001700000900
301000005040600000209000030603520008000000000018000072026805004507001000000200000
023000000000000007001372089000900042010700090509401300000000050000010020000000760
150640207640000513000153060700310000304802970862790034500036020089500040000080001
000057600750900804600018003008701000090000107000690240070003002065200001900100065
000000000060002800304080065000010000001063000000400158000000000005600900080057040
000004350040000010000081040000000704160403080400000060004859170805010000000000500
140007800500401000720000000000604000090800506065000008914700365603140007000500000
000187004009000800100003050210870300040900002000251700704300080026018007000009600
315700000900105867000000031030000400007904100000000006000200005020010000009000002
001478090800500013050306004070000560516780000092065380000040906000800040000650008
900000035004056008000700000507000063020600000400900021702460050309800000100500082
074000000090050040000024619060500480020617005009048100805002063936080020002090854
000500000000008500502090000300052001790060800820019000963480000000930000450001903
300805020005000041000030650260047510531028009497000086803076004000400835000583060
020061000109800054008020601507200100000008300806700400780300046003406000000087500
020005300084730200100629045200108000079062000040070650000200500658300020702000134
004000000080000310502040000279504060050000000600000043041600035000000000007203400
000000050140000600002860003009006000000000000001000030200000008060138200008900000
502090301007140250413000798740531009206000005000006874034005060005760400600004002
750040008009800570020000000000470000670039180002510704500360001003102007201000000
060900000000003100005000009010002003304000820000305000000009000083000091007038040
800600000063001000001087006000830010150279038386504072670045290430002000012760000
400000010501000027080000300000360000000000000000025140100070002000209001200040000
040080020000000000780013000000097200000030000000000003570000000004968050000000432
040603070090800060206009081023005047659001230014380596000040003080006700300107024
203000800460981000918207060630105000002003900100708006040870620006014708007300005
500097060460500000090460030000010004010000005084000002800000009020000000000000000
007409532203801060946530870430000690500008020009304010008240003310900040020050907
000000950920170863800090000070000009500043600682000400260500000007008090348009005
036009040004530097200010563060390700700065320300700006087451630000000900603907015
050900140100070300000401007073200000060739401021085970605097004700340015034000709
400009010800012050001003000000738190109504700080190004200007981000205307000001065
047025180009407025000089407070500002102740000600000000780004200020801304500000870
000070030000130820090520000030000006120000349000043000002080400057304000040001500
007090800680000000009000027100009400000007000090000000000000000020005090703086200
253900000000008500000523000405080203000036700000045190042890016087001005630000870
004000009070902500008045007000400600900030000010000904000360100020000003036271805
090003006246071500358002910800090000705000000600000300070000090001035002482009050
200030079075016340000907162000401930400793000700020000120000695307060401000100083
700800010385001206190007038600008090000019700050076000030060800410700903270390640
010049000000000040000000060100000029200000057000024010005400000030000000002300096
000000073856300491300000050209000000405003000000000000700080300500000040900030000
000834502000000070000610800306000910000000736095760420500090300600000000807040169
000004305000630000653000080000080007508060000070401003005002000020000570300050900
000903000890060004670005030067402801180607400340809600030070000200004080000500349
100402073000801000200030000040000008300000796000000054000000060000000082600520000
825470009063000100010306258000100003001000020376050810640020000058060092200010000
030500700058690030000342000010900300703120608006470002320059470000230000500764020
320061800900000010060879532000030080000000003000000700780952000040107005250006108
001000070000000400000002000812500700000370000470008009700000280000957000000000000
035800941041203006800000030718005002400006000060081450500638000003000500090500000
000051030700080250000000000000040000080075003000020600000000014000502000070010500
320000079060000045084000000619004058043800000800090000006420007000103500450080001
038604000001030009694001083070409100059062007002870090000900000000240070246017000
000300000000000000020900356098100004040800003030500000000200005910003000050600001
020700005003000000500021900000052400149070020000040080000010000005000000000800640
000005602096008054050000100028000940375960000000002003004080715860000439517400268
208000019037001000000000005012000000000700000009100053000000060700000008096280000
074906030000083054300740060046100870013850090780009120807094010062008009050620000
140023090000509000590184237673095400000607000050041076005010009320000004067450000
006001500000200040010587009420870000000010803807600002005006704162004000740000026
100089000000306080004000006400001030300907000010600000008005000230860090007000860
043009508009000063100000009005060780900070030872310690000200000000001000206580341
100079080400000000300080020010008205008540006002600009000063498063090100000001007
070400080014020070003057900098760000401000007607040008840270160000900002030506800
264130785003857060785042013102098650000506040007400000008764300020000006070000090
000000120760280000008000073000050430020360000000810200037500000500600000690003802
100928700070050800982007001400570062500201000000089305820094536650800007709005018
700400000000758000020009050060300401300100005140096080237940000856273040900865300
000300100060470582070020030000704800407208060890610475030006008700000600641000000
547960200800004069030080050090030020310020040200540100052496800100200600900010000
800000000000000032020000480060000043000900750500000000000000001216009004700602895
500000370000700925073200140000050690496080002235000810160020409302000000954071000
200500000065000020000702000000605000000907000500300070370050060080270001950406700
028000109001008000407091002000002075000706900000030280600000420074600008003274000
405028701000001030760035020800196003106073040500000000080300204017250009254009300
206418009007000041004090060421080600789530410035000000000800530900305126003200004
079200000100358790580040020700400000024003000000500200008700003310090000200000580
000802364000006075006900020709528106600400000050103400800200000001004750064080000
000030000000810000008000900091020300000000080284370000540000218936000045810700000
000050720459070000270803509031546000600708390027139000064000000000000674500007800
000000000009600048008017000005080097007000003023700005591000074060400000000000000
004200706006400380302670000200000000400023000000840000040000105027006003000004907
024003560005800030701950000190000270472030685080000000000000950000684002200300806
000100628000000701000860500600300000530940000004206050060020300800734000403600080
080040200023060504400002890090087015000600040800150900002894007908500020000036400
040900050070080139103002000007008002010093070309600000706000000950860410000029068
008009307490007060000000009007004000501000700009870000904028010000000400000000000
003465000721030600046010300080040207004020908670801000400180590000309000935000000
040910780900067000806000291500040000100620000000500000000700008000000079000000100
000800009700004000000000240000000060600700413100000798800103020000042085000000007
700302000004560798056000200008000907070084600003009482001408300000600510300915870
800120703040080912219030650172643095460008000000700004905000080080005037030000020
504830000803901006900506007096375208350010009000400305138600000600750183700080090
506000080048000093039400500654200031000000645013500900461057308302004000705803400
004675030000810000803204650000000308001300470300427016700100003002006080100902700
060401083000000000003006090000000805301020006085607930500002000107000000000000000
009004180000009040000000000000000900000590420000000003200903000000801000690405000
007000086000008000800005300000000172059000600000003905000080060000009000000400090
000800000000540008010970000000207000040000090000050300007000003100060020000310060
080000564040000193930005000274000350503000019090650407006080930359046780010009640
400870290002401070876000100030005701107609500040187006500003409703000005924500300
405809000007502090090000520000000035000050048000080010600007000954000000270005080
032100700408605003560009800003000085000500000050937020009043000000090400000801067
803059706700000005905067000604000501000010000570000090038500100200601408100000200
402316805000720013030598400900030150005000004000001078508007360700260581000100040
000009204000003000001200030040900062150000000000080000006000089300000607900070000
070000160350610890000900300243170080090304000001809000000500020080203900002090008
070254009006030000000860000700480000930025800008000070000000000000072000327040960
000000500000000060275000040000400200050000000894000000348100700900060000060003090
400100700000004219001608504060000180000000090200000645340001056197006020005203971
040908000003004092000000060100009020000083000000006970024000700300007000000002080
000200040700310200090006010080400000400050080157000002001000504500801020020574000
060000000040060001000800000000000000015000600600015000000004150280000900150970084
080020000200900080006800000609430007001200843300501900000090000900600030860305079
006047980074098052009000400000000048000030090043000200015072800038050004000903506
036128700021000000000000020904810072005000000008072400009000200000940006600201007
000006000010080350009020000000100030058000007001000240005000000106000004830000010
600049050002000100140802630001020506506390028420000091084000010205003080010980005
802003100000482000003000000530000000000007810000000730000030471000010000000000060
016000000900000400000002001000000010091000000040061000029000007000009080560700002
000000070601290800004106590003700000050000060200360100705809000306507000000603000
070019852850703000901500006007300000630050000190800000518037009060100000020690508
000020059000040703004370001098000000405000600200001007000500000049000020021090370
000803004002090300380425601900007000038009016060000905005708000020900007070000050
000705028000019000060020000000900600070086000000000100006200000001630400090000000
041000070900070010580003009108046000000000040004500000005004000063002000070050004
200930060005702400009060000008206004074093000000401000000340000906125740043600001
104050020006320800200000706061593400000006000030000070600000000409001000000902060
003704005015903670004010000000001058008376201021598006150037400007040009640009387
800030976706580132310079080000092608000040000460010200000000800004158000081023760
000000017090000002700042000007000601006400030930000705060000000005000000001000060
086000300270800000491700000802000470000000000000020000059003000020591004300286900
007001680200000794006400310105000009800900000000106000000000840001004000000000103
097001050000000097650790008001000003200370901073180006719000405800534019400907862
478006050530740600096050040064000030300674100901030000803000005607529300200480000
003050000050680020004213009000971600071000008000028790090507386830190007500830000
098000510500020037037600208004000000080000004002006000603000700800972003009300850
200004089008300000000000200080103060030640008070090013000000700060000301014970000
100930000805170039000054001304028000010000005002760040400005000001090380000003010
020060807070512603006087152690005000040039700807104360060000070300051426010006930
103067058907008103000103007030570080000002000480030070320010800800020716700090320
000086250150094000060105900270051408800207009910003602500010300003072104001600005
000000000005400008100200900000610000832005100000000400000064001000000054546080002
736500009000000001000420706000060200000000800000000000900600000052000008670052903
000910006900653742050007009805000020000000060060021598079006200506032900000079680
000056000000004001004000003000009180008035000000000300000000410602040008090000005
130040800000130740049856030615000004070084015980000070501307468007000001068501007
070009405345001009069430701000050017524017096107006054412000060000060002000100000
000900000074350060000000940700000005058790104040080090502008009600010500400000600
070820060610974002320000940000080025783002400056401000860145093001700086000208150
000038000000000050000400083090063000000070094720140500000000900500000040002006000
800053000904600135031007600000200390002010004103708200309870002000904860708000040
080070006000653080050001400561000093004097060703000820000009000000006207618740000
000000040010047500000020090100000007870010030309784005601000054000000002048200000
000600050400015000500702608000208000100500200800000500000000900051020030000800070
000000008508002040603007029010006350350001060004735810000003780080609035400100206
000000700700106084284700065602070000050000830037000040310562000500007310470300000
040000100570610200001000907003000640400009080010002079260040700904100806100006090
703010005000200600600500032010972060097300000836040000000650020042000006060020007
070802010840000039060000000600000201700000060001603000500984000006037800004200307
060004097001090600720050014002700300030401700906005001210930500603500000054102030
010080600280500000000000000600104020004002956030090040021000000000006000000700080
000000005040090270070004000420100097180039004093002081034005760001076032000003050
004509002000740900008260000001030006003090204059400700907056003002000000100324800
000003000027069003000700009000000400200000600910008500009000210000010000000086000
000104030000003000080000040008207009000001085400038000000070090032609850009080723
060204751700608400423000806371805004500400007000700508207501609094002005008000070
130004006800100009040000002400000301508000020000000500970000010003001000000050000
800000500007008400000000001080001650602000040100256000300870904008000305910000070
004300000000020037003000000400032009891040302000080060000270000002010000100000000
040020059590000006000000070000001000000008000100000980085000090000850001010030008
800600307790040001000390208009480510005976083300012900000065009567030024900100700
005081000308047500074650001050738904700294600249065370800400000090806040000520180
400000000000004000932000614040000080090010006000000000000040060004090820300007050
004000300092000040000000000030000007000072613000030000008000000020000974900025106
802061007009000050056400030400613000590080000300000000000800012900102570010050400
004005020072000305000726040908532004060009000200070080800910000700068010300200060
009500000700800005500700920008003092290680504430070000080000070050907200004000600
072300849008002006631000275060927300200000468000684000709000004000000980006000503
000605004507940000800001050908700465000056300000009001700800100300020046000000570
140003600000400280000005041800009320070004568020050000034000000208006000010047050
708603912219400300063100047000000079970000000326790450100345206000000534000060080
200093000100000004000204000067009000000018006300070429010830000600900030000000001
762308050040762080018900700891504063070006809200890547007000095000000000600009072
000070208603000000200000003067023800850004301321900000100040732730001006946037185
080201009001300805000075201010087500204006980890024030008752000500010090043008000
040380057009700060001462000064800095050000000200597406700240500020900001095000000
000700025000000097190500800000020008008100064000830051002000549000068703703904002
000006001906027040120000000000694000710000006000000250081405000460000102070080060
030068501608107243000000600100032964046000300372096000001000090009680000700200810
710039260005100043003052708020040096870900021000010800007800602480300000030571000
010000002300204070000970800520009307700502010600700200000496000400107028000820000
000834009000100034400000100639001040070000500102700306300910000090207060000000000
000008006300010080007364050000100000030642090190700604009000402012590800000021009
000000970405000800000802005000020506000008140000509000000090700600080050008000039
301009400769425080020000060054603297290850010000000850000108036900570000008936072
000796400800300900009845203070008030000910000030067080003074801020039705547102090
009604375601000000030200006750900680068745209000180047000000764406009100800460950
000000092005800703100000000500610209792580000010790008208000900400079025070200046
401300605003008004080000300700000008214000060809500010000009000090705200050230806
040000307108073940000400821007000004401007030005940782004092008012780053006530209
000080060080005200506000308000900005000726100030000000060000030000000001710300050
213006907840000000905013060050009420109460000460000093390000048000080000000307000
839200000000065980610009000040000030058007020090026800002600000003092106400000000
200600300860050000370000006058130609010006080002087000107200500904060073500301902
104287050069100807287060300842000031300040765075091480050010006000006090726003000
010200900600000702203009040300008210001070800000400603750984300000123507130005080
360005000050001400000406258000004020600000041100000900406000130005100004000000000
079060000504890200120543700041700000208314907090080400003678024002935000600000009
010040827000501469004200001307016080000305100461892005040960073900020000030050008
380570010006000843920004500100000020430760000000010300007029038269180070000057090
000049600000000200000380004108000060000000800705208400600000050957860000003000000
002306075036000100070002030760080000000000804000230709003050000007020000208100097
080050043502003700004078001000030850340006100060910304003007600070005230000009007
003000016058621430260000780084007023900854601600002500020000000040000360170030004
003000600050203009000061000060400300009600100002000056000000000014020007000700000
000025809500000070008070025310980460700460000000000000000350006000700241007040300
000009000038500900049030000050176002000024000004800610080300700000080530005600048
050083600621970003000060000000047120082500007000218050208050079016030200397024001
058007906000930805000815240010004003207000084005700090000008450601452300500300060
000009045400001290002500000815030000290060000006008000001706000009840100504000007
670008093095000080402509000053001007004000600000002050060004800000056740040000900
401000702270413900590000300800095006159670008020800090700000020000700000010920047
050800000680004500104003000095008070000107904210900000500080097821470360000306010
475002903190000620008300005701400390002107000000209070040623000000915080019048200
010000000009147305000000000000014893090700004100083070008006001501098000006000000
070000000405301700031700050000100040000580063300200008060008930593000082040053000
008970010000083000940500038400007006070302409300490170064709200050006091000005060
000107546060283070000500200870040603005000000000070054000700060059406380400000000
003010500007003100610050080026400018070000000100006709700004001090000075000765900
150700240000000001620005073006090030000300060003000719705000008862001304030280050
060070010003960000570301900700294000092506100000037240000000000007020605000000000
710000005020007000400059013004090200600002000050040000570060000092015046000908001
000080009009000070000000052095020000801000000007800005000600500000900700900200003
076005001000300060000000000000900050820031700030060800050006079090853004600700080
308006097205007034971804506030750400194600702007000680050000000410000905600900301
100970800000300001300000729200008965500207100401500072815620437690040508704000096
000000000000860570500001000200037000900000050000000907000690700000028090000003020
030700020009013780040000603090000130300000000002030000004000300000000000783002500
198063000000009000000052800054000000061005798900010425070000000000820960619530007
658700930004000000290008001700896010040300800000401000015007603027009158009080004
125000060436001009890000150050100900071000345908053200700000001609015000513280600
000041050004005000058000006070004901300100075109007643700400508491000367800700000
000400000084060000600000000000370014093100000001050930300900508000037000040000060
308000600000000002009300000000000704000700900700010800000568007073009000006007109
004006002000094060006080040500030419040500008000000000370400000400000700020009000
000200000000046000000910806000402039350000070740509060970300000000620000060795001
369000000200006400504078900000030500000020390000000070920410800401005020750002130
068020001004006300000000000000700000500000003000000070915040008000090064076002059
000009087000013000906000000705000360100006075034007000010005029560000108209184003
000007000607040000405000000561480279003002156792600380109000428080710005356820900
469010832020090007001830090050300000080070005007125008000700200005001000208640000
010000000000091400070000930500912040700050092009470500800000014201700000005100006
300102700607000080100640593010500900564209010230018000020000650906803070470906328
120004590070539001050010746000000008002100004810005300040020067000876030080000000
010693208007014000000287501000906004800030060906800000301009000000050006050301090
004308670600950038008000004060040000800600053003087000040876005000000706700000000
761039048030080010084067003093801067158002000006004000300000050005700004009500000
400020800801090602050700000010007004000000090790000506000801000085000000047600100
000009728001070003700300091000001284000700000000020030006080300372010840800000050
907300020000009083030160005009601007108720004072093810490006000683210049000050000
007214050508609001000380607050938070006521080803000012080090064300000800010050709
009706580200000300000058004192360000500000003300080000000000059003900016900600000
609100000800024009420030001000709002080041500100000900010000000000010056250003010
000001300837000000000083060900008400001060009640000800004000000360000001005000040
050004083900023070803750004007000408000530100009240300400005710070400035085100042
000406800080000400040800030000600008700502000058309004000060000100000900000008000
170930000500600010826071009740000000060007001001060078650000097000056040000009563
050000000001403296026000500000800000560912478740300009080700000430596000005080047
680050490530004801940160050470682000000900006826030749163000920050000610000306070
003070000500130000080000039001080007090060000046512000120008006675200000000700091
600000809840100000030000000000000503500020900000000204357048006008010057196000400
004503100059871002100200000000150080005680423700300000001000239293705860840030517
080030000000000039000000008600005070720169500005000000040700006500000107001053284
910405200405067000060903000002000000000002009009030050048520700006000000001048000
008907004030020009059031028010200005002074800070000960090700000040100000001600047
509200000003000700000030459001003040490008360005429801020001030016340000000970100
091000540726045019504003060960000801800070204245000970038791605109000400000384000
002060400005900001309010806500000100200000309900000670400105968806342007051009034
071000000005300100369810024504008700906172400100540098008705009052030000403681205
305800000009601000620005907000200000000000020018000000562004700000007000180502003
270560000000030004391407000050001070000085196006074002520006040030050618068040250
009000050057900083000700040000107400000003001070009030710000305005070920020000010
001004028706082103025130000130060085609050230080200000060705802000021360018300754
300000170007049086000017000000470005070000800090100020000800010760000000000700000
000902804080005001102040000904506010000004000056000009060053000000420000000000030
000000075060000000003000820479860000300000680006052940000008790030614000580973060
402006008006800304007002000701080000600001800083600507370004601000065003000308000
006042531003006420940100000010280000084090006305000802020031600001000205408020317
000050208000000071008700503000089057107034000000517000480096005035842006906075082
087000004009070605000093080020080000650014027000702850060009003074806500000000000
000248750080000963001639800008402519050080000400000030016023000002700000000000000
027010000503000004014005027970042030000800000240530008450003002762004000380200400
725000080000084075040000609058000003000000967600040500000007310000050000002000050
000240030024000000000076420000100002000400010500000903000830001480051067000020300
698401020010000009002680001900132700706045102020008000809500000530076890000004500
690004005000700602005000410004287000000500028020060000001002340000005200207090000
800010050000000300905780001600030010000007096070004503080640935410359807093208004
032007009017800302049602057700050000080061090900203600098100740000308210020070000
000009050000500068370080940000102305401000006000008004760800500902076080140200037
800300246000400000240108930070600000008000070300004008790206500001030704003900620
870900000006003008400000009000260081100750602004038507090600000307590000640300025
300009001600000800000030064150000640000046010060015372000520403800690020000384190
040500020970300000018020000160090204003050800009430600000005942007000316200000570
104009000030007160057010030000000783083105006920873000000702548040060000002008090
034095000795000000000000090000000000307060001140300800080000304000070080070500000
000000000795060010010050030000070000060024150057900000000000580470008000080630071
000860000006010300001730000000206710040003000000071839000007280730020000060045900
210004000500000126030000704000072000040800610080609002000507060050060000600000580
700036000001000000609040002000805000000093006397610208060400700900001000200000000
580213006002600084070000300037000400401000008090154000700508143000027065000301020
360058704005000000740620859000004030000089402000030001580701040009342500000005007
300700500690050084500830679025398000080607450070000930000106005050903000060405700
419000005000491023000000410340000001000007300001000500294600057157200008030070000
024005900070002650050987024010876092092300800000420005280000036730008000540703009
029000360673201005408030002000023091360150704010008000031900008706002409590007003
209001000030690014045000020600004830050726000400500067780209301924100070003007402
000304601050279084004601270503010802802040000000890000100000428028130967000000035
000041070000200006000506000560019000903000005000005000020050003006000000050600020
700042060241000000009837100004509080000300000820000007002600050000085200587200000
104000300200000056000000741050000000900030800700090000007040030000306278060780004
201560090756000201800000000000000000609040000125796000402005000510000002008020017
000020050001006049006400231000637090007050002090100300173005020000000173020000080
209600000405000089700090000602503807017006000004078092008005100100780520000430000
090000000703900100050000000000004709016009000900820604004000521020003900879250400
123086945005230008600904003204810000050302070001060304000490102009028007800600430
350860004900000600681000325079040000023150097010780430100004000000000109200018043
060809524000000070700504000900105706006000005400000290000300967030000082090480300
000109070060400091300607054026000503001000708704300000000500000400012087002700030
300467900800020000400000500053004809208050010070000360080030094036900050040000000
300000050800005631500600080600100200008000003010087060100092040230800010000500000
490210760008067094007000812306829100009000043000000900900072036005904270100000009
103040000609000000200098017800060000706004200501809003000052030060070000905300040
900004070024071800071900000009005000005206000010780003003000000400107000000053200
026001003000437006700269010010700002004920008090186704000010080057304020260070009
003500096501600002600000105000000008000000000000060001010086207730005000400700509
004000518158200630307018004609703001080009000073801000412070380000305100835000070
802940010500070409046000008009005600400309000725408090100200076007090502050000000
050000080000000470410900365641000000000016000700300000002800006900040007500700938
002050608000003097790061204040000080080000002073090106004000869050080420968002053
706000502000000000290007000007003009308200050902050003073000005001306904400005300
002400003500106009400503100800000760053061800710004030005900308304052910970040600
700000006005000034000000001004307000300500000020849000480000000002090400009008000
008000500700000300002000706631007050000000000009010270000070100027158000085036000
090000003027000000006000800003009005080360009000005360700500240040030000010200000
648050270002060005500007806000193620006500009900002504000900010010400050859730460
006000000000095000009063270902300000030000000400520000003070605800000007000600000
009000062200310000000800001000500600300600000460002010000000030000000000910053046
007000308010090000500001009300000480604000200000008000005800070070000030000900500
405001892001028060208600103130286005820050000000300000000190000004500019010800300
230580000009000060850009002040215006120800409087000201018600903390108040700000005
090075008600300700057000009000000092800002357020030004700000000208090001400086900
800100000000872001000000208516090400000304010084010790001709824000008030420001057
008902017107006249429010050902000000000001003053680002385409700000000964094120035
092814060000367095060000000009142608000070903076950140080500400635009701024080500
700300469064027800008040000689070023047200906000000041203508090050904072091002008
000010635506040000980003002000000063300000500015026000020000000000005720000070804
402059006075106000003804570000400090000000740040010002704090030006000951009300000
000830060390576002000420000150304006600215300043760250020600070070000008800057000
200060904007821603600400208000000000063050780594208036400186305006500407350742000
095401206720000810100000035900748603063059007007300091018074309009800740400900000
050004090080100000064980000000096000708430020096710045800041003600009051000600009
050060008060000090087000000000906007000420000600108050200000600305600804700002000
030100760500067020000320000042000038386002090000830000001600002800000005023001080
000906004000005200500000000405090060092001000080570000004000800000400000900000700
507000001603128005180070900300005600254796103700081000825400309000000704070013200
000090300000000100407520098300040906000050000090007041003015860000760002080030500
060025300825009000000000800000006000572000030030002900000050000000007100100000040
000080043304000050000004600019000004006070005082006097000523000000060080000090002
756800000040000008832041650003694070070100096600005081000300014307010960400009020
070508000530006729006270308620000083043000000900003261000100800100705634080064902
108064935467059080950801400840000001012000709090000000501402007600130048200900000
500700010008003060030060280004000870000000603300008000040000096103000400600020030
000078500000003900000000134007000000800010070210300000600030708005000400000005000
602354000800201003503900102967020034080000021001008000090600015700500940135040206
000200010000010053001056000000400291000067384008192065000035400040000000000000176
270300508080200000300060217002000700000050900065020000000000603030000092409000070
029108005760309100148060000806500004000030810034016570000090607090600000007253001
100000060040891050075643981000400090010000300829000000003084029401200000000367804
000006400904002803038400527061090002023108700000020006000000000089240035050081070
619350008000802060000010500025460731064100000301020690400030800006080900087094000
200000604600000100000840030000000040000900870060420000000200008902107400000030005
040003506005014070000050100010000800000001700600400000923060010076008390184900007
503420106010359020000671053328140500659002001471060030047010090060090000000004005
000003800000408100000000006061004000208010400900080610007109040004000960190042078
008001076130006800075004030900000068802439715000628000000843090700500480084017650
000007600200103900060000000030400016670000004402001350309054067000706190700319000
049067200200400010706300000900046020001000600604000000000070000000000007180923005
594006002761200400000500007900000503000900006000300019070160350106000074050400020
300006200086090500492010087000609102201038900000001035003857460900023000050900000
004000000001000000726010009000000040108400200409625807205870300060030024000054086
000020009000098610908001000007000000003000004090040030710002096342060050609000400
200010050530080670061000000085120900000003000007804060006008010020769503050201006
500023916003600045600540008000000070000000000000070800050080060000050180980060053
000050000009600350350040001400090000000473802000000073128760000060900000930128700
508602704000038006010007000000020001000170480070000020701059000050000040000040008
491206753800000040503900080000400869080000410000809000000600300038070004064028070
045000092003007000902000810510009604060850030000000050726040009000002500050080000
300800005520013006004005003000002607200060540000008000000024739402000061007680250
159000030302001080000243915000700460000502700907030501763100000000095000000007102
850090026001600058020800007937240805200508039000900042000000001005069080480100000
009000400000005000602400053950000040000800326060010895000003000040090000020040109
006000513000060000000500006200100000005000100007050200071005080050000000400300050
789000000030100900000000000000740000000031004090000000003400009000005326050060001
008790460759000002000081590800910306070000208600042009400100075060000020002506000
095000270000201000000030800008300400000060008009010300007000000004000600063000500
801000000030020500095730182000000050000045000040000000000602090250400000070003025
000001000071000638200360700005006200000107300000935080004790003092080000583010000
060000080800400700070000600600000008700003000008000000427059006000601200106000093
900000500150920070030058009001000000000000010000200700010092000003405000700060004
010065000650048030002901000000600007500380009006050082001090800000804000000020006
008045079005790020976200010700003001000079000050610080040900030000400096000087245
460308700000510026015060039020036975008709002900021080040600307309000060086003500
300600000900000000000000014000001000180706000005000000000500006800967000090004850
001006700020010003030000005402800009005030000100024500240705030010000050500000800
081900000973542000000010073300000060000170302107020458000000000846000000700000046
000000000005802009284300700000007508052000000001500400000004970000070085000185230
020801376010000009600000000200010687000000002700920501060040000800206000001705263
040000803000070690000031240065398720000006000000700004000960008039007000800405900
000000305000479600268510070075008026080021003012007800000004290829060000003802500
000000080298600701005020004000900043504007000609050000980000005400000070000000000
007000000805006030023089000316050704700630520500904000004000907200097643900403005
000000008100006000000800700026000000500020000080005270037000090000500020000032180
709500016305000009210078040031800500004000000000450601060049000000010800003006490
804190750100725830050000000000602040021570300047309021913200480270058903000031000
068035029000000780090060400600300008907000010320007645000000004070846531046003097
095214006080000142000070000614057209009460070500920604050000800000006900000795000
002050960600042800500963140020715006100080000830200705040521070001608430008400020
000009000752000080010700304000060805000000040085000601090320006106090200320040900
237000508000702009019005237046050901700009000000008700000000002000496305085071090
590000870008009000004827105050900324100040008400700901002001600946000007000600003
000100500000600020172005806000071300017000600230486070091002065003000010000810030
901000000640580000825000040036800000000920600000600054380250760107000000002010000
000008000000006080000300460500000020060810009182000000001780000070400000000000807
010093052070500004008064900703000000002040387094830205045300000031070006000450130
000072605105903004000000389000860407307020000698700521000041056000000003000097000
700340900030019705960057034000008350809570042000020000508034106403001598000085400
410006000000090500007005000059004020070000000060703005000061079601900000702008163
002000001000800002800700050000420030390000208000000060004903000900100000180200000
000080107050007600207643080006405000000090000081070030092000350538000064600300900
002406890790000000060089000000900000000108000180000709030000000801000005009000000
300200980085106000400895006641002038002058001508460092059000000104000060003700200
090108407812400065000000020309500002000790516651800093160000350000600074007050081
956047310301950000000000000638790142024638000790120000500009800000000000070802006
600020100000100607040007025000002000830710000000509800403001250000206000000400000
006405081900000200008027905835062000000049050490580600100270500740900130009306020
070000960824690070009015000705900000000007092008130040930501700407300600050804039
007020500000000700080907342520179000004008000009600005400002059000006000032090074
250070080000008259486000001945000000123000900670590023000081504500239007807056000
093400720000710030000093060005001000000000000000675200960000000000060000020000046
506070400481006090002841030300000827020134960900000300043009178178060209209000003
400002508210895473009370200953010600041000900020509700860000027004020850102650000
640000200205006000098000047050700382080504000071023400020000010800040000060130004
020080000390002487000500000600003001409000008000760000001020074700190800068004000
000378500040000008800050000560000000000095300000040000001083000476000003320064000
040905002596000000000480500060017000400000001020000000000098007000100800050070214
005000900060100000009000000900500000510400092000000000002010760607000080001000030
050000000970005046002097000200000500105020008000009002400600000009301000000008004
129685037000000065000000029700400002510876903003102000000000601001700000290500078
004000500005080000007165020340700652000038000179520043003951060060870095500042307
400000000000000004000000070706210003290054000300060900000607001009000300000000006
400731060030000000608400001065042083102070000003965410200014800314080906587290100
800000309000300000003068001008029500024530010630870090009000108080043000000100904
000000080000702050700100300000060030003001460006037020080005046200640800090370000
074205000005093874000080020090057002302040587000602401000409200040000130058006749
070603500002000060093100700060200009217400605409000000000000490020046001906500208
270008005035007004100500000690000000020050963010069000040005609000900000000080030
007320009980010023020086000000863970000079002100200360030000000000540230500000007
300602000208075040000000002001200507809000304050304208000400809040839006983000451
000000000700900000050030470000308007081000000070000030040000710600100050100090860
006000000103482000800000900682000104300940820009268000008790400040056300907004080
040005002067080000208000005000560000000000560000210048000954020672031000405020830
000008063910030040060400000400509300009003200000000001800000000000000105501000008
600000700080630100900000365009007020000090400500260000700000000000100000102000000
000380000000000080008900700060008430080430000400000070000010000070053609030049010
000000175150000826000001900600000003500380610030000590000150049000900000700000050
000000040300000010008600052092008000007000090060200085004597000000060009005000006
280604010519020000000901702890207000000010000063080204700462139004103807901805006
210005000006040008090000050082936007963174000000000000800052439625490071000000020
060040000400800005000600000621570000090060703003984620000300208000400000000100000
000000092100960358902530010080301209709605000041729800800490520200000000400000080
000400000000800002010200704001000000000000890806020070000002000000900080049508007
040800275186025900002000601010570032000340019000089000091600320000010008865000094
003070080700800000508301000800000006370005400600080003000706050900400000160008300
002004000000810000006000093840001500320000000060200980453008000210003809600000040
000005108500100406800400030000540823950823007000617009190004002030782001270060350
000098012050130604002000000109403080000000000000800100807000400000000090095040067
500002080000050010030000650704096000000520000200000800000700900005040768000900001
000009000000080200009304600000000000050000000190000005000400000001000076538007012
000900160000000002000082003000000028004000500000357040007009080000720010030000000
400050070006000001000900004040015700007000510305000846020700000801009400700000900
000000021008620000010000003000200030067004000900800000000000059704050100000100000
900000601000006000003020045400090000070060300090500016040000008080605093009700500
000407083574320619283000004007005020020706000450032067090004000100570040840600790
038920100096000000004378962470080510009001034001003208905000820100030650000090401
002001794103400820040028000007300019090204080008000072000800000004063050010009000
200980015009001006105602000000208537350000080002050641924805160000029000000300094
030708002000000807017005006000102050081406703600090201070804365305900000008060009
007436021000950400406801000060300208208000014304278060790000003605080702083790000
038416097146000380750028461500600000000947000407052010000083746600290030013004000
031000094294130600000400000306200917907050802000700050000800400500004060079360528
503924178008530002042701053050219080000305901001807004030102060680000010027000000
000000000008004000409725000007000100901072040840000700090250087003006020000800400
060000000951080030800006591003000000640000009020060100005008010407010920130529040
000007000000245003004000079690020000700503000000000702310070085000450306400000020
005000000009000050700000000510600387070050060020030040000705019050009000000203000
004000329016039500320004810050800900600007000007000000000623005000000008095010200
030070000805094701001005000000030018000009047007008000000800593000000006106003470
470000060002030097006700805201367954000000008000000600704058100000003700100604089
005200104701000620006700000052070090007000085903005706004100000000602007000000000
006000030000010060020000740200000000830020004049780010000507000000000000070001020
040005000820040065000800040090500006500000100000190074000000009210050600459600018
050000100000005003040000000002100005500020001060000004834000056600040217021000340
009000281460820000821000600000700010000005300000000072000000700278003900004008003
000400059402903070053070204029501007700800000530004000648090713307008500000000006
006500290008129000000763045000070000000010020200056104023600900189230450564090000
800000000050600000400987152000100806008090405004000009309200600000000000025000080
001000007600100000000900100000000000050061480004259010410002509700000020203007600
000021850009000000020000000500000210000000008400007000930685074004000000000100002
700300204000400710240900580054200837000000092120003605017040926080690071000000008
000000500009010608608395200000000850007008000000000100700904000400020700000000000
035000000610502078000006000000008403003090860860300097780000309300687042042050006
570060008002800500030070060147650000200008000000000056000003700700000000020487000
003600740600407000010800069209781036360240078080060004138006490006900000004008602
004008030082030740050000008000164870006800590807093104000389456300000000005010089
008900016709001024060800903806470300004310082000600007002750068601290730050100009
038024500000903072002005000589000000000500030320000800003041060000030024214009000
180003090579801004002790000037509601610300005050006003005010036090030002003000819
000231400070050200030009856005000090007000308000090064046185000500920007009007085
000500306603470000000068010000600708040205600900784000021950073000030020378002005
923010807070209510061000030300501000006003120150064300000300000209006780000100000
000003009000000006706000008000000000600490000000087500000040600002006005007039840
100640980080010204460809051730006049000498007908005602000053170001200090090761000
542700039170000024890425100000004700730000400000300000010806395309002000607590000
000002915023510706105607280050020090008000070000470020300051002007000030642908100
000070000078400200000950008007000005801000000400000001003007040142005780700200593
045000800831004700000000000000000400068000050000000060000009670000300100000410090
892075100000100008000008400008009060005360080030080759300090000059607010000003090
000000000100046300003000008000004090002000005800692073000409000040000000027000000
004007000070360000300009710040708000080006490200930005050601300017000509432000060
070000910090000500350000700800760420200003000000020000000000871000006200900000000
000000807005000900000000030050068000080000004090070600000000410060001278014007300
987031025502070034003006009004050000000102006070003240051000080348010067706380512
708000200009030700030050100006400010015906000470000920080590042040380000000600000
001000000403007000000000751049700000000280100000400005514600000000000000000000860
380940200004100873020070040003097002670210508200035000706429105008763000400001007
007430500000018006000592018051380900009125007073900000000009000008603000002800070
008000400050490001009601200004000000102543000000128000961000074020000006007010002
500000000000900042000000000100000008032017090090000000001405027000800000708006000
000000020700086000026940000380000000040015000000030000900000000260090038008620000
005469078000100406940207005690000300030020701801040000009070003000800500103504027
000000000016000709000000204980000030007400900063020005520000843034500600001040590
000420900109070300040010000050062100000000203000901000004790600070206030020030090
040020000080415209290860150508004700004070500060150000850001907970000400001700805
473000082509000000000000596057601000342095001000004070685123040794508000000479050
906400300200106540000800019304908005070230090690050400000000000050007200000000000
200400305090385060300061490020700000000536109506029008652000870004803000800000014
000052000008000012005000000000046000051000000200005000000020900040001760010603000
000172846127000050600000021000000000702841003060000018239000605400500032000293104
007060500082710490069280000600300000170506800003070000200007000900100760000000013
038190000670823005050400820003016002105000009427000500019054270040000900782030050
750000210001700489948010037090306700360057900000140000007200305506400192209060000
649000035307600100000370900090030057200007000070409000005046090080003000760928003
090010807400807500802560003320000040914300706060901380003000600049138270057004130
000700000000060300804020010402000970006400030001070002000000200040100098000200000
000000000509000106671004032006750200482000097095020600063005029107040060904806700
108007563005020000704536810060215907012000006070304200001700004087640130000053700
000015700200040000100000600000296000020408007000100206004300000000000001800500000
805200401007080600629100850002800036501003004900402000098700105054930200076514080
800004900037026040540070060750000100006740090003068750009000375370002408400000000
000497023000352806250080970000000097000700002000200080470000160000004200309010748
004300180003800500008400030000005067009637801300280405080790010031000974900163008
200008000070502000034179050700006325600000000352840690403701000006300078007095032
000570204090024000203800000360100500800050040500000007032000170086010020000000008
001070009867020010900000608100960002203040907700500040629050080300784006008006100
000468000000037050000010806007325408010000530000000000080000100020800075070000680
060000070000630020004700000000000005710000000000050008096500087102000096000060050
006000025520000300980500000060803410204006008835240000000000700040009200050170000
900000000000000106260507398000002000010080003074309050006005004008000072725430000
000210000050000000000906037000030002600090700000001589080040200002000310000000008
901630000003070941807419063000000300020803090306050000400086509010320670600095000
090020030000300170004000002000503700013067820000200350000075908005609200089430000
730024010004000007016000000000300840300000000000000000002080006400003200070002100
408950006100003800360000500207000053506400981819005004024000090053040170080000062
007005060400097000300000701000050009003004170004001306000000000018030000009018000
104032000700400080008900000036000000405281900010603050000008009090120008000750004
005000200000080000040000000750068410403000069060300700120790000000001097090000020
000000060328169005106070083003000009005008610201900804609040008000820000012005047
000001000000800407000040000005000003007103009000009000800072040004308000009000038
601040900000500000004000050000600001005004800900050020002008705000020000806000293
094600000300700800000321400183070054040000702007504318209407000001290000070010923
050000400007300810600000520000010030000000004400070008008060000164005000095200600
904007000050102000002980600000001000540300000800000007000000000000003481400005000
000500000000100005000034081725406108001200960000800002504309210038000456172040003
090040020000000008400003900009400285701000000005000000000006794000000000000800050
057200800930006070080004329008000000200890650005042000004028105800600040516003090
000600100000800025000000009604000200000060001810000000000006570001050000507090400
570038100830421507020600000705803010000507380348000700980300005652780000000050970
080400000630085004407039000748960020000048060060500040070104600356000401004306208
700092065000005840030480002002003070005018629800000053400020090000900734650374000
009420100400000967001000005798502031010780002526001070267000090100038726080006510
620090007050000006080063000100702654460900000070040000849107000007056408036080170
804000000000000087150407300900000000460001000310000000740000009500070100030000070
000000009007000000860001004000000300003508000001004080300090070070005926600000000
008003096000500403400900250000700300000409805000030640100000000934050182000812900
002100053071000800000098006410080097000001000003002160097006000500023071000000000
107604009089705436000900507900070064000890205705401398063009040002140603000080900
630109700000643019108070400859000300760401005403800000075200008300057024040018597
605081907840002050702005010063800700000700001079603000416208000350000289908037160
008040296060000004100009300004806050830705000700920803003000000490002000602000009
000410600206030004147800030510200960720300400000104802863001207001000000470680105
079008000261095000804010705600407003002906000700023900080030500003561009106070000
045230900080750000003600500090005283007003049830060005070982406928540000000010092
469801005320000718078520600012600007840000000030040100080056904794080000600490000
080012600001006908030079004024600000103005002500040000009720000400000000002000005
000040000000890003008050000000462900109500062000007500740000000000004080800000000
000030070132000009006090000050900006001807000020000085040000067010003854600000001
000060910000090420000040600042000080090407000005000000600009000927504000450086700
300900006006300000000056340000070068000000009000068003780600000000001005000200080
000001500004007000000005002025806004060000000430050008000000000082060005003028000
059602400060400509300090601000000200720050006000207300503006000000005008008020050
002003080904105000070000012231076458000000697600500201005631040000090020009258163
000051020080004000056000009000000100501000000904000080700806000000040000008003074
250630908090004070000001000000000005518002069900008003100000000020060000485700691
000701000000000000197000000200003054008000000750002068000070020000000400000604070
900400100100009000300200000000000000002950000090000000000810000000002563209605000
200407003080020070904100002009300047560004900002901300008000790005709006000003000
020000147007000900953740026000200605005000702012080090030000560509104070278065401
000000910058000003000040857000090060000000280400500300004605120070001430820904006
010000030003192508086700001050400080900000005608070910892657040000340809104000706
090460700107000260640510080000100030700800020080625970000251897000000100020008600
800000005400052983000930007000040390003780060005329010360000000014263070008000200
801970230097002015260010000380490000720053100040200300008000020972000500010729083
000800070008016000007000284380004009005000060006091300864000902051029000923060710
000009421000750060060214800695400180700005002043800090000340010000090004406102759
090007500050429000370060000019204300000690007240800009020518694960702000580040273
000020000260000080700000000800760003193284607600009802500002000928007000476003900
600915004109308006400260501500100000030600900800473060000004000200006000960030470
000500000500020060000000000070900400154000830008005000005471320000000090000850000
650000000400807100000065203000000602026030001719002430067500089200089000093006004
030000061000100358100835002000520170500000036910083200060050010352090000491068523
500030461030006050600005308095007106300000070080600040000000010054029083003450200
046000000000800090875040000129703040000000000000400900204500000600000000030600000
070091000000800030004000920120009000605027009080635217013902050902000170000000000
000000800500200000000085302000571080050628000800400000204100008000067000006002000
030000017400020000000065000800600540701053820000080001002006304050830002300702006
000070380000400000900100000006520000010060025002001460300605700000200800271348590
507208063204369005390000042051002007730010200608000510062000408800000730170854000
090060007006730040750040060562903418000810625840020309025000106008002004470001000
000098000000370050000516000000000392800900070000705000000000700080050064020641983
300000010000001006000300020000600000000000080680020730090247000060080070070000000
000526000206008090018009000000037009007950120004610078640080937821090000973005800
030820001000300628000004050000501360000000000000000000000600000003002917048000500
000083000840975010790000438400008570908000000050006009000000640172030005300000000
017050800600010090200380000061509280000023007300067409000000000000000008500090301
080090005020150030005360209000009500000040920090005084000071000907003000530004090
000160937680703004000000001300900010000000306015600049700000150000000768100876400
020000360107600000000008000009306020000000000002080030071000509000050003000100000
090000012001400060006001480200904000064317200300005000609050024802000130050800600
079408000000000000060000000005604327400700000230000000000000001000000000701805003
040970206080305070971600000194000800200000001500100760800403020000020600709056014
000000800000250100071849050000000600006000072000000438000000300869000715000005900
000500001100000400005019008730001800000600347280000000008060500670005080400000736
007300140090145062001000009010807400200493001904050000089000216300010000002900030
700003610030000480000874090150000700004307000000615048000001003000509100002700906
040721000001008940008030100400100000003050000500906010065000000020005030130080000
400000010032067005010005800120090000300000006900034120203800009509020001080609203
000395000000817402180400000020506709009040506300789001003100000200600000000903020
068200010040709000001006050800592761009167308000043200003028509480005036050600824
168050079007000305530000080670100000000520790200907800890000000013070008702080134
009200040010009000000000089003040061700080003680903470064000700002004008090372050
009017000016003000008900716005000801001000004604000920007095062062080090590204007
080900000000000030047200509490070203076000000000090006005400020700800090008530100
300008500000009000005632000038001007000000040400200063000305006000100704000000000
047000900050741236260800074304600750700403000090010000002075410000034600001280007
000006010302100090000900600204013709030007040070000361003749000400002005028000070
907003160406087205020416800390051007000092010001000000030060792200135000060279300
000000009900000060200900050000372040307009100000601000000010607000003000000006300
040005000900700010050003074000300000004000000023009050009650320000040007506200408
000150970002098304700630000307500001921080400006020807809000605473000080065010000
000800090000107000060900000009000020008090000001203070017000900002070000080020100
024080950591200000300000060700030100000067000903000070860300040052000319139000687
480000657900070420000204030200703086008102000090865214800020063009630000730000192
008300075500090260300040000980000004070083002000401000032604007000002500600010300
000070000502004970793000004100360200600000015907000008080036009076000000050000030
003418970801000302079600008000070659906000081000509420000157096705020804090304507
000004000000000090096000300000600502000750400070000869600010040000820000000093000
031406000005130800600570000500000030000300085000060000000050093006910000019048000
400008200000000908308000501009360010600015400000400002900003607560190023203600194
009008000004020080380050009400000700000000008000000001005210803800060140100009000
007064090000500730010702060860450170000000280730200009400907328003005010070000000
000000070682500010450901028000090067000150930003080541000400003030620080000000096
006300751000900308000750000807519003023000010159000000780100600900030075304005190
080006024000308700007002300040039007000810000000005001635400000204980000800503070
080006300004000009200900060000000000000009000100400093000004900000000518030000206
780146002000002780000070406900463008003028900008001643800000360104000027060087094
730600008509002370240307050806040503000539006000200004300056040400903000000024000
700000000000301050013600040000050004409816020020003861080060592600029000200408076
000060004000000000000500020098030000000605008100940030000000006730050400002000100
805001970002040680004050100000635210020000500053070008070408301031097806480500729
090004006030590080008206900009708430000905000800000090300000500700000000000107000
034000000059700060008100700502040007000002040040000090000003020006400000800020000
001700000003482006008900005020001000160500208304208600400809050000007304700304800
035004020010000890089020006300208001020070900150900040561039002008005030003002000
003950002970100300108006097000040900659718400034090178000004609306071000840009050
000020000200000076900070500070050680090037050000000000000200040009700213102000760
402135986100680020098427031000700045030908200006540000000000008000006000300051002
300000000000103020026000391003400008000050004210807003647900000132046000080001000
000009000000485000085007091000761004001040000940523000100000300306000000800376009
800001206103600700906400003007000002000710005005000047000802071000060000000000000
006000070190080000200060500003091006800000000007500010002000187700020009050700000
000069000402000016960054008200040060040070250000090384630005800820000090510420670
000400096000030004745009308000398240039024761002000003074903800508040009300280017
000200700000000009000005000036007204570020038400003000008000001004080060005009003
620003000908000504050000210706000000500076040010059000300602001100900008000415073
400607003009018000600239841760905300020803000040700090080070650006002007000506038
603010072907563000100000605230800007001000263479026018894000051002035040000900700
070200090890036000000005003000070002000103009003090060089000000000000000037450900
018720634400091752250040009000000003500030271300007405000369000021000000090082007
700610900090070001000930080000100005530020000810000002023000504087500000400000800
589000130701058000000003905200800609000600372040327000890000000620000000005400026
604800010080010000070000000000000000200000031400030726000005180021006593935000000
097625000830947500000301049900508031314090060608104200080019072009000300026053000
029870610060000057000041030902087000430529100008004090075000903000030005690702000
382065100790030540605900200003196000000207000000043009030600002000020835279008001
000200006000007002000600570000940000001060409000700030800000000004000800700186900
060000003930570000480000000000200000108700600000080009300090002600000001820040007
000000900050000070000000006000000207700004000080702000000060721000020000020045069
034070056085001000007056040206400090841793502079502018060000034400600085510900020
803000700002048001001207040004690070300071204070080090000930000010005000030700528
000500040000000030084090007030059004051000003002030900020800000068000500300000086
900857600102030087700201049406090000270004000090072160580000010341000000020000805
800050062000004003070000000920405006000090005040006000000800540081000000000000000
300500700408900260100600800706020010200180607019300040500090000600800009000200180
080000000003080720400000080008000040700300000602000003070000400031000000000579130
000029008080005020200800000500090810100050400000000000000000000000000001090147005
900007002602000004000000900000076591260000400091400060006804720720100849040002100
210000600083007000070020000008739060060000007090150008150000736736005000809003102
007203800189470030326800407063900720070600000000702000000009174000526390030107500
049100000050300000102600340020060500870039001090402800260753014735941000000206030
008302000910540060300910000200030100036001002090254600103000500480625300625103080
005800069840090005700050800030968072572143080000520000200035018453600200018000000
500000203603100004000200058090080000050900601061040002100070420085020310000316800
309001400602097008005020703201040070007200009030070002000005080100009500000102064
316400200008907000027006008060083700000000813103000600040790300002840900090032401
200640030800050000004000702309018000080000000020390010000004001040000500100005020
000005000095000402300006009802000070007382090009100000003004910004000030060003040
605000700000000040002930600020001006050009007137000008064093000500000000000010000
008160030020070401600002008017005003083701040000020000060400002002000004534007009
495000000000610000000090080002040050000000030509062001070050000004000700930006000
080070069604005000700060508302490080850130004000000000500208000020700056070009000
920600104148200376007081002000060043030128560000000820053004000209006000400890600
001200050050614000007005000004009001005702008890100000509460200070028900000001074
005700009760409200000205760057030090002050034100090600008020070070900500006300000
014090060000501000800000100100700238090080000008164005400900000901070600000406090
600000000000070300004030210040080000705000090010009850000050070000003000450067901
000508007000000600901300000010037000700000000206004090300000109500000300004000028
203000900149070806008040007800900001310000090006000000405731200000000000000680049
460758000708000004002000007300800000200040708800200003024000010500981000000620305
040000003092306001380000000023461000460000008050000000600010000000000010019278006
005000000364190008028000910002000571006700802071080400100420650200500000050810043
000801040004050080018060000030000000050203806060005900003004700790000004100079000
900014305360070800840000007670090000058007009200485673504700180090028004100503096
000035007320078000760400020000020000057800010000100050000700008090000000006000031
000002000300000000028300914001020000402000000837009452000796145760050280100038760
000004000000010074702650319204000007009425001010037000020040083060000792000002006
000000071090001300718000260870135000004980100350000980030040008400698013900700002
000020006501047300000500000700000000300000005080050030079030540005270000030400927
062000008008260004700053102600000040547306020000700683019000036805002400236904805
026381009810700050097050081002100938051008204080070060930000800100493007205000000
200067000030820600005003200000700802020900070047002590380000061700408020952600300
100020004846300007500008103080100245054806001000500038000280300000610700300000080
783050060000738029005100000500020000000580004490361875001270900009000700050690108
002000008000085462950000000006000040000760090003004706080000600600018000509600000
698000004001900032207004896070123480000805609080069210040608020000401560805090000
360000007010782430000630900000070500003960002090000070000020000000000008006000700
000600704027000086000007500200004308900000000803210470000108260060000031000760000
031000400905007000400001000012600000070002005000000020000100582500000104100528000
604003900300508000850740002000820506982650003000000200706030800003005070040000300
070090000604007900900000000000000008000010035186000000460100509031000006000200003
000760420307000190824105060100200054450001200000004601600042309240019806010006542
000003586000800021000014097000000000240039000906000070700006100000000050095000000
020000009016300040900047160400006020802014006603928014287451600000603070000800001
801007692705069000062030075000070950596382004100090020317004208450000030020000500
000006020800250407035974600010000702058020100000001000000068000003000800080030900
000000000201000693854900010000090801020500004080003079002070000500209000008050020
060950800041006920925000060100300084084060302002008100030205410000693250000400030
008100400000000100500000000700040300006900000054000017000000236000006890000000050
821000640604800500000000800009700430000450100050009700900200307008005260016370900
200000081040008326800300750000000210100006800008001000000100692000020400026400070
000020000005000006692450080020000004006830000003271000000000740070610305539008002
090000700010009005004001602005000000900806040802000009000002000020710000750690800
780190040000604000645708931390400008000070000451862703908001400010006800060900000
000809005030000000009500200003286750200000041000040000000000010000300800090710420
000060927000000000630700010002901000091000205000002100560290001400007000900140750
486010070020597064957000001605008020018902406092405000200609040804700000000384000
040980530001400006000501420100005064720804319680000000570042108010003600000090703
009000400084619000300000000006000001002008003008000040000007005000023009800000304
680000000000000000500000000009020008468035027210000009035080096006570200001604005
000010800060000000004600030547000000300450080080200000006000008403005600000000000
403751980968432700710086000800360020396024010500010300000008290000100000687003105
000107000006803405302904700008000000600082000030400200003001800007239150004670923
000049061060008930009600800070080309040003070913700040051060092094000000080000053
400000579790280603030000000000008260010705000849100057000000006000002035004010790
600102070000005900053600000001200000006800004040060180000020047012407000470300290
500120600000000000140000735601003054420610000739450010390000100057001060004360002
900050430000001005600403900020047050000302100104095006700010200000000591500080040
900000301000000000317609002090008000800320009002010800050730090180500000270801000
708600050009782600600005720000060391091000046246310587900000013000007802802400000
806200059400953001000168002009010000500020704600007500260039100050042937973500000
090730000081009370000000200006000030000004007009000820630000592905003080800000003
006000005080500692000000000000020009008304000072000003069000024240008300000000000
132040009764580021008001040640010070000270400300006000810062950000000000490000700
040000010200100670000060283906007008000691000000538061100070005003080040000006000
090640038002050000053091026000007069000006004910008075200079040004005790070164000
060000070500080019201000080000820900900703008002059040009001000700090005003000090
800000009960480000730090000000000000190000070000000000000000820620140903009000000
040018592000050003259300180060480001000560800000002030070820309001905000930000218
024800005000024900800007040752000813409080500300702000940030702076940351000000009
000040080700060009006900400138400070675100294002050001040870310203000060000030045
054000800009200340806000190600105008000097000080360451591008004240000000768000010
000000000000009856009008700000000301090010605000000090900000527005000060801075430
000090000940800031080007049603074020500000000000050000002681070079002068000039250
027060080000900002598210600230006007486705200075020000002580000850000326700032000
510074000080000460640308050000057940400002010000000080000943500034005071000006394
086010500900000000100005670000058060508003041600102009240000036007000900060009080
700100023400000580518300006020003650000006000080040079000000965006000230000000804
290400700000005900000000030450020001020008007830000269140007000003041002702000010
000080052061050904020034080005069001600820007008500369000270005002005003904000078
490500038800400025000030090005070463000300500060015870002080040640150380700000201
560098000982400600030700809005030006601087093300060750058349160403070000706800904
030754006006832754704910800307560000008040060000120040005000203681003005070405080
000035800600700513000000009000510300038000900000800000070300400200900000000000000
690200108008670300205401900000020500304008000070000016000000000541806003069002450
000190304000207000910000000702800003460900050081603072100036009000500410059000006
300280100029061000671534900060040000002097006087015040000103820510400600000906350
000601780004295010000048200068900000000080900905300060036500002000863000040100030
043500780207430059950072300400160978506098230800000600008000000095080060100057800
003091500014080670050000000029800000500064210600000308400100000080007046000600020
300056102005000800002090000070003498000984700040000320000000084000040000804002000
002850304000000000003000050000000026000006100000100000900040610035002090120790000
000690005503000090006020000200010060067000500010769030000076003309201006000983001
000007000260500079070000105302751900009000000700090000006000004007000321100400608
983402060006983004070506039030100600005039241000000007090001580641008072350207000
028000000503090008001072060030000600005043000010568439000435102050010806190600004
000000006040000005580030009030000060000390152010000004390080000050647920704903000
091047006000600010600009040908760102756000080000004560000520090500008074009070000
650019407008006031903070020000080160500620090126000500000042000240003000001700054
103207000005000042000650030000000010009008005001070603070020301000004009500060000
790001430108300000400000106846070090009608300072000060081036275630052918200180040
860030014370000008001000723080620070030700800040958060904062030703095086028000500
000040803300700001040000200750016000002030080900800100001308002200194000000060000
100387200700029000060400007007003120621000083389206050000142075003900002010000600
500000000002000009069800030000000200000008000050006070020000000690080347300000020
037100540095000000068050020054920130000045090070318400700064050520000600046500071
600000007980000003000000005000030700008600000000050098009700452000002039052000006
000072800040059723000406001000791000000820040300560900594000306000608459803040000
000000270004000000702805406080000902007952068020308000000009040001027009000000000
195087000600003900204059000503006204020500008009070130981060503740325000050918007
000096300020400005090023000000000502904200870030000469001050000782040000000002000
364010802008040057571080030400000700050920000006500009609130500000852964005496370
000043705071089000200510980000920003002300067300700020000430000107002004400000098
100030007000001000800060000000000004000000006902400703080094300015000092020050070
000306205500000000000800000000000008065000000009100000008007040003000002007413056
000900604000030000000400000500090407000746005000003900300000000800002003050009000
000060500050007008638490010013586007490000000065049123040630059020050470500174006
000004027020000500000600100090060201200000000006000305003900010000800900000701003
603590010070410008000600000000370900360000100902180000000200001200800000000050040
063500000812030000094800000908170000000080000130600008009000006306408020001360800
008900000130500006090041502080000020502060000300425809809000050000104290005000000
000000000070003000030000600060200031007001006013500004000800009000000000020749300
140082605500049803000000401000050000010930560256010080805670030093000700670403000
800090200001004060006000854009200000068000005450806001520460030680000002003002640
680000005400750380000000024070000002205617030804000000342100860901006200000200050
700600400000580000100000050000020010000009204000058630000910006000400702040070000
800904000027856943000107860000509010000000500000001280603010008700603421402780600
080500310000608050007130000900001800068925400010000200000010000070400000000000107
060302401400080000000100090020560070600030100097210600540890210071000930080020500
900620000503400000000000800002000700091000500000250000100700005000000087007000400
107000063000000000860400020000002000008000070600054290304000900702860000000140000
300000964500009310004000000000300180085900003020580749250708406097630250006052007
000025001002046080064980007500000070600372015027504806005460000800251904406830000
008000001000900078041070300190020007000000090537100004000009000750003089400000600
000000600760003002002000030000005000000004800500000306007000098000000060603800010
090000000000008000800000500000003045050702090010450200400007000701060400000004010
000015070000960800000000000086403010091006002020001060000300000000100000000648005
004003109080020570370100400507800000002065030038200060210047000040350012853910007
954700000000000000000000007000000492049570000000290000000000008000000700092400360
000645720050080090000001060700000006506000019000008300800070000307006000461050930
000574260001000070070200098082000615000980043003000982020400150430057820100006430
300456800546978130798031604000009005000500000002000003007093006205807000003605700
400709005000001096000200003000500001002000500080000009043870000006000900005000000
138000900070692080600008004000081040000900000954000000040060170860000002000200038
640390710000000004050400200426039050580006900000051602805900301090173006000080009
015087006000050070000000105800000050500000004670000081002000510100000000000500000
491020000506010028832000000000000000000700009000340087680000400009608070007000030
189030064007506091000000270900070400000000300000000050801000005060000700000000000
080000601506704003209500408023050800000003105051000300000100004000300000062000730
508030600000067500010000302050089000000501800830602710185000067903706008006005004
002100604006008007000000050608070400010003000257900860800000309020030000093006170
390005000402610830000000245217060580000000000600004000004102070700400000000000000
004000200000000040700600000046000003000000060080906052000052734002073601403160028
000948370080003000200501040070300001305000020000800053000000030700019284428005000
006090000000074000000200640000510020300042000000900001768000050930000806004007100
940000000216050840003948010025370000001625470070091500409082065180507000060030201
000003060000910000850700020060000000000469000000500000600200007070001000280300000
060007000000000001001208000002460000970000406040009002630100000504000008207000100
028040000600182309004050281089704002746200800201398400803070025560831000000000000
261370908008010400400080201000123000302005600000806002723050100045000023196207805
060800009050462008830000600090740001000000007043005900320008006600004700000609000
500003002200005400040782965805009004000000030003210050008950006709406080630001500
000003150000501600050780000001000003700000506500007041007100005460378210209600800
701000000090024001240000008007050392000290000900741850070010080000000600060000004
003100050009054000000800000002000510541600000000000020030060105800501203050042000
060000003048200006200000074010000000000082530002000769000803000000156090000900080
065029000048506902000004000902145300000290004050703000004032190809400063000980700
957200038000083090000570261000040000095620310100000072409005003070000009013800050
108040200400700000000009000340070000060000400000000679200000000500600000001450000
900000640000460370500000001000040790040902006009006003000000004006350008802010500
508000907001709845700048036100970208800104070000800401200015093006080504015096000
304010009000509403005070802600000001000340006040000900400100005500700030800005000
009400001000000400000600970000040060600502008080007090040006200092050700007030050
000764050200900000000500390000040060062010009930000180040000010000470006000100040
841020006700000008603004027070256003384107650265000001006583104008000009400000005
009108354000060020021450769008300000047800510010700090900580430105000000430000005
010269700037410000062030080170006000009071800648903017700000608080090140001000370
100030000060000093039060070000906001204003068006000000090021400000308612001470089
900000730000050000800060090206000000090000600081036509000600000040123000670008000
010073000037460095426900007501030060002000003040600851170346520259107004360005000
000000300800006410200300006000000709050020080070084500003000047500007000004800005
524103807163007500000024003040608905075001608000000240050000009400300700300750006
000000000508030000309004000002307601416582090030006200281900064043021000090460128
008000100200010680009060350650090800002080006007000000020900010801006009003040060
000420000004030810030007006000070000002000900003000020009000100210000000000602400
407050008010040625562080074001520000900470030253896000000708040320900700170004906
400120600091008000000040091504090870806000930032680004309004120020936008700002009
005100240280030070000280600020500031013009506560713000306940020000000007000000904
003010602600009014500000000280900070030001200007000060800020100302090000170000320
520016000801400000003000060034000019018000070070080032000308000700000903000000001
062090000071020030000410006000580070000602009000000060040000003000204000080000004
000005060360180020000000718007450000193800000000000080006000002000009831001000950
000000070049076050000050401600000004000000038800007020900700000700500009000000000
086300400420100007000092106800006000000009000061000000005920600640000900000600010
500600700000700000000080000100000070300400000097152368000030940003046010000000000
903000200800000004000200030000304000600020307704068002306810000100057000590000820
000090000594000270608700000070050040403000000009460087300120000020000008900300000
030209618005001307108004290006000000810060950093128400304890700600503800000010500
050000004000470513704000080005000000316000700900047000500000900090104000000700000
056008241003010000000965003020009074000052008608047020030001800067000009500000400
120030000603000000080000300065784200000000000740000596090200050530809400200513680
010000045206000001000000203801006000603504802000000000507001300000900070040080000
810056090065903001030801520009600004000320907002000805003508040006030000580062309
854090000730800200609713500097080426200009100000004007003150000400006700005000003
007900000005800000000000080050007600073000000100400000001000000004020001082610050
000100078060000030008200561780003600000500329000016005200000000103000007000090140
002000000000012009496578321003004056004000030005000000001040000040000000050800204
050000000100000040007400019000080904080004021000270000010000003000000000060000195
005000300000780005007000000000000040482300900000200070040000031000960700078030469
000003008203000000009050302792100004030000000000000000050030709080010000000000051
010570230234810000076200019000000005798000002305040008080450000901600003003000007
500009000710054000000000054000000000000006008000500306250063000600107020000020003
001094080080000700000030160000000000803560000005041000000070002000000001236000007
000457036050608009008900704009074000080000403074006000043201597000700008705800060
100000060306000000000000801000190005000306192200700000050000200000004000001009000
000000620950000070320007050000600204400000500005000000500296340000734080043508060
004100000860000004005400000402300006000080000000290003017050430040006020200903167
009507000201000507000000000810796003000408790097050000003021609000000000120609370
708003900000018000253000000060000000500000100030000000070004001000005020600891300
040730000800000020700000040097000004401209000000400002375608219680000000010350000
950008401410030008086000935509073000030006502160090000000309007670050080090010050
001850900705900314090300007020060000900003208300070060109730080070080091208090035
001500978000007003000230506020050100103026080708100400309610800012840007000079620
000200004086379200100000007010004006000067510000001040060100000020786000000000768
000000570002507610030001000860704030007000900050900700600070801073005009000096027
008000000005910762600030000300104000000000530009006804560803001800291650200060000
000004000005010437407000021040020700102030509080090102018709200206100070000062000
720085060100027485584000020097502100030006040245030790376009010000670059902000600
007800301001209006580413920060102000200008005009650200150027098032080104698500700
130000009852007000000300000000000000013806090070000000060000000501680004040000906
700090020020006094004325700007250060003000050050800907000010600000400509010030008
000970016600328700079156200065209471000060020900741600200000100000400302504030080
982310056000060982050008000003870000800091000000036020000207190008043005275100000
007008460000302081019000703506900000002080007008060239700830000083610572000057008
590000070407000032020700009270000900000000050000000000300050096000960000009000000
080300070002004000170000090058039007207408600609000050860920040740860000001700803
032040571400157020500002400200061735001000090050009010065738940004010080000294006
704001090000000000000529804000005000508010902400090700800000000000000300609702400
408001060675002301900000842002000700000074200500829106009005478100008020000000615
030000600080000040000600500000050002004000700029063005000175804208300050071800060
120000070000010980000040300900064003318795246602831000260083097090000030000400160
000859007090060000000000900950000000407000000060070029609100005070540000500008730
004080000000600000006092078007000205000200000590000000000000060068004950050800142
058026000200147803400500000041060020605270048009001036060012480070800369500690000
050290000000410000000000080100745000930000000547000000065070001000100005001504030
020090040359080600048000903000040006030020510072109430490800005001000082000000300
709106003086300097000009000070602005600004009034908106000000010801263004000800000
000100390603824000071360000320700901069000000807900400700290080930000007405070030
007000008300150000801009400003002905079046000008000040100007000480001000730004000
000000000501270806000000050903580040860001203010300005654900000030400010100000000
078300502000000000204900003006852970100400050800070304540728000002601005010000020
003806000104973568506010739078000401000038000600140387000085010000001904000007850
040300000090000001030952000500030290603208745800000030082509004460820009050010020
007050034309100006000003700000845100080009000001000458102780305008534200453000800
009873020000060070000500060300000800092008530000735912060487200023196700804050691
057010080680500000109803000070980605091000070030704008002008007010070049000400803
405007032030451000070260000000074080040600000603010740704009000000026050100705800
000100008001000000783000400000000000890500243005020009000004000006000080070090000
403000020258490100617200943000080300006002004904106050800340670005029000340005280
094600501860070300000940000000067000000002700086004003100409600000081050905200187
090703001730006492060240030001005700000300106000000059403860915006590004019400070
000730069307090240005004003179805300058002070023907006231000085000408000084123090
000010050008000700000930040000009030600370518000100902850090004001000009200000005
030000006900003040000906003056734000700000000000065000609350000004000030000140000
000910060000007009010002000030090047100700030040800092006070300005080920000020000
006000000900100000010030090005071382040000060030900000000020000009004013070010600
600300000090000000005000109800900020000007000200000405008104250560783000000500873
800630000500000000900008600000060004340007020065000070000004000000006700007000060
050804000200053009004260005700300001020400098015089060000002904000600500000001000
090380570000049300000070200005900000002004050000100027006000000000000000000062000
500009130001060008009070206006000000038007000050940803000095080000004002804023500
100206400450000672607580100060439701702058930900000800001000008304012007570840010
600510438004072000000000007020090000700105080000000670900000820401000000068050000
000000060000700408000000000090084050005007000018003007003009500980001000054006070
005000000000015300008000054987001400000503070003007602800124093009700040210309800
000000000000500006050600407000009521007102040010000000000030000000285164500410000
009104003783502040416830509000940080007300904004600352648700200370010000000080035
960430000070560300200801005006028150000604283800005946651900870780150009000287000
501930078086501203932706004200000010104200005008000027000067080307000042810400730
050000200000000000001002004090000000514000960000009005902157000060020700175000400
820075614070006023600000000000090040006800035000500006951004080300100062460003900
480007002003009085900504000859000000020900000004000800270005000340670001091040000
900510084406000020000008030003004807000800310090350200350006078800905002200000950
000900000000000000007000906970010000000604700800790010001430000600000038000060070
302001090006002080580000000067020000000060000000010008000004070000078006008000400
903007568605000000000085000300092000702001000000068009000100080070004000050000000
300090400200000080091000030006030500000000070080000010508000090073800200600079000
000000008260000090790006451084000002630540007010000504820004300306800100000000805
018200700905800420040000000100600000023900000080070500000053010000000002890000070
438627000070900003000403000005030800047200130190004256500001700310060590080592040
710009000900430002000010805000600007006740200007021506000000000071000050000060000
000010000612948005040375100960483500007109843004050000105094300096007201030001904
050478010070001000000052704306004097000000005020009030000035070040000350500000060
140050627270904000503000004002170040005200106760049000320461095604890700050002060
308000007000004800076803000002400000080300070050200098020040000539020084047000002
090000000001504003000600050940236000005000326006015007060009040400008010009000608
400100068500008007006000010360000001710006000000471000090004005200705639100300004
986357000241090300073020698039541200062000000005000973050460000000710062000839710
050900080030801500100450000900510630000000020063200050200605003006003902300102000
400000000001500349020090006000000000000810000200039000376000000040073210000900007
064090208090000040080000000000000082019020005020700090000000057040900010900830000
547800010106407008300900000010070900058009060009060875000091000405703102000600080
000000100000700009296315070025040980004897062800650010410920050500001098080006700
092000307300906458400713020000038060053067902006240030000005106100080003037601080
908070005000100400020503000007806004000020608000009720071002509360085040800700206
000000020000007000000000490274900010015000000000000070102009053003040780089653100
000000400000021000009804020094008650000200009605003017010532904050480760040060035
090080010001000040004100905600003000400000006000000070900304000000800002240000009
060000014900024003021800579735000008846507000090000050000300700070016800580902140
030060007700890000005000089400280005000006008072009000000000062000038000100000000
501000090394000687080004520070080900006193075003005006000040100408000762109002038
009371508000068900060000370050000830030000090790036200504720610920603005310080720
000000006060040078300100045809030014020504097041007002090083001010059283030400059
045000237730508000096037500000059000000063724360000059000400006600010470504006300
412087396705900120039200800094028560056001070027000941000009080008000609001802030
050472680000000400702030590020001074090000005000040030004000008030094762070000040
276090803095831607108072549000000000810000704500900002360050000750409136900063200
790008200001200000426957300907000502000500070200079600070800430043020091080400700
000002007000470000004000000000008005900053140000124789860500200315040000072000500
908520601425000008300879040002640000000030952800295406650007020209000173003002060
000000060000070510000903208973000040560700000010600039030000000100350800080000000
000000009006859000508000020609081042003040005407060001000070100001234570700000034
000300901000009726050000800001800490306054170000001083000170060005080009002403000
000080006049000007008090000007060301100500004400139025800916000205000100000253408
000000001050100297831020600485310709760540100023906400372090510046001002000037040
080200000000308010200000800000800030865001007903720600057003290030402500009000300
001004075009030010307000000008000000002009007090000601000000000100000060930008000
100005602005000000006000004500000490080000057910000300058001740061000800400200100
010800040892060710040730092020080435900453100000072000004210059009340201000600070
000080054700000000000470926000507000007200000109008000270000500500026000390054060
030004057100597086000030000000000802082000003653400070041070628200000700300060001
000031200103095040000080703000520006906008000050009000200810000080357900705940860
387060024090000830204030065806094703000080002902007506760000340001806000509103070
030510980000302004050890030600020495090060000003905000069080300800431060340050800
006009500710000000000100040032000070070320000800000000000871050000000000000504900
000003008003040070048000100000780900082000430950001700000309004000010000010000060
402007018000830200010406970286900000351000700000300602005000000020100006600002500
000300952902000001301920476200080190638000040090004600063091004024000009009542063
045310706000400081830760005709100000008620000300590000607040010004200967123000050
052813000060000130000004002006090301705030400230000005000400009000900200070025014
000000400090053000870904350030008014100300092900000500409030000250009036060000008
016020043720300010003610725250030107430001200000800009090000004672405090084000002
762300405001000070000620180009070801000000000320105904200731008100000020085960007
002040000000020080900761230203400000001030800000605000020300068009870000007002940
003000980500000010007000040102085670835000200076900038024090800951000020068000050
000040100270910036001300400100072809007489610408060000000605070700800000602000301
000805030580060007000070082040590218208406700050000000800040000000050000905000000
500408020003090751269000843002050370000743900004800000308005400000104238007380596
002090003908000062140650008057900016000006000006000000700840000000000005000270080
000003006000400000300600004040000603207065401063140000000000060000004380800000740
006300754039400200740006800520861007601703500073000010050640180400000070190000406
305084000874910000090000807000026073007000260006007490041203780758000032623070904
030000200006000810100200390000590001200070080850600000000106002010020000472000060
000510040403000561650000098019365074000800120004002300002053980097600430305000010
700950804090864007400007950240000090070000082600002710907008200000200500020000000
006009003000060000007104200000900000600087090300000020000000000170345800500020070
057020103620104000000700062760040000185267000040001276310605400204803000076490800
080000602050030008006000000000000020500003084003487900000900063400000200000000809
030600920000000000000083070480000203000000009076000050054290108000005090200030040
000807000091600070000100040800000060640008300000900000060085007010000050504010000
000900000000070020000000600900000100080410900045000008000083000803740005400000000
000050300040109200000700900063004002010000079000000003008520030634090020000000000
000100007000907500090050008400521860008300050102689700074000983021893475000000020
300000510090000340500203060000000090009800105102304078200489056000100980040057031
000060008284300607601000003420907006000043579090000000700000090800030000000000000
009500400007230908234080056403900602050020040006400005875000000002301580000875200
100009726200145030000000415000010368900600250680007094736050001009700540420091000
090000581237580609010640023004010895008400207100805000600370100003052960020008370
740020900000040052028003170000000700000700540690500020000000600800070210050000400
000301400002750300901402000010000060420800003706000094150903608000000930090000501
516000709700000420400007016670000002851000600902006800205900060160050004090671000
007062030400050000600040005000000008900004301800000709708401093240000080050678002
500001087809005200032900000795146832640003079008090000410002605000609300950000728
902080060000092005070040902730000000000074609600500704001000096090020040500030000
000070509000800000000000020000020008540000000300580700080400070400060000000938140
980062400003010500010000326008020000500070000300004050050000900049008760000001000
000000000000900080000003060280500000007000000040000075012007030000020700075000120
857300406002008000139006008700630002060002050084100030590200704000004010400915063
000000000200357149091000075037410006510060003960008400029076030300901800600043900
020004060360070040009000700651087000403600000200439100004960010000021007500000000
490005000000000000000700040971000068000070032020006000800050020006000000210000000
000605804080321059005840312746000905020903467003400080000000790002760008600104520
700200000900030004008069007107000080000890000000071035600020090342008070001050043
005000006400060915820901400780000000000500080000708690300005070259107308170380059
581000000036700500007008000050000000794800000008060094010906070800031460000280010
002095006500400312000103079980000050251800600000000080023950068008200090190087000
008700000007600090000050700000000000050000108001970206200400009160000502080027460
500019000000700000700000000000400000001050000080900002007600983640008200090000400
002000035040305009703000080000080001805000206009400007900708510500000408400003062
076015009500000000300604100040109000000000007038040001760020000020000000005367000
000601000009003006601000030030200008000000002010000070000000000050100000078354600
400000200000080005290010006070000890040051000006098107000009500900075608007020000
046570090000002040000000000004030009000000800529010607050080400000000000000060002
582930107000761502160000439800403020300026800021000070000652940000317000000809003
000005286005600090008000000800903000900000008000000039000080903001200000000300500
750002000064005029923410807470009603310007200800600500009000040031060085600000000
040085000080070204671200358400000000006020003000030001068700420000000009107452036
000210006100700049030098521065300100210000004000800657306002000000050400500000200
790300000000795000346018009504001807000800040879000012087903026950400170462187000
026351087301800096807026031080002360792600800030004000260510000470000100000479603
002610040080300972503207086005903701409100800721500409600039008200005000390800650
070430801000009003306000002000000008060003000803000604000000080034198006010200000
001857032009041008000230006930008205052396010000500003600005307800000009270900501
070590100005601000000008090000000000020050900008000021009000000000010000083000019
940000030000000002000000400060000080100400005478000300081000200000000007000080046
704100090209400608001020040500009020040000000000000000470010900008047000000890000
002000050000000002500261000000512006100004370006803210057046030460930020300025641
040030010000080040010764000009076200002500700000400080801040503005807000024000000
370095060060000900900012074020400050050280000040000029090008400406050208010040007
000478006840000000000300840002010000070600000060500371600105000000007000700006019
010600000037009060500000000000096020601250030000080000060070001000000050305040000
000040300000070090469328057000500903657900020000810076021090400003200000006003210
402000950895000006000000000060020007009400000001650000006018043100004009000500001
001060905000100306007050010400201000080004020100080003049010037618005204073000600
006070850000504600408260713560090001000005972009000065095020008840906000732418506
601080705750630920000000003040816500010520000020000861070008000260000000000073086
001007002000000000050000007806050900503700000000080000000019760009600200000005049
060070809980063002271980035100020900000306500000100000000049057000005008030002000
000070000090085007300090018208030000000000800009210050920000600000700000006920080
000020800013970060000080049000000608008709002000060097000100004001000080000600001
060100005000700806357004000000000007200970300579080020005040070002500004006297080
150090000004870030706010040507001090030089600000000000690735104002908053070000906
100000700009140000803590201002060503480305129357900004091280050600000002200050000
000400000000002008600000074040006000000010600760000000004160080090000760100080000
008310007060000000000000000034000000082405070007006045301009000000540000000000260
006020053000068712000000006000140500010070069057006004000010690000009200900284000
465300900307009060800000000000001607000900040501706009003050470008074302000000001
130090087500200041708000005040006812097812000081000070003560700070000064400000008
090750210620904008800010004950160042030500067016342000380000001040803000000020093
090006047000009006105400300430900062009650073506703800642078910901260030700095600
050080600208679501900500308582790064004020000000140800100900076093407000706251000
000003905310000470000480100030006750004008209000000000002000000480020007050830000
100240000080600000004007001000300098001000000007010040006020000470000050010500204
049601070000093810060057000870305000000100207010720453090876005003904708087000000
000009100261000000030060705000000090070095010400308000900100650020056000700900300
006100000200974085090508020000217004020490000000003072972605810000081007000000056
070000620501000000060700301605007004000000902700103005040530000003009417926471003
040030600293006087005874000580702130010048279029000854030080002600020300002013060
060000001800300062000406708032054170900003005548100036310042980025908000709600500
500009026020000000009004700841000090090041070070305148000000000000000007000050300
603750009587041600419062587700894000940030050360000040076000130000600005000410276
609502000831009200070800964010000502000718609306420800063000028054000306207003090
800730609500000800009000000006800000000000076015600098100407002902001064064080000
057000632009000080306500914000300060000000203030000070000900000260700340000628057
010800000549006830000945001860000170004150006751260090403501600006004019000602040
200010060000896052000000003027900500005070009000408021008724000603009207700630890
000007100000000480010024000000080000037060048000090006700010000405070800000000037
030090640012070000000000210067548020029700504085030060000120400054380100070460098
090413576000000310000070928000340065420560080610907240041000000000100697900008450
065013004200050130000072500908004207013700800000589040506001000700000000100040602
800090006039126700612070905000000004196084573000053691703000400900000000204837159
502198030981000000637054900870032000405980000020041000700000104250419060190800050
018060300000934000490182600820506143300000056050400728100057060700649001900000507
000000001028000047069500080400782309070396050030045028040003910001020036680051400
062500010017260080085704060000102036001600798030000040070400050853971624020350000
207400160098006000000205800009064000030890001040000020600000270000000000900640005
000201004000803000002974803003000000000007300000020100045008000206040030800000040
050000000000000050040000623000000100002941000004603000009802010000000000007390080
090200500000500907000000200049103805005000130010000009200705698500080024960342000
005687090000203068608040325060500003803000001590830600002000030140395872359008400
009400206320198007047000180604000001000510060050300090090000605400030008078000000
050000900093078200020003000041390865007800400080021300370602000419030600802049000
008001700756804000903600204000903100067058000000000020800007050020089307370560809
000000090000030150170060003000092080740050000000040010007906030003080900000000000
600902401480006279279080053048501307100700008020800060500400000000000002800005094
700000053900000000500100200376000080000070000000000000000530167000700800610980025
017002090230040000090000200008760000376500008050481300700030429000200000000807060
040000000700030050500201036209060080004000760000000000000010007000700000460090210
041029530006705840030040920009000370308910060000000410003007102190306704704201003
060971052000080090001000360000052000010490030000000009000000601005000904070000000
000004020894152030100760040010476000089010400400000301001007500900520600520001000
000080090000691000006350000080000005050208139090000068000016073730000810060003020
300400900908000451000980300701060800090000000046820013000000000070005030003000005
504009100009080056000054927400500702000840695900000300012400579640075230000100864
000008300008400072009257600030500040051600000064300000080905000200000038006840200
000060000420000956569700100095400000210000460000000530000280010000649078000000094
194037260800000409652100000000000008700060501015009306001028050506970002000046000
030080000005260049600304100462900000503071004700040000306019702208400090059700400
062090000070000005000300060086901050100050000307000001000000000030400000000000409
800409730409107000000800900642913080080602300010000206064090873300000100001378005
040030010000000900000120000209000700070291006500340020000000000000000060900010008
900300002207180064430070009000000000300005691082600003895400030041230050000058410
000420300002130059060009200206090800009085624058264031900007000874010003620903087
670500809140209007892060050000431000000726001014000070000100400000005002008690003
002300801090426503000000260000000010007800000030001000020005087650010400000000300
500300000000290430604100005900024008803019050000638000005861092200453600180002000
100076080300512060746000020083240600007050014001097005035004008800005040000089352
601000305020004608054000000475010020100000000002000000840106000210007830000000000
700000680000000003004070900930008007040000060008000000009000040481000000020800000
600500900800070030004000200001900002000400009907200000320000000700020001100700000
004001000090007004807000000200000908918070000603000205000056400756400000009100056
007000000000800000000000051830025000619084705005160380050018032008030000000000000
000000092296803507000000038000000000000600024400000000108900043040000760000304000
047008009000400208000009007000102000000094070700500000401720006205000900300040720
030007400900003700000064000010679000000000000004230007005000000000050001001008000
007060020000010087013050600000180000005004030081090240032001059000200000008000302
060005080100600257700910604500180023340709000810032090900000072604007010000091806
009006351674053002010008607100000080740001000000407005007009000402000010030004500
800300020000002005000050000000805600530694017000071803020087000305029000000060090
000507690000342080070691042000009000000000000090104200000003000452076010900405070
420701000008005003600400018900010070870900001000050060030560000500009107290173580
090703201007400000214000006075346028102070000600080050000000010000000400400008000
005004172701000943030000080050900000300000400090073025000800050000000000002005000
001042508400000960500690030710004300600000009005100620000980146000023897090000203
810002060207000180043008020000060800009000050000000000002000000958000010000000000
000600075705080000300000480006000300000726050000000006900000000003007000000090003
700009000406500931000002800000807360630000010078963050017020000000085100050791620
067813000905207000013905270794000508001790002000581749030408000000030405050670023
200004078010062000490010050102400009038000546000000020720040003000180200081627090
010907000023461509970000014030000050008100037100093000000004000000000003000300000
050728306700036045060405000100004030300000000205080019510800700804673951000501400
047090683000800040306400219200008007658000030700021806063080024400600078875040360
609408200020009085000000096062080307801000009004000000006005032005923060003806704
006000210009760004004090006300210007090306400000800030018000040070400098400001060
080000300307000100105763008073290010002150430050004000720819500008000702500607000
000042900301785040200003080436591208100078000020060590613009000000427030040130059
031007060000000000704052108002106700010470259300029806080000920073004005409060001
385040100160005007207060305004506008500000904020000506002000870803002001650800000
700001600005037140024086090007008305040000270006702010518069407063200081070000000
040080190060000000835090004400009007602000900010000845700053000003206008006000059
620504790700006010010090600904080030000031004000000200501000072000160000000203000
006000010000010070080470900401690000000205340825341600600029508000060700079030004
040000630900020504003000010436005090210000008085000400000000009092064005007390840
080000200040000500000200008170305000400000017826017045000800076000000009701059800
760090040809000070400000980100068000945027600006000200030600451500073069098001003
000040030040000050080007010020801007600425189000603500008200490904000025206004873
042076095005000071000000342084702060200001084000000000700800050018050000000000008
185000600000000000040500200056070000002050000000200065514000000020360500900000700
200610057104700903000300006000800000000000004000000000906000080000006000400080090
100000000279040008000801000090000003041007000702900004008000502017000806005084000
000000170000894000200075000090028050670941028000750041020503000300000000040080500
002496308300050400090370100010600800000007040040000007000000000080720000720060080
070120000600040000912080000780090602009060308020830004030952786867300029295000040
200007006307009000650020070960200307030604000801300040092000005070900000183706004
090008304002060900036950008600090702000702830201836090000600071060571000100283049
400001603000040000007930080750090068800075019931080520000300000000009000680420050
060000714047000009203007856729100630004000072306070081070800090030700160680305240
013054700240008900786030050000470090060020000057890000000340080508000002304000000
700000000000050000000620597000000370570090062204007001028060709000000020900480603
390700401720050083100009060000007195000091308010820046007010000001900002953270610
290000503000306000006008401000070090740569000600001000000602008100035020902810007
306000905280970000905006000091638007030407590420091000000740053009003000000000040
020400069810009000007302480080046200069000008050030040230600507000000604000597023
001900000490000070020018090004052007000080030760040500000001040000000001100006050
000200010000000000000346297000631004002050031063704859000002100500003002098005000
571030000004010090003200000007009008100305040490000507000050000040000005605000070
800070900596200104010905038030700002260001700070050001000090003050817006640003017
000360002000000600080000057000000203006009805050620000308000500000000000000701000
890400000001009604406710298304900805000000403508001009203008540005037980600154300
965072810000000020004001500009280130000900000000103000000000081000700300010305600
076000305501000004000000060000000009700900100000004000049000800287009530000200000
090526003002040900300089625605100479023000056900008200050000708000860502800215094
285070000000000000030000100000003400400000530003000901000000000040301000800040309
500030670070090000030072090005081000926000000000920305200000800003010000000800200
002090070049860215000520903007005000000003000200970000000002090400756301020009007
700000800014060902920000000000900008001030000000700000000070000100080006200090084
024010700000007340000000000000001095003900070800762030500096400002000080000000003
710200400000705306203004501070000000006479150500080047648907013057032064030600005
205000800900106230000500907300040000652900400400060309000000590006009784000078006
300000000000605700005347000000000000006053079000806000000000030000000020709108060
000500076000068021000000903006105038000007260780040000000001000079000145104073082
070000050630000078000487006006100800000074003020000647015700304460000000087040000
500047620497080015802000070970004080020130700000705000753009060086503492000800030
000003000306090800049000103000000001190000000860900004008010500050086210000500080
600042300937050020000007500080000065029070010570400200705804100000213050200090648
000600752096500301005810460060059000004782136000300000040975000800006507509038604
007000090003009060000070000302601000700903000060080900216754000009100700000390006
000000040000305800305000006000000007208050003050010208030104000000070000070030080
260100004000030800000000020090020060000800500080001003000009030000510000020063000
040900000107000000000100060060815000302006510850000604000002000000009035000001040
600930008040020300005148207560090000712060900090002653376000801009000700200070549
598406003140000000002000000070500000259100007800060000081040500300001006400030190
000004278870000030400200050000382060080000540000500002000817690006000007008095403
008034065106708000020016900405007009600002400090340601060000000000050700001000030
051078043904010800860040210003851060100907032096204100600100087300705004570400000
290610050860000000754002168000090600079200000100050070500009230602105009940006015
408010007600000000300850000124600053503421796000000004030040670001938405200007000
300050094501029370209007016006000080900006102024008065000062030600040857403780601
008300154100200760700051002592038040070046029600005000080010090000000008000000300
910600700056003000070000500100000000704300005009007000000008300001096000007000000
009507000812490600050008003120900800097085000508001004030009006000000002001042070
300060005060040000100000080000100000090000000000827001500000004000005800206000057
000005084081970300000000902000008000004006500005007200948000650320050000000000020
000000000000000080007000000163000000290060000074295060000000900030900000040000738
204603007908504006063090005806040352090205060025180400540002708632001000000009000
002500647460000085810746000070302060023860090000497213000670029200100006780020001
060290000009503000038176009471300605005010000090608070004802700000000003000005010
130008000000000080089070030010000008000004602008000900000000000070206390001000000
807062050006000007030000000900200031060900000070010000403000060000000070700628003
902140000000073206730200145627901430019000700004700000000300010100000320270010004
080040002000008530400020900600802005000704029908300700704080000862130007391000008
574060800639020000208050930400090020960280050820041709102070600086010507000830201
080000006064809500000041090010000000506000039000060800800000005600008020000000000
000090300340120090860073501901807003000002905030000008695704032020906407400230009
000004000000000600074500800080400000000207000060300000700940003005030002000020900
940000030700000840230000000007000000080000000002809000004000091005000000190004526
463700210800900006000003857050004680638570001910300000106830590520000078007050164
062030800300000000008612050005080000834000519200190008003000005000903006607001390
038105000020004860400006000014079008070583001005002607760250900000000000040300000
009000300007000098064000070908021000020006003400008000000800009800102050002075800
600201709080704060490006218830400000004605083000008490360012500019500800040800900
709132460000064009005070201017000906896720043400609107530490708000000604000007052
038000165065080709009651400007010004000800000090040000016435872070060543003728016
000008000010300800048210709801500000764021903039704000000082315002100090103000248
514000380086001720729030500100300805065014090003006007050000900002090651008160402
273009008600030190095084203500002310000000500310046007056028001030905400002000006
002003006006002003900500082007000000000000000094258017001000860060001439000000020
000470091010008706467900320720004100540009800391080050104003007800000410000040900
150000070090000301000305200734000009000090007000400000300008006085004000600000002
070000002000073000064205300057604290290750400036190807700380000083041005109027083
000200060008069005060005000007002084000384090380690000046970020500806001970503800
000000000100680090076040001931000407020400109000000005609500700000960000010020000
000000001050009462100020050000290000000000600006040300580030000007000000000060080
000090000040085030790040050070020003009004205020319046001407028800001304430800500
312580740085940310740010000490001850850600100100058490500009074968000000070130060
000005000000902000001000300005009470002000080370058090000570012000001900000090030
500403008000905013300200900000700100400180050000609704000000000000020800600540000
000000403300000009921004007007050000200006195500020004605000700804060001000000006
002000804130004006805006070204000530013200760090001008000000682000000390000090005
000859100172603059890120000301960000940080000058310064087030006000078000410000200
083010090965087000002509070000093700096872400000005936039700000650008007027456009
000509000208006005030070601007000358010003026000600000002090000091005200780060000
090200060030040007010000004020006040009015000000702600370000402085004036040367000
001089542070005601500310900000060089010000000000050710090030867000000090860942000
071200030080710294009030000090008067004000002006002000002000000000423001008509403
800563270200890000063271094905000708602748905740005002300080050059020007100400300
700000010800730000209800000020000700070160003300000001090000000000620004408500920
293700800801002005070610200080000100000893500000460009908307600000180002030040008
006030050000020910058100347001304025800005700620970830002700080500002409079003000
070600040240000560005400070608000000090008300010070800000800001106090000000000000
000001603900207010004000200600012040000070821000000000000000052060000000000000036
700000090400050000900637041800900000070400650006703280289570403100800000007341908
000002170700080000003000584450020801200001005000940003002000010104059030000000000
070000000080570010000002000903058040000000500850400030000000300030900080000701090
002604000000780020000050900000300000200009603300070004000806300006030009000000460
020400901000000000004090200350060710008000000002001000016000000007040100040018097
000007090090010000000003000000030000400609002002000760200000000908300500006700230
700000940080765010100489570607090000300800762050020100943070620000003850570210390
830020004207001063040300009002030980000000300000690027709004035120063008000009000
803601050750300206000975840030006000000709038097000560080002070304168000905407680
004030080300000240160904007751802930900501008002093710516000000437100800800307000
010007060008003541006015000009250010600100800400900000900542008080000050200000900
050600800006009000030057002300700004001900008507142000000204001003098247000300080
080000503000004000900300040000000000000700005040500008000000380000038000408200950
824005710000000000003000000000020000000903047530004000005040600000269000090037001
000008370008007152307015009000150026002079501014602090070040000400821967001796000
000000000420800705000005000004000076060000000208076040040000607600000000080600000
002009003070000086035682040003056000516800300200000651008004100004031805091560072
030901740700000090500472036410208900308090007900047028689010203000000054100020009
000050000000000000010000240000007000000000000060008590003004180081503000004060302
010605000067900100002143650008009010040000268105286490200004870786300540400060009
000400791800079605007000004704000008620853479380907062000000003502004900109320007
507000001000000800800000500000500000000003905060000002000980720100000600720000100
800030000000005871009710043006180730700604908001027400098071354340096007072003080
004072008000004002700500000507003290003000007001000403200080000000000000000300100
000327500020000090000001020005009280200000960900700000004000012000073609009000370
800000052250780194090523070004070800700090410908000207000030026600809503340207980
004659078090008000702300009570003000000090003030400900040000000000030005056070004
607810394400657218802000056000006000030000021026038075001009500065300000740260000
900080204730602050004019730002000007009100682310000000190700420420001070076250190
300900000000000040500100970104093628937000400000405000002000010000069084005300000
060039000087064000030005104009506000314908000600010908203007650708651300150040090
803250146000003500529006800007000080080537000000800000705001030001008795030970001
908200706000760000570309200000002070000000000000003820800170000010030000003020000
000010000317269800060500173036000010008000002001030000600000040020000000100000290
020000087708060043300100060000050706600024050000706900083600005540000602200000830
090000040004931050005040931900060500806027019700009368429103600018675000000090083
700040586000600002000000040450020190000391460000500000000132000000800201000000070
009006001103200060508030070000000006780610290000029580057861003320005600806040700
100045007453782090800609003030807061000423070008056030009001042010004689040900300
050000000004006738080000015170093006000001000000000000000000060006070023000009071
008002473000004000000180009081690732000018006650237014096503040000060305502041000
102009000549608100060010090600831002025000300301045009000003240214596807800100060
064000087001287030072400005200000508006010700100003000000000001743000050010850000
450200807800100006300908410010320580020895041090410702930000060006030050000602000
801300000300900006900801000708013000000008031000000000097500003000007508000030009
050000000090000600003106479000061000900007000000030006000000800000008000308020001
000000064406298307031000298508000000007643985064900002003850000005009401070000056
000060000600000008094030000040020003753000020001503000000000050530000000800352040
800709056400150300006382749305978000700000000000000008000800000903060020607001000
980000100106978000425160070700020600000700509092604001054810290200005010801007345
060803007001040506000006100420538000197002050003009042740600000000704000000301074
028743960740065008960108740450000030601207009007450081300000072000390006010072090
040153060008907000003608704060005001390800470802060530070000648000000000406070020
840730020375100004000006000000007003501294008080300492002048076703512009000600010
398005001006102803004000650000006000040000000200900705000003076030000904600000038
600001470274803500015027036061049008097380000800000004002000907009000681180075043
900301804000860000000000300090000402130080005000700100000008200600049000040500008
107400800005082000008301000500030000700000380003040000409000100380700200000000900
409000730000054000280317490800061043500208100007000809908106300601000084375809610
276003080031080060048260009060021090710090004300456000624079038107030006850000970
000635807300781000000090006081270400005100000792003680000050079070004008000017200
079004006008190003340602900832070400010020000900000000203008100000400002091035607
030000060002500700900002000800340000000000005706005000400060500203007000000200907
001043205300295800509017043000589001950061020070020580610000908200970000007136400
003000600005000027006000094000600000607300809024580060002400080800700900400810000
238000000457000328601832000000060000100000079700320485570009000910000006000070000
000006980000580000809714002930840701007300040080000003000003000590000000008021059
902008603300070184010300729000000000183600200600004030000007012500001368201000900
700020000100004000350100000230000000000000000970040000503009274000000000020500908
200540000700028000400070000100030000000007621007000840045090006000400009070200050
030002500000370004000050090002060000000000210070020005000000080700908100090015300
720058096100000000906700000800000500040200600200810030010680000000000900690030050
421000000568000000009005002007640210000009600000030000010000008000000000003500001
520900700400208610106347002853102070610009300009500001000700438000000197070000500
000000004030604089047000503000005000000006030060000040000060008000328051300000900
071008004050240710023760080340000000060980003097005020004806000009020000700309040
010004008800060000200000006900000000064000189327190005400005831000003000108000200
300000286009028005006000070640050030000000020008000000000300060000005000700480100
149302576000000014765000800400010260000006000002000109006040381003065407004100650
070023000509600300000094080020000807000000914000058060000200030910000000267900500
029006508000920700670853010200600950090040800700300401000038105000500000905060000
710080040005000000200004176000020090904000030300009000029400700000706009670200000
000036005236009000500040032604003007001600309050000000070468290302005860400390500
000000300040600008000000040300080501000005060000004009018032090000006810000008200
203000984000132060007840013002000879030000140800401030058910300000000090000003708
710090600009060300006137982090670031460301500130050004600080000000009176004000823
920000010000603400036492000080006000060900720040020100800000247603240080002081000
037002450000004000000000280060700012790208000210000390870526943049000620520049100
000793680070060105080015070700000200006070840840500700000907000007608312500130097
030600080400010000560000300020901800301000007000000010050080000806107009000590000
000804100000390000400601009000008050000010807820540090900030540048160203000400900
509040028047006053080530010091070506000065039000391047900720305700000490650910800
200030087000008090000509000000003000030000009000960000000005062402000950050000803
000005000000000000008903500650409010000130060002000040500000602001006007000000009
800560030560973108003012000000749081000030000008605090391286004057090002006450010
005704098090150742040009000500201804213000069070500200000060020001900000350010980
100000600039000270500710000040600100000004500050200000601000000000000740000000800
009800301040302950200900064000060100064100000821050490400031609005000000090004503
700052100000607500000400900030000081008709000042060000000500706000920000480000200
000851900496007001080000307600573018000000260140009570800090005002005604300084000
020000600000060047800020000031050060000002090000470021080000002006010830002900050
094500000000400000600278900048050000020040090000620000000300000410005000000000050
708001650000406000650807100590040007080105300040700591063079010970500803005008900
900100506060000700710003040247800000185369200609420050470000309006000400002741060
000810000800004600204056001080420169600000502005000000509000000068002000300540006
050000320432000070000432000000070000500906000006080000000009000000000002200000607
050000000600980401000105020000000000000203000086004002400300000860079500010006000
600701090500040010708030006235004700000900000000000000379405000050016003000300004
043028050695301008007506000401830000906004302200070010060000007080065103010000640
210000703004060500307200400001008027000000830400000005000100078873050901000800206
194020700500087000387194652000875390043001000070943020400009200000430000619752000
405067200000000450000004000000030800850006900000000000370000000100070592000800000
000627000002050010085000000107080500230009100004000203000000400050400000006732090
573200409000894005084750000457032000360910700008547000045306012000020008010405037
000281539281350407350047801000035694030904078964720000000000042096070080002000000
007008000400002000010000070178005029000070540530206107000003060080000700000007008
500049230103000794400213005890300602005080307730600048600090020007032086302000079
000400008427508900060000007000046051806000790001090800039070105074100039005039604
000600403090040002045007016060009240004160305000020000000906004403000000000070020
000600800670400000400000060097506200063800700842100000700000008054000670000001000
705000840000003002030072000000208000571000420080100030060000095150006200200010000
001068074204900060360200900197035400400100830000000097600702089500003712702500643
017805006290107000380906407000000040020400000040000001900004873104080902000000000
000800090084000076509070200005906000693020150872401009006000000400000000708004900
086004392009560471107093800360007900071020053490000708000681007018002500000035080
003050070504008302768003009000530040000700200476180000007000000081005790005000000
403078060050290000009100500000745020008001050000080310040050030300410805005023470
020809700006200080980167000040000163003400000000600040070320000408015000000000571
060000109200930000903006700000400060020000014481562070000090500050700400009080300
620700800000000600809260104512840960007093010900150480050400700200008300008036200
060004800200000000380000092900000001070602049000400000600000008003080020000260500
801090000405010700270000080500400000100000003007235006054007002000006070700023000
278000035900200046100050070010000000890000500620500090000000000402000000009400300
070000008802000003300820750950001207600782500028005136006070001000000060100200000
010800459000094030005012000700209060000000000100080900300048010849100000020060094
002407030674980002030051670000046980001008003007000060105079328000010090006032040
000007800000000600004090000300000000812050007000008405158700006900000700003200000
090030167017000580000000002709002001005000479000007000928000000530040000004289000
800420030600000040000050000028000000000084050057000004004000002200005060000010005
030001000062000009000040020000050804403900150010834960009015080000703090000000005
000205903400080100093600500301500000040900701000130400000000250000050007028090600
070040010006007000000000200305000800760002000928004000007000060600000040080635021
500000340006300007000000609920000000000400002030500006007000030059100000301702960
007000102840621000260357000100273000900806020023500000312045896000068210690130000
240900000600400803090001042002000080006000000050800000000200000030600000020059060
408003009000000040500000000709002000800907604040000070000000308000300000603501002
013600080006080013980000570000900020700028030000501700090040000000090241241050600
968710300075003896200000017080002000639000205450000000006987051090050632014200089
030000820560028049082900005005000700341607200600852413703200004006000900018000000
000060050080701004042500300060450080004000006000026540009000060020000000400000000
060310000947008000010000000004800000030090070290704080079085000000070040480020000
200800614000004000461002805010028700005100900002000100003200501000439200700060030
050010300704230069008900040000060020002500070060040000825001000000005000091470058
015000400020000100043000000100072080000604000068000570000905000000000003600840000
507020600639400200010300547004270803000003954800094001402806000300042106000930070
080000000000900086009008410075090000008120070060500009120300098006002300543609721
500600000780000200004700300047050030316200905000361020078035602003006000060487593
000031700100600000702504000340002060209060004800050201007300010004010000600000000
300906710700000050050007040901008205060000034804002901406005080590080006000020000
240000000091402680060003002020060397000008060000090000015730020400000009600000000
035209604892004503740013200013058007070000050089007061027146030001005700000002006
814000596000000302000569000007090430031070080009410200040102060065000020103000900
400509013500361000060000000000042507700000000002700000075890046604275930003004052
001906800002040000006082000053827194007410005100560000000000900000195006000000000
010475609000006000000831500000107004001549360095623710140952036000704000509300400
000007003075000000930004000000530040600100008000040170060000095700090400300426000
000000000090400007070020014000050100061009042400017000017002400000000080054000000
500020700920036500036504982060007000300100000085000300000053019091000430403000000
030790605050020000900006020090000042600005000005000701540802070302000104009401200
801003000002500000009004000000000000093040001018900000000051608900000000040800000
000090000000000000700000065050100603040005001078300000004050098007040500000000016
900170023203000800000000005000000000800905100000080009094050210006010900108030706
900701300600009070100030049009300000200564000406000030062008000007005008000100060
000570030000394010003000700400060203009041600050003401004607520090038007170050308
000500789005908360879106200963201800500309400000705003008000034300800906096003020
380000060015873000900156730050701084043500607070000000700000206002007800090605103
907004000000325070000009000052000400000207000006003520000070190070010002000000000
290806730080350090735000601570004000009705000400090008056000000000000300040100000
007000005400021800015086030040002000720608040006000000050007390008000072072000050
000000010000007030000018407000080370800004002000002000057940801008000940000000060
000090241000004000421000900009000000670000002040006309060012800013085007584069020
000805010050210360240360095403000000700520001502030000037600000005002000020103600
492000130300940078000100002003094007607800004000067010039000001006000300870309000
681204000050000001093106002270960008000570360300001200006408000824000010000600020
005000900026000040807920105000000460308000050009250000704010003000000700000090002
000070019000806072000010050124905680000001030503087201076000008809000100312590760
007000000602010407018090630009000000203000700060000000020980074070006005905304100
000300200000008004800540016420150003050030042000920000004690700500010408307480600
009410008000680000006072400007000000020856790050000042090000306060090500800000000
703040810008000042000508300800030501042060000000000004904020000200007000580390020
000000000060390400000006009600008000183005000000679103841500900900010070000903041
000900020200070300030000600140508000000010800080030017000085000001007003000092040
000000300000560000000893000051000007900780050087000003000010000019000000000000419
186730025070500008200000900562001004040000109891070200427000800610098002908000060
010040950000200040000000030600010300023000010000002060000700600007004125040025000
400830500600001000020004308007085204000009000902000000030008100200307000000000400
005904010000060000700052903600008391301007004084300070000173268200400100137200400
000005700200093006060082409000000000010000094000200300730054012000930600006020973
001586300379102805860900001010065700650409210000000600180000900530000006002600500
204060598700980300958003106000830740001600203023010900000008430040090050082074000
042010000930040008618009402050020807407651039029080016203000950500372000864005000
070503000020060000000000523400738000807200604010004700000002006609307100001080300
009560000500000914800149756006752030000006000000380690005000043278030500000000007
800412056600809014000057900700940500904205007250003109049020005507000001002078000
059040807008200000041700900100000030820930070905000008087000015000500004503000000
800500004003020570900004008305002060000007000006000400000080300000300000030006000
500004003060000008000060000000020090904700065025000010000003400006000000040078006
070000680306000000000800100508000920630200040100000736000140000053027009014008000
000152004050040060840000210000527600720006003684931050068000020500204980470809000
000453000000907530350200000020390000590840200000721903001500040900030020036000090
705090020012600304000128056028500600057036000693080000084710503000000000271305008
000040200000901700000280900001000403000002000956030001000304089000100600009005000
203040050590023000018050000600700000100395060035860017750000600000000100000000002
080340051651970400000065009810009000036081004000000817108200005970004008340810970
000008100080006090000700002930800000000000708000001000020300900306507800500100000
000000002000000000070000000000187005400090080010000390300800020700020039000030670
090056730061000000237489100012897000605000079900060013003070600000000027709040050
603070905080904600040600087012000500564300700008046302001895000009403200030010050
800310502190705048200080000000600003000038000000070260602000315000050006530067400
032008090000000603400200850200005900000000004000042500050000042020600080000400065
731004650850030400290806030307062000008040260002008740080005020105003980420080070
000800050000000208209050030300000002520040900010000000800024000006000005400300010
000070050000000070247050100001000060300510020000763900060040002000005040000000006
190000500580901600000800100900007060041008903000050004000190070409070380007580000
103004000009000000600009000006372040030000006001086002400090000028007000000600028
400806000321405090000010470290001047510007000074089501100053000700900020946008703
300708521087500600000004790000000009000070400030809100050946000009087310800300000
050003000009016003800279156007300090000940267498600500085790600904000085012000004
060300004100702009074000100057009820800000000006200000000007001000006000001400795
475020900000908700003000600006802470000403100007160802030500080028049507000200049
300271000200000000000060070001000000000050000000000306003108004060037000100096035
904000850002008004000040002048200060000400029000630540037000405001054007090070001
030000950600000000017600000040800000800030005720000098172000000000300020080027540
509300460461509308000061009085000000013000000090005013037946000006800137802007000
020054073173900546046300020050000080010798602987060310091020405030109008000040090
100000050097400080060007000000020630006809405254030970005200003021300040008700000
280960100900100000000200000070000040600001000000049000000090400006020000000006723
900003000000500000561902800005009070020030000600020000000356017006090000000008006
000000000000500007000003506020035000800402105000800000702050604000604700049000308
803500460207409130006008070000853040004016000000047006002094600000600305000300090
100000609060307408005090700000459000010000905090600003601075000008902000000103500
009073000700601094060029008100000000300710040004200000007040820890367000005900600
500230840360000000700000063030000050050683000004005000007562380000700506005040000
890304000030000000000000030040000086007000310000006000061080000000003020700500003
070265080000700250600938000700000030000500010000001400009307020030000090000000308
081204070400607000006000000010705000007060081900408002270806000000040000040070000
000800010000032400120007000967058241400906500080000090001500020000080004038700009
090025300002060008106700542010257403040000000070030000060008030007000000304010057
000009170008320004004000002040800300700000501000400006010030005060052417000100003
080302475040000003000040090050000000009000080000758000000000200301005060000006031
800100900900008000470030000009010040218450000004003001102000008597000020000001509
860079002900052300200600040590260480326040100004900620179000804002380071030701000
140060070005002003690005000060807014010000207000034500000001000000208000000000000
054387090000065003803000000197246000080700000062000907200603178700020000506800000
007000400000006000805010730000041000006870900370950041001300000400007005002095364
050037600000000000290014300600080930000000062379000004900640781564000003010029400
700200000060000000490700000006397008000160000009050401080600009000003800900070100
000006000000020006000041020000359680084072000009084000030000000068407000410205000
053000400000000010206000300800009000067800000030000200300605020600400000400300000
160020000200390460905600002049801200702409106600002000090143020413000090026057314
400000980080000000001005402200900048000000006100008030009280700824170050713009000
024680097700020080000000000005002708060700040000500060000070000000004006670000034
400056079007400000050920000785002400040005921100600007278019000060070190319564000
952700060000009000437000000000500010000000005005301028000000134500000000010020059
000800000800000000010005480400300000080050000000020038006000050000067014000093000
950060814030810000180097360000050001000431000000780050203948600000605123000103008
000500020040000560000400000001209070080004030903005004009008700004000000000000000
300049100400128037210507040503860700000700053000953060020370490000206370030000200
203000010985001000100000000000090000070010080001500009500000000000060008000140250
020079000000000028010080000970000000000068073286937104000720500509000700032090060
506420190007086000000097580000710652652000708000052040931875004260031070070000000
206481900001000000750006180000150700390640851500930200004005000600010508000000010
200009040001000090030164028304250907009403265000078431000020800006090004090307612
060140970000085310300029500000407629043290005000050740000060051006014000051372006
205030008008725301000000200010800000000592013900043700000384560800607000000219000
658901237000005010010003000070000102002007084000000006000092700060084000900570000
608000000001000000052908000034085000070004600865700000007850090016200053083096007
000010600000068290006020100080000000000030000000590080008000000000000020300204709
037100080502048000060097020600000058000800040000700002053400060041076200090023010
400302000130000067089607000000096703003100900006470010000200090800960370090731800
004001000080000370290000800000409010009003060000608000000000000900007080005900000
620480900481050600003020018034000001016004007200816043002348000008705000795062304
000000000000023009007040000001900000000004300000300007100700436870000001040091008
001000000007001000060247000010002000090400500000010060900000010006000300000056400
040090010580000000000010324060509080008042000007001040096000830000030000020000700
008000530164300080503000140406203890000670000002900067905086010240500000680000903
060000020200000851510000000050000000070805040000000900047100208130908060902000500
650034720000700006800590000000000005500001300030000061980013002001400009247059010
023100090006005000010069050035000019200090000060350400000000800607820900002914500
802040750004730802753829104005000206000401070009008415001004930000012540000003621
000000000908056000002000560096005804810000207000400000089070000005000080020060700
056800107000021000200000090035009060601500004004100085400000050170050803560300010
906285034007006582800030090004071000602004003030002058003019006068003007000600040
029160300000029100060004020537000900400910530006000400003040291048090653091000008
090002001000079034400600000000857400000930126309200700050700642900406518004080000
003000685050003710000000042015002074740010208002700561000500020501200490208900007
348000700270304001169207080750408030090705804482030007000043000000501208006072000
500002090190000024400819630001500000984006000005408060003204010040960050610375040
095603400000900001001004200028090006139400028746000030000009070000030000670000902
000000903800000005391600428900000004700000600003006087034905006600023000050008000
008000007700000000103427865006958210010074008059000070005189700207540000080030540
000000030080093164900006027007010040100080075000000391070061002001020000200005906
093462700507008006260000309000201007070006214000000063009084000700900048000027005
578062000000580100020934000090825601014300000000041009035000406000000010080490750
000900000904000100076000000040200000000748200261050000007602000002000000000000008
000000450054006020000004007260003001083409700009627005001002004072340100005900078
000008060026030087018200000100000009080095000065000070409000006000000010000000000
000070350005910027070000000000007500000080000006431000700620100053000000008050000
402009017000013840137008000000007201975000080000006000200005009009300060000070403
000709600710000020380005001004930062008000190000000400490000200002400300100800009
379460200050709104041582000967804003205007410000000700008053601010200009503100802
040083970308000240500400063000000500000010300780000006000300052050000009000040608
800401000020003600000000000006302001105000000070080069000000080008090370000618040
030007000070090003000000000040000036280100070360900000000001009000000385000000001
000000070067000800081600000090000460146070000250406000020004000009030000000709250
000850340060000000020007050700008000200070060080003000100000605000005010306004780
091000437437000000060040091749000583003900106000008700070800050050007010018035070
704600008003040106619002500001007600402006000060018700090100002036200005048570360
000209000090300005063001000080027000270104080040050270100705620957060000000010000
000700000000000000800600092020100000009080170714000000080060905000050000300800400
087030000450210000901000400000400000000927000000000000204708036000300200006040009
430000120000400957000621800060002008040073560073900000080397615397006000510204790
000070519007000080005002004001000043436900800250403007380000001000001400000000900
010004002207600008894000016703520900400083025500400380072006003048072609000040000
008370000506008002032000018000000020025010000300005060000020001000060803000400270
000000503308610000000850000800000050009502000070000490067000800080000000000000670
065000749802000501047060038010000605700500010096003080001400070008070150679351004
000726403000000076027003005216000958800602004470508100704830021050067080900051007
500002903700030005309050100600010239000400001170000006000729004063500090200000000
030817020200600000010200900100500030090070650000398000020060198900725006000000070
082173004940000107071040250138790025000002810200000760805067902003004080020510070
019002500000190800000500190000000000500000008004300000040010000021700050000009000
700030000032601590081000000000010960890000000000806200005063089000005630000000000
800000097310940200740508060463790581058360000097050600500106000000200006681000720
460007050001080003008030090000000000000804000300070000009750000005243009000601870
005000100000005070070000000007610420000000000004900000056342000402009000019000200
000003600305087010068900400209000386830790050504008700980204060420006890003009201
300708010000900000000050090100040320904230050700080000039000000000410002040092000
708000000090210786320007000030700864040090027102460003207546001000002040604100070
000021403300000020120400960000030085086210009907605200000096850600052100058147306
070040050905003680648000320120080060000600102050000000007000200590100800000068540
010500002002480005065000000001047900006009000500100006140000200009800010000000000
000000200240007008008243500002430001070002005000001900710024000800300010000000000
000170925052400008180900060004502006300007012020306000003200600208600000690004200
009000000002300070070502934590100027000200005720000400080000049905000700200000301
006700802701050600050000000080462000900007000400003000620030908800600001004079520
200080009000090000090700000800200000000000000600108005309000080506840000048010062
706040100084100007010000840309080214020003000000200000100000628860400300907600450
000007000000000000000600004000080060002000001094001003000075928750008146000046005
304759821008640500005082430709521000152000900003000200037010680026370009000208003
605702300009310050300054792400230000050400031210065000000903080100507003930106547
506000304014865000072043080057914008400006200608002000700201840000030700000050000
008063105001874903000105004070300502920010306063500407510608200002001008480039050
910004060600190008004307590521608079008000000003000846000006900076500004009402080
008000000000700000002050000580000001000000007000001053479215086000000125005030700
000003000080900000000400000100097000020000000730000018000004103013700640060030000
049861007000000680000200590054000070000480216200790005185072409720049150490000762
073206000980007602001058000000089071040560080008004060010025000002700000039041008
000000904016000700020700010000000000000570802105800490002000000000000040003000080
400000000060400700080000001020000009090002000000049602000060014001000000056004080
007100000000008561001942037000006415608000090405090600000009000904000080700681004
008600005069532000253700100080026500004017009090340010010200004900403800047100000
740000010062000007000070000004000000300500602206000008087000036009000000020000000
050070190080400060049000300090620030800004500070905000005080940000156700000340001
000008000001005000048701536000006000000014052090200000000000000080009005600000071
004020050007090000005004200809006300006432000002789165728951000000003702463078019
009085000206040800380200097102000008457063000000102574070004080600970300530028019
910000872800391000064700030001035420000040019400179060130804200648020103000503604
009000020206400750000006040020000075750000094000000062000000200300060019095072000
391874562506000000000060009970608001213040800805130007000300090149007623000490000
200806050600000210000402008400000900950000073830500461009005100504000000068000000
084060915950800063030510248005200030103950002600030409800020570010098006060105000
006002700000004000003078000000400020000000086000000003010005800002609400690040000
070960000830500040904000000600348007000000090715029080090080000000250000000000001
009007000800020070000080000785000000000006058900805002530010000070000109190000000
000098043050217609809004000030075920008346100500000060300020406082009005900000000
007010230501003000020076000043062100005009720276000490109604008060580000058091000
100004000900000040045690001000040050000036000420980160000000000508360012000001805
000180070400693000082000390054836127030701459001050630208010040049200000000000860
097000010100070002000001000010096470609407128000082369021600000800749251000015080
084020900000091003000040007000036000000900006000270100000000030000360509000000000
002304798078001030005980000050000019003002040009000073561840027007510384804079001
500900700601008540008050010009602030060700000000509000007830000906007050005006000
500076481760001052804300076050647038076008000301200640208560700005000803007000060
913000508060003270000000010006030000200006103380920040024500900739260051008370406
197504000000079430500800901008013604900406780060280019600701003010095000350640100
000000009906700002201004000009000005002800760000520000190007800028009076675082091
308000056567030002021000800419005008205000041080109500090012073052370400036084205
050184206004000573000030100430091600901072054002040000008000400140900000000000982
093045010004120000100730580600974008900582000008603407015000040000000020409051700
000006400004000300600000200000873004080000000000000083749061000008490620126080007
002001480489060070105000362720400600693100050800006001000032010230005940018009230
500120807840005020600000030004000050980200700052067080200010000006073000070090010
184000365000801092092000184923510807000000920007030000018004200070362500230005409
000000900900600100040020806060002000000000001200000068312000000000003600000405002
290165740080002051010000009009410030308500104701083005000009007060700003075300200
010000903000700000042900008090607024000050601106002000030008000760503189981470002
534008000690043012280000005060000097008792604009400080040920703306850100900367408
009516040700000005000040000020100080100000000000962001040000000310800006090000000
074000060310000080090600007000900002000050800009106005000000708100007906080000100
705063020000900630346182009820015900070306000000008000000800200102000308480020006
000000960902000000000900503000000620000002009608003010100200096204000000306070280
000100060100005390056700021000650039670000002913000706090312000001480970408509200
196230400400091002830000096700000200000300710240017000060800374000105008920400501
260803005951706080000000276006302150000510769140070032000900000072058091609230040
002500008680300000709046003003000000010709046400082300000208100826000704301000000
800030600032706048706000231001000800000400100000001700000603080673905000980014000
000400700002005409490700000007080000038600070004000080070190000006000098000264050
000003000510000000006002005000000000200030006390504002000000708435680921000000004
056000928000802000290650407000180692401260700900375001005400060630010080020936100
000070050050060000900100060009000000008007000502806009000000495080500100090020087
083060120150300070600015008900050842020603000000002963300070280210030050765000094
000052007087900005000000014003080009000200600020030140000509000302000000051000486
000000010000040007006020030640000300109000070025060198700000000510300080060000043
004003279305290001792400006607000315003026000900001700570080103080000000030000900
020000698300900502980102034060430007079016000003807106008620001010783200092000800
000500987090000260005780400001090040000000000000040020000006000009000000000001079
800206307056903080900000000090605702000001068085000140500062000009500200002109000
000408001000097050100000384005306009000074000040000863001800000700510008000703005
020104705000759060907820003800500206095067300760040000019600408004003007006000000
000980020090000000000060001008302000016090340030000098020000000000050634300000209
500900000090086015006150000009063080080500026623801900000008540100400203900730001
010050003038601009095483201180970030350108702907340008003004920800000300200530000
300000725001000364050000000270600059600009040000040080403896571007002000060501000
300000900250008000000000000080306007700090000004200890072100000500039000900724000
008304107003705068007806003000900030060043070301200080105670004200000305980530700
000204060040005008050080400000000004008000200037102000000000702075901043000020106
010060720490000000070180940702630090000500870950807600001205000837400050009300460
079200000201064000064070000043500068600000050090000400030120007006400090080030006
000740309070302500930000004700100605000000080008050000090800000080415906100900002
005080024000410000024006000000009040093000600000005003500000080936708010480001000
350906004400050069006017520200008010001000480648030902509070030004020000120069000
200063470600014000140908000000000000910000007703001000000100003000000000350647000
090000000520040800073009001000200600007018300002000100004000000000000008200003004
012078004400200008800064210730020000059000400020951807307602000500000002206000000
005800200607030090340090068800240005106703002400506387291058470034900800060074000
000053040700890030500604800100530700050000900000900000040005376205007000037000000
031050840046300720025400900058090007369070408007504300504030102683020070100040080
002104600040030800009000001010509280605000000003041960070405326904003710230810590
004253007100000320300001600050700200040000906070000801000190462062005710000624530
705900000006570200030640700640050002020000507500002600167235009090000300000080100
000008006408956723090020140629030001007000269850060400065300070784610092002004005
800000300700450028030200097608010000147530080020869071080690000451300709076045032
301700500024100000800400010480200790009640105050000008603824900248591037000007284
508000360072000008364900070000409000000000000040007021009500010000300250257100809
120053486053604901604000307908310504000475809400900000030840602296030000040090000
090004030300006000000030000009500000400020963010009000040000000000605100000400002
310000062500000100670000058000803240400976013100005006907501004064000000001624390
000000000006001000410380056020000000034800000760500304041008527000700000050034000
800000941020004683000630752001387295052000378000009064105003020270591000060800500
159360080000000001408100060900600000000004000602003050580210600200000045760040000
080903172005270806007640350146890000070004508800000001000080030098530617023000004
120409065408306000065100408000001042010000039700003000080930001000010004601048903
000021500475090000018500000150006003000015460064000000003004090500060000600080040
004000020000040000350009000000060080800401300036000000040007053000030000500000700
320700600000460029000030000000000904060380007000094000083500096000000003200003000
400300090000900000006000030600700020000010070090250001009140080100006709060000004
040000600006000070000056003000007000000025090120000008003002905000519060010000207
052016004006703005043000960400020106500000000100438500085201007000074350070385010
200560100010000000056090400000000040103000002400000000000000080905008264000000005
004000000300600700020030400000000000213400007605100804109006200000000000406302008
017482650000009030000007000000951000050008000000006001000600910025003700100000000
900080406000060907030902000000009810002000790700001600561000089000000000080000070
000000000050690380438000097001070040000000070600940810003000062216709408000000700
307196400190008000450300006649800710002640800035710640070061984001004073080003000
900000000000968107200035006650000231012054078000010000007520680003006000000007002
407001205100625974000090830870000040000000052000060710740003590000900080659000020
309080500180002006070000040800700600603891004005020010256000401407206003038400065
600000000200306009100000683080060400000800000050004320804030000500000800019000000
000000000000007010270001500341000000800000600009000001002940065900706180000000000
020040000050000060600000070070000800080000012060084790006008007490000000500006040
170206390003710000526490000092134780000007200800900030209040576480675900005029000
000300006001000000060400015036007000845100207200004060000500000607900030003070000
063807024000100008800400060008000050000600000650000002006904200010568000007000000
010000700300000100000000508040000816100004000090100400001400000007800000000000380
000903000000070412000410000074020000010000700050000000000840290025060841081290300
706000580010760302300500000040000050280156000065000000002010490601090025009820010
310046000085000007000080190052403600003807501807002900004070009078021046000000705
200047000005000621900002000000000910307901245000000038000020480004300000500408360
070004502018260370060003018624097100180000090700380000240600837830040056900000001
000000000502100073000902000000200400620000001000710000701020800006049000000070002
060000100000000280200004300437006000020000000810000000090680000600501709000700000
200670001000041092000800603735080209010009000026050184070408000003710000040906705
000000000000006402003010500080205000000000070900007000092001000700000024500900600
000070040731080020800000713027090054910004372605732000086005100170008000000907008
040020600186005020009600000000000000702000000938400007000064370000000000270100060
200004351000006740000100269000000480607000002083051007974003000106007000035000974
000092013108000020000000400045000000000000200702089030053000000019300040000010085
002058000000946020090000801058000130000009004746000000001004200000000000000000090
175040000000001890900300000010000030000610080000000600600087040080030060000000078
486010020003600019109000000645701230020504097000002060800150900702400050001270300
026070090903060010100934082602700030000048000004021079001593000000007053509080000
000100307060300020000002140500000010001023600008090500000016200007485060006230050
020001900000530140000679003070100890100068000986200310351890002849026530700005480
601027500072905006908010700586300000300000860720508003100209000005800001800104000
900706000200010000100000026325004900000030000000007000080650001502040000001079600
002000700057600190091047208700009540230400007040000030020004005570263419010750000
042138090090504000080709000600280073009600002000000000807006104421000509900012008
039020000207104080640000020000006800004000600005400070002600038406807100008000006
000000307000573000057981000080000006000039000000000000004000200010000830835000700
000010050000320400004000032143008000078000314005140097001600040650432000002000900
010000038908702000050000700520064009000000500080000064800090075075000290000000000
000420560607000200000050391092045013745100900103000400019000000000000120300210000
654020000001650082000071605019000000200000090083010204495802173100000006860137000
568100240100400050000508710750013000203849605040050320000920000001680030000000102
500740030000280006328005000106370005052961003030000619080100960015400308009000000
200070500400000320000002907600090400002000003000000000320040008580600004900700000
000020000635004008800530900140080605509241000783005420954812060000000082008000049
034000908007340061500000200090200780621007409000930012009401856040000397860003024
500800003006370045007000000050600430601000000004900080000136000000000001003407092
950100060400000000001034020000400100500000043000005007090501000080046900640090800
000061000016000900800004610060000502070200000200000800050000106004618057080020400
001400870000020490000007000405200310003090287870301000206910000019000000540000001
000078600300249075570016002901050030000000000637901050700003280100400060000760091
201000040089400060040002980578041629004069005906705001890004006603000050007000098
210040000060357000005000600503009700081764053406230800050903418000001507100570932
190300000000091300000000010030084060071000240000176500020000000810050000050003001
700028000000000000540700000010205000070380020004960800000852009090000080000479060
100623058890400603060050000016000000080000000200005160603000510000500736000006289
010000004000403600300000200029000040460201000580030000000010000830006127071300060
382070410760010200190038006006943007208050903039020000000160000640302080000000064
009000308006000100008914000000200070000407835600000012500320400001758200000106587
401050000000004539005007108803200060004000792007046000108000600570062813246300907
002800503804000021500000840920054076000106900067082054000605097600007030009008600
694005001008004250205000040043000008080400060050000030031059870000000410007041090
500000000800200000040000300000000007005000203700003054287006040050400800000000000
400000920928400315015980407000200000000098004000600080090000706000500000002000500
000004070043700200590006034600148003035000018081003027050480300310005842824930000
000950600000006200000070009080317000370005002009000000040031900806004100500069407
947500003560000000801000006000000000000000000000300091004706035003080700090000040
536009000010503000700820650345902800168004700907080000001030920070290000289010040
900007210400869057700000009070500092090670503000100608024900736109000020607425000
485200100000000548001548070000030900000402031307000082200010000000000807000027300
000503900000008050000000000241850009000000002036002087090000006000000000600001005
806320000540000230020040080070910003000075198000000005002004000159082070704050062
002000030900003200004050000520100074009005180800000050400002561030516009600800023
080103040000000090000000163006407002374000600029080407090006010040079006200004509
307600000640002107000017469060758301931260570000900020400826000105093006000005040
067080100800000097500000482001000030206500000300000020000040700000705000070060048
400007300000030010090040002000000236063094000000003000158000090009000000702069000
000020000006980000080000000000701000530000004701000000000009807870050006000074105
030020060065003042241500908004612305100057400003000000358000006610835004092000800
000014500000620100070000200054200000000100007018000300000092001000300980009060000
807001005410000387205000140004020908090045700000000014500060003943012870000034050
897000062005300897302000105234706510500004700086009234070000400020070000050400603
060013070001070009200009000000024000579036104400000000000040000800001000000007000
000863501006004020000970000602030400003040206000009305009080000400210900201090000
030000000000000040000003180300000000020300000590070000103000000970000308246130507
900000000000871000800906003058700026010200805264000000000643058087090300000007000
000075000006108003000960480701006900603004170420000305060021037042783590370059210
060950307980703000032140809006000000010009000093007180620800003840070210357612008
170200830000000006000030000064300710200700005800005090400183600380050024000900003
000040000050600000000020000000000090209407053305206700000070000001000400007000260
300519000274000501005072008608120700000000060400806000100000000000000376000008000
748539006006700530530100008080007065065001097000360081600070950904003002802000013
571068092048002001302751000060380007000600830030527100400005016010800025900106003
902603000500070000040000009080001900000967300009080021000000700200700000007058000
009073000307506948050098013000050030985040102730000509008000095006080300000005804
000006800360000207010700300000500906080692400020000705070300040500000100090004002
102030700507020300000570000000000030009000104030000000200000007000009050050000602
000080501700000000002000080006000750000250000000000408001000070507600009904000006
050301004004050380081924057795060030060000700400790000000049870800010509000800200
100000509604900000029307004012046050460095310050201467740600035806023040005000006
308619075600725004000300009005006907070000480864000020000070300000000640080000700
000501940000009703609307005000000401702000060054008030006803570000075614000006000
907020050000405987003000000800102530000000800000800100700089300300000000090300000
007203000000907000200600907800540070072836009540072030328400000001008000400791028
002501000370000501400007090080002000000900010000070900830109004001000603500080000
602000300730062009000004026203008050490020600000045000000409008340080065007000400
070000002800000604906200050709648023468005900000170040000537000000010260000002700
530792004086003079000048015700009080140075926000000000009001752010020090000000103
000810000805000003042000801063280947900500000081970530008090065000420379000106082
641078500780250600090004000270000000000000007300807090400600002000041060806000400
000007000500006073107408200000000026002000300305000000024160000609500040753280091
060043080040805076000702390000304009003001600105280430850027913930000740000130000
000067080000085100058000000040600800600070000800350621000006008060090240509000010
000500000850007000600314020009603000000809600000100000071008009006700400000000000
670023000300050740850470013200090430090300080000802000007200850032500070105709024
500000040068790001000105000000508702800270130020413000100356000002001003000827000
000900000003014006004600000540170930209048600106030840000400000061700083092080104
790800040052007068600024170260400030370080010005703006800000090026049080010070600
000070500405390001000000000100400000004000703209000406008000100000100000300800000
008000030009004080410587000040700850860420010370050000004800009096042170000905043
000514000040890000028000500804067300070350089500400200209000048307000026000020735
457090308000045600060100574309050746008067000670902005006009050193078002080020001
308090270200600004041000006009000000000009400000000608000000060005070049700904000
106070005000530600532006070000908052050603849000207000000060000001724003000091007
100054008000070000040068010069010200000000900350090007610700400003040800094000002
201007089007098010090230475800160050103700094700040130080000000010904068000000500
600500070070400200200900000008150000000090000000043000000000000146000000702009006
030500827782039045500782000003001000008003619000050000090800060040026001006000000
400190800179638000003020090000000907021060348090003010210906453045200080968000102
000409087070600000092010000500098016200070054067000020010065030004981670056302000
001040000030069580500000910090400000100000000050001800400020000000010008000004000
305098000020706103670050000740000060096030080058962007082670314431005070900010805
460802007800050641900401082008519200020070100019020708703045000140000070280700400
710000025090000100280600004000000000500006040400000360000041002900008403003000007
000000500753000000000700000400090701300001040070000000040030680000540007000060000
060137000307094800950000300705000200001005009006000700570000102008000090103709600
706010000091400800302800950000506314104702060009340028060100047003200000420050093
003800700002000000900271063009000070000004000000630000000002000000010620000403000
000007000000050000000000040029040060040006190000000000000005013230068059790000000
000000050010004200005000108000490020000006015000150009000000002000020060090013504
705090060001705893000400507013050789200007016007610400870100040500000901100506270
000200006653400800128500009080015600001004000000000100002607400000000203004100507
010000024000000090039026058000009206000670001000105003000207005000008702003004809
380400000107003400600751003910004567400007809065009000546108000290000000000000605
000010005000000427680004030068000000590007000142035000014500006070100009859762314
090840007100502068008700905080070006000000000902000800060000204010005600520068079
000000528100528300500006007000970201210060903907000400000010002020034000890002700
000091000000806002190004608803000000067005800010000007000000900900000000704000300
408900000396050800020700639030000004609005000010000000000000000000517400000632000
060000090070500008080079006000008001400900302300017060000700000000002000000041700
300498600040562010002700084006153008080000500003870400064300170000010046107000250
000004090109520063346000000700050034493000600805430007000900070904005306050083100
062509008951000670300627590007000103020100860413076000270001300000050004004360700
800103040700002850040080000000000008400007120120640030075900004390004000284700001
608020000293504876040067300702003050006000039030000080009001760007902003000700008
026874009004000000010030000000500072000020090200400530530000900600000005401000000
389000060040070030000000010000000000051000043000000280000000000500700000200800354
000090000173200000569000080000040061054061872016000040005008020492050000080400650
000006700030000004000000580000009000100000006000600193000700025605004017817500000
000000050000000402800000060003028094200405013000016027000531270005070048706840100
000000000000700930000000500015007000000000700000003000080902050503018290907534001
600308000170960384003500906000679432090403050000105607040001065310050049000200800
473002691010007000020001047784000903265003400000400026090030085007009134301005200
080700142104806007509000308000070200040000000001000054000000070007002980000007003
801000006000108400543096210000907000102080507709260000930002100400000000076000300
209000008007008000000900000072000890400203000510000070000300080000000020080009307
800079130106000700094610025083200010009360000072040683901030240000704960040190050
090100000000000640016000750740061000600582000050009000060000007003000400200094010
300000010026071030000093086901300070200800000008009523009006040080005060030700000
000020819981000400006000035810300090000600058460100027608517000107030000000008501
140963000072000063936800004050016090020000010401300700500040000000000609694200000
004075008000000040000003675400000869000004500700009304605481730200900401008030900
200000000500987602800000005401095063006002500000038210740000020032500080690010457
069801050820300000004000800400086032100000006080000000000000090007600000200507600
600007030103000004000500000705602000900005320360800001290740060006000400070000089
302001070000900801061750300000000050080000007000000000900400000000203900700000605
600504970000090800000006000073900050000300000000000000007008204050400090020709506
000200010090010604300050002003084269580900071000073000005600027020000040640000030
800600407400150200200000050004000060000000910008060070009501600105000000003000000
680000300400068000000000000806000003004000000097030160003010000040306700070000030
009000300300900050000040000070000400000000600020070090004009000005007006900002710
597820361000300000030007800340100000002400090005000006003009070000508240708043600
052000080010800520068035000030500710870600004400100300627004801080762435500908206
870003005006007010000460207905600020600008091003901000094786102320000076000312000
010208030029000100000007008905700820000609703001804600048960070030001900000000000
400900831000005000070800400150264090709058206000009000002000504501000008080001620
050002009000040010081006005060390052000050080100007003000008900000000001000005020
830004000000000006000071000056080340493156720080490610000600000025308001600700830
600050002000200690020400500000692000000000900000504003070105200000903007000040050
010200000000100005520000080000020890300010040064030051090081000000003010000072030
000708104004000700000006003040080000100402000730000400097800000002903050581000000
000610700734020000900300020006504000400082100090701030000000000000000002005100670
063015004748060000010007036870023905021059007054008002682530470400080000035004000
007000000906005008000610073800901002109500000325000197003000000751042609000000030
340000128009000403002000097900248300084503009530017040650009030108402076420600000
180000004000470300007108600008301000600004503010690840530000008000007030000000000
060004700059071000007683900930000080705020693010300004600000400070806059500002068
395800000006400059742035108200050680008320001000000240403001070900000435020000900
903070108500061430816004205000000701005400000000107084000040027300009016002010000
700000006180603000060490008003076100090008700007900305000000050918005427006002001
906000800002006100107080905000000640283004050690005208060750012000200400300008500
701509600009003800200700090056020040000100569000900000830015900000037100015600308
001089000703000000000000102002800010008700054600240000100400000009600480500000600
950000300000063950000000000109600000002400109000800700020370095895000400007908600
204800600000007000010900000082500400043210006605070800436702510900600070027190060
205900080670030000000024009507090100120750930008002067812605703000000002000200056
002005370043000010009730068010907006975300001360280590400000003890573602507400000
200030000130900040960004050420506000800003500000000400082301095650780300000609708
004500000000300090020060500000200000506083200012095700600000020008100000000002060
600000080000000003900500160391000647400100000000000000100052008000031009000840300
000008000800200000400600008701860040068405000000107600003006009000300850000009030
809301005070800001000005000500900080007000000100530940610053094204600703703000608
537000061160537800028160000900000010702000359800900207081005403000370000374081000
028500796079400005500079000005000940004205060000790000060040000000850670051307420
001030900306902050090400830007090103400007290905100087009500300250010700130709024
207540890901602004000809620020080900096000008130907240040000002619700083570030100
040500000060002040002307905620003004000095006000601070906000450004010000200700000
030007400050060203000802000604290570000785001000006009020070030100000000000000007
502041008164897003080000146645010300320450809000073054070534060050000007006700400
036000070000000506002605040003000007100002090087000050010923005300000018065000309
800002000507403010000800020002630780000000000043000902305040270000087300208000064
630000014001060258280170600920450130574010080003090040002080400400000005807600009
860041000204500600007830100600184002100007000900053018701005800480000000050000071
100024650480000109000931408000005090507000200300002570900560013700209865050017042
007000000903006050042380760006500940000000087000008010700400800008100029000000000
020030800064007052078050006800700205450683000910045003700129000291504370040000000
300050709007002000000000003000000007604000002000020050070000300400000920120600500
005009000002030001000100006000006000000501860000340000500000130000905000080003000
204005000501000300000002000000800506000050000059004080800500600060200059000700428
006027980000983506003006400000809100080035064000000070001600740502048301408391600
000800672080000000060004019048007035503400067706030001300040006600000040850090020
000000000900000000020000908000600890500000000804300062003806000400000003079523080
600000007097000013200500600000006930930400106006930400800060009301700050029854060
001006040074000000000000000480010600000069400009000000718092000005000000062000700
000000006260000080803004000907030540010000632326100098030000809041958003000002004
000000700639000020800020930205643091000000000300000002700304169960007354003169000
004039000009007008500860902031000000008000100060301000090780004200900080006400009
470002100526030080000400000000070300010000000000300094700053000001000000000010706
080400070200700608000008000000004020846230500302950000100040000090016002000309006
000820704570000083800070000090000502052600000301000000009000070000000408008000009
000600400000152009008000120003000090000700254040010000001300040380574002500921300
060090850080000490300000602071000000000000706000010000006000000000701260018060045
009000040200640100000009000000350760038000010602000300020000030081005006006000005
800200540000054100005000062020000080086000070179300400000080000600423000000905006
600807000050040703700201000020704000007000500001605000903008200015460030260300000
009300004006000900000109005000700359503408100720093800000905400630200500900630000
290040001017002400064000809000800000000051290040709000030000002759268003000010075
096710300701304506000060701608007000039005100000003058005806400010000000800001900
009005100005210000008000000000600900800107000900000000206801009000904200090520708
000480000004790002000000400000007000760030000030020060042600000000300008100000070
010000090076000034980014700063800409000040000000700200000000301030000940008000020
400085012007009060860120900372004051004010270058700096006870029701093600000006007
000480070000000000008590000000000096065003000800600000197300600032000000500000200
840573609900008000300020100019000060700910054408300912180000096000080030504790201
009530080530800000006009000090001000060090001000300900680907000900450003400000097
000508063300009080028006090090087600487060000200103870901804300854602700630000008
039270500000360000000010903000600000400700000500090200800500020006407105001000700
000006005007593280305128067700900000102080600009201870000352048000800000410609000
100357000004000003050400000400008130090200700300500006600000300500006820000135400
409827003080000000603104000960002075370009248000750961027060000030000507890005036
070620004004300000006415000010800025008000007005730098009006000060004009000003502
710230900560087342420605871000301009000000000000950008041003697000008200002000180
357100406001060073648705209104580000000003000032410008016058002580020100200001035
040320089590700320000089060030005000000017093600290800400136900000078100003052470
004700080600000024980200005700000000000370001841006700000008002000000500060907008
020008000000300000600240590304120006205006374080730010800402109000600700740500000
160503020035000146000006953403850001206009587508001409000180004000060000009735000
080000500004700020003406807030005786540600090000030050000507000318904675005800240
020000038000006004040000900401000000200704300000060000000340806000100070000080200
300217500854000000127504093001068002040920715093000400006072054405090020002000009
006500020004036005571020000000009007049008000000015000000400306452000081003187250
000090000109000060070000010000000001900000402010042506036019008090020600402060170
702490150004030200001008400027904010800000020013000008030517092290643071075820000
000590004900000001000006000807900000003405008200000030500001000009054600061000000
800530000500096000400021000000003060050002308080650210010005020000318000000060030
600001405020300709900002380000830007308100064051046093800010032140000900030000540
071200000982060070003057002000010260090806300000005107006540700009680005005000800
600300070908000600200060003300006190000000060000500028500000006000600500760050042
000024600820001003060000200086000304705002001002086000010070080200608095048519702
009600003073010580800327000700200050002050070500870000004061000080492160005008004
500100070793600021001007456300006710000003264624070009060004387830000002010000605
943000000060040000087005030400030020039076000600504300790000543000000087050090000
300040280028000004009010603000053900503000010200000035042006300000400060700305408
000036807800942050000070004036080040500301000970000000060000020320010400000003701
020005403000000020080020000000000890400200030000000000700018060019000000060000910
000301040400278000000000020000010900001590060009000000000005090150920380060000000
050300900010000000000005000941000530020007000075100000000019068090060000004000010
001200054000054710405000290000000008016900507000030160000000000100600400000000021
018070090700350006000160007460090030000503600053041020000930050390015000000020903
020910040500004000403270001000786000670052394200040700009800000002090030000007400
025068304900010705304700000436070890000030500070090406049003207103080640080049000
630000008000002306025000907082300000003017024070008030040005003300090060256030000
057300120300020000192075046503010087021907500000500010030061290209700061006090700
080204010700080004000000030020000000000000000000030258240971003109600000006000000
000503006040007009200001004050000090100300000000004162675900403008075000010008050
009060841200000003410000000003628000806009000000057080102090507675000439300000218
006087050500006000090000001700840005409000070653201040105700000000038010048000200
270000000000703090001005300000000020000004763360009400900000000410000000050092004
070200590009037100182904360000003000600000903030000080020509436060072050000040710
090580040010000800830000609503148007001000000209006010000805000000000002007000000
000590024004078950000234060045000006082010030010040000409803607060450203823100000
034000000807000004950460087100850009520000016040000200703100905280000000405376800
083970040502138000967524180300000200200000700056240090879650401600403000000090625
300000000650300090904050031400700005160400000092100000040000186816240059079006020
700020000030090000400000002001030246000200070040900053690100304180340000000000080
500230900000000560984006013000000000701000000000460001009000002040020000000003000
806000000300010768591700423400039007000004030003057000100596002050070041007301096
000050698005090040000100750006403870340078009000001020908000000460230900000000000
000930200000010456000406000000000003000000005000090001009300000700000380800004509
000007090000891004109432705000625009560078403800310500004050300905000002008200957
100580070508000400030090680700000100806730000004061030000300724002009800380027010
730005009804730201005890060089003000000000007073000690900060175368100900157000000
500040000000156420007000560600308905005467200200091004100203859730080046800604000
000000020274003000080400593012930005000271000009080001060000000000050000000010042
091004000000018005006000100000007004045020008080451260000600027060700001208049000
500001009206000000080040006000002000071080603603010008060000007102800060000000090
065094200210635940074008306050009028049802005080013600020300060000207810800950002
900006010807000500000000009302000107090620480000010000078091002050080030039500874
100000798435008100790006400084200051300000060200300080040609000609502840502043670
340501000006407000000800730800049001000050086000603000020364500700200003034970802
000020009095806000001005060500700092073200584020000000004080326850002040060090800
740900080019080400850074060200030700974120800080007001038009200190600308526003910
006070000270009650489506007160005080030090000000000073000000090001000000900000005
400900007006040000020005080810029065000300010560081090600000800005800000008203500
317000000040000060000000010000008056000005030906743000000050020120680070070102000
197560843000070256506000010965240081800006024234000605300700402059000038000081000
005392070200700000876000009540070680907816000001000020090640302104003700300007100
060000402040006800000024000000003940530470260094600000000060000600000704800000000
581000024400810097000324005015970200000040056000056900200080569148009732000730400
080004500000080000417000600160000050000900061000260400000020040000040006500000107
400890001090000000000460008000030002031000050000050030000300607002706000000019203
060000070809400000400003008091008436034501000020030095906005700200307000300000000
000200068402000009500190420023060801700508900810300000100000005249006180600800200
050000000870910400201030060002640980018025006704080003000293054009000000000070002
060050980074380000000006000600570408010000360040200000059000000000000836380000000
300104689980503000071600520038205090000830000540700000000960300800000907000050000
080060000000000600306094082800641007090038001164007300530400809920315040647280005
000700003000080200000100090300209000020000034068030002401007000007000000003000700
467092501100000009000010760280005900679100050000900002040000310090001045010604090
010470853053010079009800002060007005000000901005901340108000030500128700090504028
769213540302584000485060000040000823000000650200005100004006319193420005007001480
090008007000000000035040912409200065003000004080094001042003070050400083008000420
000004700000000400009607010000700890002000007007008004000300001000800003503020000
000046035537080600240500009000094300020058000604000051000400200410000000002005910
106000389702839004803060075300050020009001507670000000001000000400500190000010040
600020403027003069003000080531096040290478350078000006000760030002084000000015070
008060500030000800900000200100007650000500000006019000070600000000050000590001400
020090006000040090973605002000807000006930000000406230234000000009068020000004900
000703800000400510000001030300000002000000008000000005465102000030000000902000406
080000000020409080030780005000608040041070856850002000000007000700000092018004700
001060000046000301200007090009004000050070030000693040000246000024085910070900204
459007100006000000720000090640750300900023604000406007000012840890070000000900500
008030004040007030000004000000000400000000006062003780000905000009008000080041970
007000020060000053010060080405201700070534000002870300004000806021609574980000201
030600001001000070050100008000460003604010080003000064087040100300708600469000807
940000010706004000083060940160020800050000009007096000370600528094000370020000690
496800502070000069500009100001000000000096708000423000007080300850000070009000000
600000970803001060000000000000040000405030006000006008037000020000003000006024703
030000075400090620050300148510903200062140009090020400073080004020050360040006800
000540000000002760200000034008060100030807006060000072000000000000000200800004000
359018060000930000100006009040300090801004503570009640720093006000040000000070000
845000620000000090000600500082070000310200000070000080200034000407100050001050004
095486100640030005703902400000000609320000000509740001000001006152060300980070010
006000000000080004000100200809000700200000056051070000960201380003009000000007000
034620090005000060260905000050000001001002040300060002500749003003000070400000000
702063000900000001360850740200001000030408270004602000087000009020900000500000000
073058906060003085058960437305016200806290000007300800501600040089700000000031008
000040702000002036000000090030690000000500000004200000400700010000008670000150000
826000040953040002400082005130020000000006013060013007000070068702560000080000200
014507620805320000000091700040900068000000000038204579000700040000000001400100000
000900700010520000000017050000005000000000000000080507406000000000002609052006003
004020805050003001002000400000300000100592730300000000095000026201050007073000000
042008000307900158005070000000083000000000001000040000000410000800000415051030000
605019200032004079790020060000030400073208050084096300400070830000062790900000602
060007000000050004051000200092504700000003002006000840030000009017000008040006027
200000070000900006060070004070010400000490680004080012000701259090008000007209300
000000000090000300000053000560090100010536200800400650000005000080000000050000006
000049130490601280000580900000390610068425000970006500701068459002054000500100002
060001000094720060000600401000872000280000904006500082900080046001009037708410529
500060000907403010681702300063010500052000901090200600200001090316000002009020060
406800000000000807500023641004590020003400079700000008000040005051739204000000700
790503826602019300000600010300070400010954200045300000000007090008000604000036782
105007028034060000008090070016970000479320150820015040380056491900000500052100830
070000000000070060608001007090005000000200400000003700000002000231904000409000100
009008000300004090000600200800007009450060300000000070200000400080746000000000050
000700020005000000710003094493080201500409708078000900860000432002006000050000080
076400005300205706020706400000049020050670800080003670500162080612000304890054060
005010900000008400000400000100090854030800010004001009008000090700030240003000500
100900000000400260000375000900800010050010920000700008705108600800200790000000001
070930510018000000009800070003520100200600700100000005000090861060003902950006030
200009000600800000043001690000000001000008020002716500005900000004000100300005000
375198024980026035264530001000653917007000300506009000002300480000060000710080062
000510000050000000009080003107059000060270030005640700002900080006000300000867010
000980002100045800038000405000208057009017004001304928700400380000709541400036270
004007000000800043560093000000004700000070008020060054200080460456020800007045030
085902316020600800600700049057000060000000500800205000090500000508407031002009005
904075060000003804603984720400007030000408050060000200000706400109002070006149580
000830000564000003930460001000276090009503620000900354001308402426107835003024000
007005610000000020000016004002000030000008000608000000000100408060070050000800002
023007600000680020000020007300002009740509008509308740950800070000054836806071950
483956720065002403700000060009070850007840600804601200002080106076004598500060000
300000000006403200200000080863000000010300000040910863008030107435721090020000000
000600402720000100001007000010400708080005004000000950400020500000704000090001000
084093500000500800000840000093027056012460080046900172907651040005004097030079605
107080000023400007000719800000000605008000900005004208700630009450201386000040002
043950001001003000000201640050030064000010002000000000030090205980020407205047080
803000290040920000007103005458090030006302408002040076000000000020851700500000309
008000192020570400034000870100085347805040210403012000006009038500037600007000050
093140076000030000514786002186320049000000007700009680400008003359004000800590000
610000004050000800009400000800507000006009048000800000200010000001000050048206000
600001357010503000000860040000000570000008400940710863560900014000047030070300098
007902100000000029002005000200056701010800000000003008604000080900060000000708000
000190083020708004307040109000400050250301400004920010098073200036000090000810007
930020047074305200000000903060950132507000080020648000040500091050109020010400005
009004030450000100073000000001509400640000850980700000700001900000000600090267081
008027000003500000005890300002070050304060081060000000000780000000000708080000090
006920000100000000900005000820547093074090008000010000008000030000004900703609000
800406397000093108709020650300109200000000980100040500086004000003010800901060400
000032908120009000006047001600070023010028500082005100030006450900710600000054310
000000090000607001009000200001783005000200007378069400000300879000078000090000003
500006231000321000200000900006000005820000060400630000082004190100000050000003728
000002400820000001400010000605000900000020635002000107700006010003000000064530790
609000000300140005100000000040009000096000000003004629910800000002000000000950000
000006004000070926002804010100520803090680107030000200000001072003052608020000031
003510970514008200700003050070400500002800039850379600000200416230046090000985000
010002300007000008080073000730985002006010009508204013640091825050000090170508630
000064570000908306000000900008000230000000000200100604020090060000050009010700005
010800400080960000094002070026000080100487600047090005070648020200051846008320057
372980106000000000080000032163000500004100000709004013298500307600200451041607008
029080546000604000040032800005300210208506090093021005080710030107063000030200007
900025364080630709463079280074200008109000000030000001050003090706512040340007152
020070963080000502006204710009005200300420801040089306000008130000010025090502400
084005700036700080090080000000060000000000109000100008000326910000010804000850000
018000047020450100007010009800001000060040300901062005293070010000000000000293050
200701000060000080903002670079205000030100796081070325095420060010000203324600900
769438100100000800030501796486305027000009408900004500001000000308100000040050019
500000000900007002003000004000010020000460078000030609000900081010003200000000050
408790026000043000050000000500020473200000900000050000105204090003006040000309060
060040700000600004400037060000000218012064005500080000000390020728000009005000040
870001465645700002192456000900060270400000591700509006500803000380100000210005034
280590400090643020000207900060008509100059000300060218900430700076910300000870002
741650030580900071320170056100000090000003700900017562010300907090580603003709085
000003061610720008384190050000612040007080026000070000840001070000400009090000000
010050069260800000050962000690080500180235690002006004040603001970000006326000000
000070090000000005004090261000000800008000500605030100250000900407000650019000700
070003405500090382203000000450060720090030850020508190842605000009402501060300240
002000000000001098098000002040000009006930000030542000604000003980005620573406000
000602800020000000000090060000300694070040500400105738614200900030800100700061300
503000070000400050000006802005000763600000010009000500002030605850240100301685009
735200610090401005100500080010000800000080003000300009950020031340050000000040000
008007005000100000300020006006209801005460079000050403640700090720500000509610002
009040500500073460400800000084029007007408205090000004000000800000000900050207103
380060901000028700470509800900836100000700000710900600057293408200000517000105320
000850640040907530035060070004070005080032406000000080400005203060400000708020904
065900030000003002000256409002000700040000900050300086501430608076002300093860005
006249500200000300050836409072000000001090702308402601700080000920714065000000004
008030702600700058000085613000098000006002000100460500870300004004807000301040800
000026001602013400351094600030471908000089205008000107003005796000907803090200504
213690450000031067670000301007080090901070000300016040006003009092060503800000070
006000941900570032003004000470060000085002010300000008538009000060000004209607503
003090000690000000000305600005080041786410253010030768360048020049201306152063090
017009536653100090000003070008690410000030280000270000096000720504010960002906045
040502000702000403608010500080307000026041000000000000000000680009600005060030700
000900300100400007084620000700350826000206019000170000000760950930000071000000002
940060000250070000106500704032005000060328950509010200395107862014000500020003401
000158024008000000270000000780400019302010875069875032600900507091040003057063900
004000900105008620207000804708051040400872100516940008873260400050190700900380000
000800000725930004000000000000020060090048100250709000000000090510200080000600001
800045390003002010015900200000000002200609700007001900006308007000000830000000600
800047109009038400046900385084170250000400090970300800458000000107000540302850007
030000000400070600006940030007000420020507000961200000008100000000008010019450800
005020000089065230237000015520003960740000501908200000102930006004000070056712000
150046000200003800846290030300604701604719000710000002001008020470001000508402900
604000010070600000002100000000005100009000030210086509001000080800000306700804000
002018009500000310010500070000126403003090020006080000030050000257800030801904007
750140963020000000000700400000000028000008030280004609470030000000020300003000000
130068000270319050008720030000200500005607309003180060000900680091806240786402005
000570040000000006001006002680007000000608927000001000800000210102030609000005080
159204007020700105073000600400000900002090051980105320000001760730008204240370580
780103000000460000004000010005000200000006400040029000000631000000902060100000090
301800760000005020500010900015030070804056090000700500130000007042500000758361200
000020560000010000000069000006090240001040600002008000060000002000002080000900050
000020007007910000000076000006049158008263094004080030415830079079051003003600000
080901004100006030600003509000007486001600003000000070005000600000009007400060005
360908204085100000124006090000837029870290060009014080030000000092060008700000902
265801000010004025047020090483000009000040000000000040021000300030002080004070050
003005000492003506605000017920004750000007609857000000349751060208430100570008000
020000400000004670000720000380000000000400060000072000045209000003000026002000050
520104380600007001190000070070001000000075403041206059810762090760050108400010000
000920300300068002907000000750091063490000705830750010643005190280109604100000058
400069100600000000251007860500670001002400070086090400029510030105000980067082014
001206009000079054900000820003000001040000398160030000304060002000703610510002403
004069003070500000800107250260903001700006300030704625319075060050608009682000040
700000840006800000000030256000000600020958374074010000430076000000520030090003007
102000700078000000953078002089726040031089270000000000000090080065017904304000107
093200000002000930060004000000009080000800006108406370006045000549000862000080495
200403000056207000430065020900002000020604090600071082500710239090048170760309458
000407000090080007070009013020030060010000080040802001000000400100000230000020000
073080004406003020020006079501960200002051000000032100004010800708520900109008402
237090040050320008081000273420000100000040000008005002000000524500000061806402300
027086090100000500000190400084009300071048059005017240000001704003005000006004000
780020309603000000501000000240500080006000001910600700070000040059060000468270930
100040006306710008090005027600200019019064700030001005900458060003000080000006070
000020000030000009902003000700000900040109600000000052006040003800001000310000008
810500090070801260500390008748000002100200407203000001451000809007015000000000514
900670051000530000500924760300000175700309820208705039805093600000400080426000013
090000005000000001400206009006700008000000010084600000360000180200100500041003927
026780095803000002000246000300492008002000000000130000000954280094600003008001509
008000106009600080600207000000002370400070600030000204546100930180709060000004000
053000010800214070002005009010500006000620000006030000501000000000100900690040001
803000407000600005120047063208501674950700208670028050000852710000000040710436000
950810000070050201000070005000020010020138000831706400060940520002301704709205030
195200600000006050048500020809000203010032806004908570426000030981350002703000000
007068290810900340005400016002630000150000060000081902730040500080205009501000684
080204607617500042040061380109000403403917050006042179000009060500003790700000030
032597080570010240060400907000002079098640502305000400900104000207960304140070600
956080000431000200872040009028400000000006800000832015000700300007000040080504000
900000400000000000107540020000300008000000000009020004000010000714003000650008007
301007096006530000800096000002005800700064002600910300010000020070628000268100000
500090040000000000304080002040000900080709000000000001800060510001802000036000208
000607300500980700460050008030060501100000400020005000200000050050026000700539000
000000050003000000000000900610708000000009162030120004000407500709060000050080000
908005000050000008000080030000000085000003401041000020009508000024106003080740009
316000007000400006000300050000900604070040023000208700649003570050604000030025409
000008004200060307003900006086000001027010608914605700008007040002004003050000079
006200100109507400420000060000000607000008051000720800000005046507600300260803509
307025640005000700140907080463000150972080300801600000630070405020000936514069020
109008060200309000700625930000032090302940706090067053814000300903084000500203000
083700192020000500760910008072009000046520819190360250037000001814000020209000003
892001400000430000300000600000806000000004000070009006003000267900060100620140598
800005010003600000406028395004000500008000002000072009002000007050000000000000006
000020000900100005817504203000010029200030060600900078024790000000600050000005000
020010960080690005003005104807060200209087000001009857590000016010052478408136090
010008500802000003005010008709080040200005937540907102658470020070001800000056409
120840050730910400408000102200700000300000070000009040900000000000200000000001904
000080100700400250109050786800000000010000000000048000481923605600014300302070000
000802950503140002800003000005070000971000365000630000000000000006019874780000030
040001002600049800700032050000000004070200090003100620827000105306000280015827036
830070006140090000500100300000000804010608000080005072090300000000000705000000900
000630780600001529700500004000000900103958060050000000000316090316000240007245300
051000000004306200000020040368000020000002086942000500100000090680700050000000030
000940275025380019140527003300069150500870690960000000436002000000708000857030901
203000000640090030950321076000086903005170008804500010470600390006003004000247865
009600102012509060600002350020190800000080004006704000063840020001963087040000600
600000805942851370518307249105670004009000600000900500301700450004036090290000103
000007030760030200000092704300700050940800310608203007020970080000004003406325009
800209004000700010000510069050000000070006000320070050740085002200000085080000007
290000060480030005000000009600000190000057000000100607510070900000500006060000000
008090002709002000000380017000900760107000003005001004000030000000200050601008000
000080049000040000947000081502000004800000200060205100000800020700406000000503890
130042607600310400400060005056001070904536800801094306708650013069000000210000009
307000000080000250650108090068010037140070000000800941000000010910050408000390075
000000000050300000070410002035004080080600040100208600000002060000000920900580000
000060002000010000120098000039706028006021043200349650010980406000100089090604000
830000072005070030002030000004007280090003004280060590006000708000000000050720000
002800400001300050000506080190007000005080103000930745820043506500298010004760820
000006070081004000000509810790680000008001000040900003030148790279000008814792360
001204003020300170000501002170045006480002000900700000208130050306050800507008000
608207001109060700472900086000650003000000900000000000903080002840001600010006470
500010000074060200000040850000000560000000340000576018000030000000000670000000400
045680001000004708006209003068070000701300084050800200230050176007920045500760092
070006010081405206000080040060704523007203001050061070240638107010500008036010450
405000030830510702090630014000906305000000007580040026000000050360001479108409263
000600712005017308100893006300050279000038000516972834800060020001300480209000100
700040506300107400000650271800070912090400005005091304060005800200304150507082640
900302108800070200002000609700400905000010000009060024100634000080100036600080091
700000002000051300000007000001000000900510700230400060072000000006005000000064207
009000007000924001105000002900650428000300005570002310307000190680009750000735286
800000260206004000000000000001039000309007005087040000040305900962000000035090780
008002000201700000600000200890001060000507800000098004000080000010000302302000009
002060009905020600086000000000000050000105008107000000500200400600019872000000090
000082900000005046900004000503400200200000000090008030000800002327050000040000005
234065010756000300981003507600000254000607031003402786000000008800020000007890023
060000000051003800009050000000000601607230000000007003000370050080006027370000000
000342070234017000780000024429001000568090010173680049050060000300500406046020080
063900040000076002000085030302500408005640020080030901607123009098764203230050604
040009000086300052029700000400097080290800000003000000002008000008030000600000090
000020050500000002620509000040730029000000000008200514002400700080007005060900008
208007050030800040714000680307050001100700590000281003021070008806004735500600204
207050010106204030005100000000410090000007580000800000630001009529600100710500000
150040000093015040000329500709500408600004200000900065000100394860000050004050080
040020000005600094786000000407902000060704925200060740000490261094216830012873000
800210703740800010000700856080600001000004000020070004037000500000002107000030400
000702004000009520000400000705000102108000009000000000000630048007000010080000006
000800100804200630001960478540300000010706045069004010085600000097000320000000000
120508790850700206003000584700680450060095001000007028000006940490023005605000130
708020105023050080050890030930002510204100070500709006005900601009210050600578090
000063040039007100870020390001040000507090030080002000000604007040000000000000003
004002080580000009020000030098000200410789300600000090070306002009050060001000578
310900508806120000000500000920005601000001000060000005000000000000000390400700012
000201000000000050069004821002169073300028009006000240007302100000006090000075030
000700000001069070000000906087001650410506000000000040009002000000000204024103000
751892640004010090800000010000000761106008304030060000003500000007000130200030070
170030500003000070500021080014070000307006210600040397730008000069250031025307869
000058000800003700310090058401000520005104030039506004943200000000060300068000005
400000000008000901900080000000050003230000007670000000046000810000000009090800700
090070500003051096000000083407095060060007000015680037174060028020000009600000100
050800030739106020020900651060048075075201000800509060007095010010080096006402380
500800210000007405021000836417008002000062170036000050350000040974083021100700503
200680004036000000070500000080001060000008050000060000060090000000205070300000400
060795100070010003001003000715280090003000000428900007004000000080002009000000030
040070802000000001017002000000437010403008000006250340800000000060000490030016005
147060000008000603000082000800040910020096530610008420402009000070030280063004170
098000020300005090620910374701000906203096701050870000530000017800007030400300869
928145706040376289600820010152400900304090500000000643006000350405600090009000807
004300200600100053300007041702400090408019320000032080041050700876000002250806410
000607200001008060000000830004501390200480050010920600050200083048705001090804570
009000005000870164460052900050790001903400050000526079095187420010064000620005700
200800000004002000568470090040230000700000000030000040400000020019600054820000010
047000020090000007020470000709020104002001700154600002010700205005100003070000416
900007563071036009060098004710000308604000907003901456206010745100000600040003800
020000500301060000000200007007000420002570000009004100013000000900130706005400000
907005003200000940600907200500391000000500390091004000830100450402836100070450006
401009080800200509000380001000402010040000893100000002364007900500600107017058600
000003000190006007000005208010509080000000001008000002004001926000804710750002803
030090001400050830100000000080105203002009105060003089020506300700908506605017900
009006000057100020310008750070400090040900000000702000700810000080000537000000004
085200000003000260600100070000614030398005001061080702030060000050491300140070026
000080070075960030800700196008470609000138207000506800400059301163047000009613084
651000200020005780378042006090006074030000000000003000040501800519068430080000100
021430008807921360000000210200308790079000080060070040000040800040680007680002431
001800400003000000008000019900601000016000000700000060000780004000010000860030000
002709000004206009300000006070300800100500000040800000700908025000000070050000000
206000001840006009009000270900104687004007923007920000710002400360005008405018362
000001090000085300580200740000023050021500960005090210408300100000010504200804000
005009184401002090090008526004601000907080600206005430000956003060807240378014900
090040000000000000000000140143000007050000010000410000300200406900004030000100002
904800100050004700002000906000000000000900260076008050000080010040000000800000090
480750906900008517017000400070506300000480065005002000240075691090020058008169000
000000073008930060070000000405000080009010405000000029000060300090000006806300000
000000009000260087078940000704000013900301000000800000000107094800000370317400020
760009005520003198019004037002000010986400020400370860200090481007048050000230070
092408600000032001000600900901000700000060009073290000050009042030100500010086300
510400060004630005030800040079008000420906008050024790045069070002780000087040000
000010000604200809205000140067000900000400200028001600100702090742000001050100000
460100009000650703703092065000000800100028600802000107040780926900010078070209040
060187205008050000025639100006703400300428050840065000000070810630000009004502067
509700000600400000040090006907000000100500040064000070000102900790800150015000000
987200000520400007100079526302047000794006000008100700070000230000010800800050470
500009008002360510080004000000640090054007203079203645005470000400030850000006001
162500800050080060834012007028701049001039008349260071000000000700040280000106490
060800070070000000408975162020300708140750600007620040000000000004580007385000010
203000507607030010008570423502800700070020000080009000014690200800057104700140600
050340709600820400014000205040160000020030000100902050401008000780000040205400978
098005000050613009000829700005004901040900000019000300300090008000030206960050037
060000900000200080384701002803100006042800000057600000900500600000000000406900105
003040000080000000070000005067528143000400760340097002004200538805900620026005490
000500200702000080000907031080700900070092068000806007000000000000000004008200000
000000000007800000008000007050200800006050030700600100000510000073089000010300904
008041000000003007007690320700900010009210754812000630400080071201060983980172000
000004580240598700080030206008600924000042050904080071105476800800000467060820035
000604800009003057302005040020050084890001000600040013950402301731500400008010596
800600100000008406060001000000000090000100000005400061670315000028000513000080647
000743100004200906015080300070032005420500700501890000100000000352000000000005000
004609050000000610001058040080270934507000801000860000300080400000027000702090500
000000007030080000000007020004038010003020400500040000000000100200014783400003000
427059080000001470160070053081040095004000010009810007000960720800007030002005860
960050070340017200800020003080209700200570601500000000008090004420700900609400007
007563004000014002401002000000090001008050040609001000000040010902000005004009078
090000050200000460164000307000058000300260070875093600000375149037000000000806730
000620078897010600002008513085002490700800302230400801603200005070030049004080106
003020000810050473005007000390070000501060200200010390650000000000600039030042000
027030005804002030000000602008007003000080007076210000002000400060000000300006000
600000100309154000500000039900002501000000000751008342103705906875906400206400080
006853020080740100072106830000000000760305208824000351050038900000001080348020006
000020000620000130400730020000500200060000005570060000000050600986010700050900000
000009000009200000030000094000500109003010080900008035702800603000702008000000007
067800000000001000000007580086930410102000090030002070000090003003070068008010020
400008057753000100001000004142050076005796201600021580508000000907002015060000039
000010000400007001082000000723000000850400000600000150548000002000000045200800009
071290000035400290000030001000620509607009003500143020008000000900300704760000008
680010003009086017000003006000000060030060009260000000890001020000300600106025090
007864002040002700003000004400023057500048623000050100004009080810000000700001036
600020080502037006700106205000004000096200704030968000050740803360509472204003100
000000000040003000003950486010407390400200105000516000072300041064000050300064700
089000010020079000005201790100000007908000100003612080014030005000006800050100079
090008473073000260060000190002900080054081730600700000019326047007000000006000010
600235004200000060840000020007300412005140790100070000096000871002000009008500000
120000000000128500030060800846010309900000200010000008200001090697084003350000482
034010960500960340706000000050704000102090030000000006040150000007402009915603080
400560000000009000903004000560300007000600080000000500601000009300900000700410050
030000400007240963008390070079000006080024300064039000000902005003000609690503004
000207910000030650000000000100050072237900800500723091713095000008001540004000007
700801200000432079400096100000000090380920756040067001600100300000000060238040507
480060050600009000000000360003520410250010600040600027700085004020000906304906005
506000089003900060018560000600009000090805076000000043700498600409106020165000090
000460100064000023008200605140007200003501807080320051000090360000630008000000902
907800200000005700002010034003086000005020040000000560000100009000600000000400680
052060830003000040964007520095074003000000000300502064801040370000000400549000208
300070020182463905007000460000000000004000080010040090000000000070000000001709000
000080010087005300010003000000000040000040160048001200870000000000806951059230600
000050196280006043619703050030080605420000070501300280850901027740060031000000068
006140009000000510451090060020000080000032400045000003704900008000080040002470100
002000005150000604040517003003004529095003001010020300000700002470050900000600847
080052009000940183709080050670009320308000910004020070007030060002700430401068000
000040600065910740070035002819400020006080007040006109780504290020070064054090000
300050000600039057500060030100900080800015900200000005001372500700500001408090302
200089030050000080000030200620978000004056009000100600080000000060807403430000000
000429603000608057680000402020810004001500000004960030000050700005094008000006315
100605802054800100807000640002031900703906420900420731000580210500010309000300580
642000703000402095901380060529030607008706052470009030080625000103800500205010000
083270000000003000005001384704600008830704016612809407390040700007006000008007093
530607120001000009007200430000910004000000307000073001000700010000020843000008070
009150200720040006000327000004060000005209001070000650000000000000810062000000005
100000400008400000054001000000300900070910580209560000580040692340000000000080134
500100002081200506090040700460010900005700003007364005000870030000000208078030000
400800900000073082000501000008015360030900075005600090080300426007046800006080507
300010008050090410001028690500036000603004000000180200004051062005062309006349050
020006850000581002015902400600400005208760003134020070306000900080607504000298007
000980010005000408900102070007400800080605009039200500006347000090060704000029100
417023080980417300020006710052008040000041000001000893170000008000170030009860501
000000705000000602003601040108090000372160050490302106000040060047030000200810070
026070390000100000103506008040008000000961000961040030002317006600000010017000080
006028300000054000000060020607000005500000402043000000004000000008200003009080000
004078000780030405302000980000003009008007030030090600090000000000000020103004006
076082450800540070059000832200097600900000085013020900004000000000254090701638504
302405700584009623900003000740316008820900030600528407050091080230004900196000000
000005204000006300080049700000900000608500902921600540452190000007060420803452009
900008470001003200285400936000391800009000000800045300100080000027000698000070040
300000000001500020008000090000805040006039580000000913000301000000098405000600002
004780032000040090790010060800007000103460000026000301940008010000600540602050000
604001020000002007052700910287003000460010070000820000020000580309150000510200004
059630041074000632000040000010000200000100000080064000638020910742015000501300020
451620003000000096290070000002000004010006007907000502000000008348502070670004100
300000800000807000500000129700300060000900510200001304000080006845000790023019000
630804021000000506100605000012400009000012360460087005301700802000008100008350607
060040087000700000070615349409500103000004870857000400705406008002150000040029750
000265049940000000000000810006000000500000080470008920000006002860400000290000508
000000406020000350406000020500060000980500000000000010075602800000000005030000002
001900020000008000004000609010000400607280900000700000026800705100507206000000010
310700050500000000070050030005000000900000000000400000000200067000309201001060040
500906084040000030360080000000517300100062809000040507081025003000100020256090170
500000000001034020640020008000003000005000300030000104380000001067095040000300000
000060790600050001000002036000001007000900204000045000080527100270030009000608000
000070010000510000531092000163920745054100020002040106410360007390287001000450309
690002804030847000000050020006428507040009100050103402020000019160204758000601000
021054790009000035000087006080006000067200043100400079200040107000600002700523084
509000004003040290061250807007004008005007000004300170052018009040000781070006500
020080005005920070080000009070000008030010006018005000007000000200000000890040503
010230650050090000420576800096301270274965108030000000000620005762050300000403760
100750060000420019002001705513070000064030807280049050006000208008063071051004030
800000032710000060002000009200050903900400500000790200020510090100030008090260000
000000000000007000020800304000750096206003501001000800000300000405002030038045760
409000000080036491070040208053670029064910805100000006007060902000090573908050610
078400000560010000000000056000102000020300594600094000200000043800000000400000000
160000004009480206500000007600000000000004108400810372000300005800100400930508000
000000879000000300070200460000002900609000030031090000090500010802000090000004000
000380000082050000057000000000069053000071600000003040010290075700010900200000060
047030205300000000008700003080000196400001002600000000000400300190600527836205901
420000600016000008037051900204800591190027003000010002901270056000004000782360140
530106004008000601109400000052031460000020030010000020604007013275309806300640052
700008230100003000030000080000080003300000108821000000000307000504000300603400890
500000090000104602000000005830040020601080004000260008005800040700493060903005287
056000030030007084100390750000050028008736000010200003047910000000603047060470890
000240003000050000400000000070000341010000200265030907002000000050002730000000000
750000000000008100600090000030006000000300000026050001000620000000035602001004000
370100205200030001910508000027341850400980000005267013060000020000603090509072030
060000000302000790070000600620010008800000007710308200908000071100800000000000080
102000004600074201480000000019607040240005860000002010050740029901568473304009000
009561000605000074028047000002000000047190200060203008000028090790010000200670350
009070006520000400301090000056009700000001080008407000003000057000000831000000000
004060810000000049801900620726000004005270980908400000003017008000020076167809200
700685000068400000001237680209870054010300006080000302304020500002001003006040708
009310068000000007604700100000900000000000509000120604408009006027000800000500000
804000000000030084306400070001097005902003001605040790090006017000009600008000020
107230800000400700000190600019020060723605000605010070580070036060501290072004100
420753000000009102806142000649205008000960205002000000010020806360090020075006090
000007000000960000500080000802000050300872400049005720000400930100000004026100087
600200703015397840390040000520734068700801020800009007102003000400180000900000001
800409010000010060000065974500000003070000005010540700000158006040700051000090007
031800070275140800600027134306005417050070080700000059507000020800704061003900745
900400620045001070100709048004825006610900005582100403000510000769300050050607804
075600040001000020403700180000180063708006090634009870046203708320070000587000932
000000400000004000000030000208050004000007098010800050000065100067200000000009060
600000003902070060000005100000061000000048650500000030030150070704030000009024006
800600100109050000640009857360004700904082360700360914070030000530000071490070530
000000000280500000030000000000000100003000950000985000000000005040001692602804000
123000000090046003040103900000030020000000690200960000080004000000302000000000060
006908400340006200000045100260003000403057629100009803090530062600000350500000080
065008002300465000000000500000000004030502080002000000000084007079000008600070300
100930070020100000934000005000000830080257461001000527090003052070500000000090080
302080460040012090000640002800000716459006080100023500538004620090060300200008974
602400080070962001000058920000600090019004000000029003485270019006000800000000067
000300020370002000800645970900108060000000039000000780000080605006730042040000010
080000037050430001700800096000260970000010000500004008000000100000000000000000600
690000785850900000324000009085600200409302510730010040240003090570090000018420050
030000008600825300000070000096250007080000000500000000000000700001506003800190005
000050000301000580050001200000000900000700026000000000030465007000000645460000000
010078000064000803070065000300050097050792000200600051000020005028536009630001728
678005001000760020090000060061080000820009000000631782180002490934016205750094008
840500000560000070100070030054000027702005109900000540030000702070403000090210084
590000600800000290000902040000000000027095064000048723074023081250009400009064002
650020800008096014400780006700035601006040390090200480005418000007052048001309562
000020000500790680000860010000079000684000000070000000849000000750048000106000098
070208000603701250508060000085006009000100800010070000000000500304510002107002930
000500092000190000010030507970200800020000759086050000000900000630000001000000080
000097000900008030086300709350820046000461070000700080800500090460070210709102004
230000000500000306000000700080200030000000874000000000001056400053700000000020500
010000204708250001042001073891000405200005100050089027400006038100030742380042506
058796003000000069060031000901000076800902345040860001602140087500609104130078600
200040800007000160000100045070000900080010004600000503000000400054090600006408391
006009000080600942402008000000064020050007061000005030104503600030080010807400090
000009000983000206000027803230008010065000400800001320001003048000004000400100932
060107549800950006590630070031079000000321700789506003100000000600208000970063082
007030006203400007080500200041605700700000000050002040800920000032146005100807000
207003004306410000041870000000000000860130007003050020004080190050040080600001000
009850001000009008580000090900068010000000000000090087000230079300907000007005000
001000905823005000005001003500000000080094500094000180018000407000450600050618009
005090300328475900000200005000002000500004001004081570007010000009020007003600000
006025010000960000000001900008030069073000100000000000000000081080603290000708030
000048500053070400001000069087021035020560090000009210718204956506017002002690108
013480005000100000000900000000070000007804006480000007300200060004000801021005000
607800300008050710003000002070000004030000680080200005005100003000000060000000008
100090800084051000090402571036209710000070360000635020300000657060900004408007000
000069000069000007501000000070390040300000000000678000980000070050020000700983004
004706890370108420018000007490060003007000002000000140760010000000670018103059070
060913570004280090030700000493000200070000000000409705310590000000320009009000100
413020769700100000002000010080763240300412900201800070500086137037205000690070020
003601004540070010006940007300000795014050230900280000000132046000090020230004009
081396000369740020000000936047020000010000000000004001030187090020003000000062000
010500020600000100008000004700010009100050000039006810000001040400000001320000087
000000006857060002000000500000300050000048631003000894306201089512097063078030000
040070500060800090000904716006009000710000030090700050230000005009000020050000940
009000007700039216612045008000560000501070300900283160097120004050390001128006093
769001042081204690034709010050920701020078534100000060000000420602090100010000008
030900016002008504006000702008001300160070920300080065000036400003090000470002050
070019003010080700300000000050207400230000080940008070000005037090060240000120000
830650009240830057600200001165024000900160000004080000010570008070490000008006502
530002007760531004090700005109200038803000460040000001300904076620000000004000800
790800210231967540004300009060409801815000070940108000673500100000080030108706005
069700000430090000705003600003000000000200009248030000090605008650070003027309506
301048002060000007005700000002050060000082570507006020604809000700160090080000000
001090750003600201056102003075000000600570324020906005032060410407030000000004030
507869400003000000608000207000400170304200589000000600975000300200000046080020000
073000402600004807000030005596002001200080060000005000007059328040820106080601950
030000000000607082700830019070000046604570031100006008007000000400000000509003000
304006900007000530000000007400037010100000000000960200510000096840000052006010003
000401250300000068020000000000300090000000005030700000400100509000000030000097684
002005001003008002840920700080600520100572000007840000000160005020300100006059308
420093605006200900380165000008017009942300000050020036270048060160002490000030572
509487020321006400070030005200500010700309546645800002002640731000703050000200004
365900001007008000008035020040386052830050004009400003602704010083000000000013005
390500002200000050405100000100940275840020361507000000050200000083459107012080509
045060090900053027070810034194070800000286400008041000700000300413500986060030075
000021500000870009570960000002008900000609300010200047700030205200000030600002700
000081002050000008810025000007010020000209000000000000401000006683100050000060010
000000600007200005000501000020950000459670000876120409000005060000002000500300010
060030000000006100301002000000000030730094000100000040000409010008007400004850300
908300100006521000000000763000600000000000000000000040020000000109030007400702800
090000060003100000001007340000700000000010000018020009380000000054070900206083400
307040006005000010040020073030091040000230081100400320206000500059600038013954700
870904321201000009509000006023000514900415000050362007305270900062840130090000602
260000035853061079000800006000140008109000000005326004500610900900000040010908000
000009100007040800000706020008160000000007082000002010800001000005024008020600700
026000000310602000790030260530084706600000000040067315200095800900410072104706539
520000039100000425937245000201000540345012070000400002800500210012060350000000090
005940060410268005600570140000000050040006700500190028100000000090000007306010004
010008000073001002000000019700600000100480005000000030300006000008000050000130008
000074039000000000000000008002019840309000200500060000400600000600003004000020006
030017000067005003805320710900000004602700830008000097500043602000050340400006901
300160050017580043802000006000040690006058300000900005700020009084000000001075400
000249700010050004004100380260070000100008260003600100001004000000700501000000000
000050020000006000045001006008002070020400080090000032900517000071268940200003017
756834201430000600000607000000012070010000008600000500000089705527000089980700400
102869700000001600000304001001290003820003005064005000000182096693007802000900540
600025308000000520500000004000600000046070083100002006060004730050000860000000001
007000020105079083003002690006043001801260004900810206500704010008026049000000562
000000807050400100000960325000805700040090030701026504007609250285004060906080400
076905004009824067048007005030782001807000003000003872503000700000050009092078036
000030005000009800200108000040001038091000254080500109060907001027010500000465000
581907020060034850034000090756400008093000070100006903000002005605070482000615000
570000020090060841104900700803050017025017408001408050207180004600094072000570086
010096000690200507300005000405081000020070000100009005061030254030052760004160009
002075004300200500070043020030000845007058093004030076005080001400000700010020408
086500003230008009000000000070804000000007080842000000028700300400000970010000800
000009100790200604231064009020045907070030410154090302000908531015076008900301000
000000000410000530305000006700219360020060408653070000800020000236007189547900000
000000020000900064003000080000500030200703000037461092070004000008605000050000800
400076000027008040890300007542697010080025609000000402070003006000700030314060708
000851070008097042000230018500060031320780090060120850000970063070306020043002780
004907000030040090700060204000600900060000000940803500803000000400000000600000000
008050000000030040060008510070040000000060085405203000704501036000074050051000790
000070465650000080800054200020530090946020050008000000000400026000060000209017500
230060100040000029715003468800300000000000053070400001002000007490008530007200946
006008003300096802078000090831040726509000138627801040960000000003054069150060087
403900502200000019000000300000010005006000008800500093102040000004700000080025000
207090045300004270000207010030060000000020003109030780840000530500006027000500000
050020903900000270240003810300950480060040300000200590000000740090000002700000009
005000000008003010216400390529716800804000070071040009000609100187530900000001453
700120000894000005000000030600000200105000070020476001000700002070000060200004000
700900000000800000109430080380000500506003009001040070070000950002000037005004020
060100000030720980001000020000002000129308000083000200300060090900000060654297130
400307000300109540100005036270090405000270069000800300000900000048030601032700800
800000905070806401104079600060008000001265043340701560400013006057080310010607280
000008609060000000038560200000003046056810090003406102600245830005301960081000420
008906000700000400035240709000063524002780630000450000000001000000000200304027010
000008000002009080078050090000100030000000200840000001020065008000004050600801702
016700054700500100030961000000080003000005020003209040005000437829304000007106089
000380400000000300000410050050000200096000504100000086019024060000806100080100742
070080290610900400003700018007005800800070001001090047056821034002300006934500080
007006000000000005000009000000200030274013000600000002010000047006004000049300650
007001309300004106186500420091732064800000273000648001600189030000057000030400018
071600000082401000000000000800000620030000900526000037000000000005040060067000000
026009071000010650010500080037400010190200540460098700600004100000070095904381267
800200000009010000600000080056040008710000020204180000540809610980000050003005000
340000000000024178100090000000000780021768503006509421805000017034070000007800934
080050023060487500109302800025004008008523740400000205002000350000240980807105000
000006090006002008102748000005000000301920000907000361200000610000600000000000800
000290050840100023030080000060709500503000009297358000720000080009000062400000395
000400009062009005001705206140003027000007000070000080083070090620001050900008000
000300049007004060005000700700009410000041000810060290000090070089007000070030900
430020000009810500070000000020000005000000700500000018700008200004065000002009400
003000040810904003097006102930000000006700094170040000060052071001603805080400009
024790000581000060900850300705180290200000031813000050000000000102940000000560020
106020908052800400000100020009000800005001040004200100000000009900000000008910000
430090180050340090006500040000800000003062000642905008004609001000004000000130007
000738400400960030083012900090320150040009027300050009204501876060040590510000003
058009600074583001000000080035000276800000050267004010040890160106400508009000734
070640309300700450005038000680090040921504608004003910809020060207300090030180074
050400000014000000000050400361080500000020003000160700140600000000000000030090040
080064003000058000001000000493502008720000090000300020000806030000000002000013000
900070060030920500000106900000002000800003000600007405340200700080300096009000010
500900000000070000000400180010000003406009820900082000002000900159807430000000000
000080500902000008800000001000020000000000070207006000000400010500300400040200387
300700400009564023600000078080600000000300000000810500000000007000000300000003800
579004300100000024008000900034090002280030000091582406900708043302000058800040610
005308004100000093083016700800000570009100000701200000510030940027040150400050037
000000000000002000000000004800000600000085007002000008004060009073091002005428300
053008700407900002001006359720000590346000000105000603072503900800027000504091076
005000230800630050020750408372000649904027805000006720250009004406070900190003502
000246001060800000310900046507060312694310700103008469900124003000000690800690120
900000064000060900000000801000000190007003080000485070300009640000307500000000300
000569018506008007281007000702900000000000023000023000000604000100002600000000380
000042900030187060640039000020301607390800502800005100064003800008704300053018076
092000100400000020060800003510200090740000060000000030001000005350012000008000000
057100800090200046040800050408970500000008000002001008309005084004329000705080329
000900004000083017804701650006800102090000070078209006720100005080000901000000000
010607000260459008509183670000000009900000540054000263400000050000940301002760004
000001500000000000005020001300065000096402810040000090800000107000000000020000050
000402630006090000240560010090000076500030149760014050814000703030108000620300481
800002300970000204062000150086407591340000602005000700008004035000060407704350010
800540600000180005400369820006908102124700000090210000700000204900420000045600018
090000000063100054040306000000741560010002000600090000070600000300908420109020630
000002000000940700000600080084795000705260430000000000000176040100428953408509017
000050038257000004380901005700430090915807460604510002000370000001095380800000050
680200000701806032423000690200305800810900043530000209140789306060400907008003050
590070001080000900020059870007024005005000400006591080300040600400916030109830742
000000000900005080000149000000023000400000530325010067083007000000000070000050010
570009002068300070003005000030014907405987236000230010354701600100008400020400701
600200000008030000000080600900054000000062000000070050800503100004008005050600027
060020409001060052000190000004000005000416000000009040000000000002000004000040008
604030000018420300730005000200080405080040900040000030970050041000070503803104700
000900080638000915000030700000462057400100030100800406009200570507009200206007301
000920000040061920005700060609050000080009007200080000000000004070000102090500000
052106307106703250093000600400030120521007809030000764204009500000005002385000976
043857600120000507005060004409780000000400800708200040007029008080001030000508761
805462079071500406000197500006020017000035040209871003080000700400018000500040000
001602749700301802062470000028067000415008607090045020206500000080006900004010200
901030000053000021700010603865040090092008100074920860509804207006102000000390086
076508003051300000000700005000003004040000000310420506000030009007056008080000650
005000070000035140010000000103004067200007900050900000000000300906481000500096001
000000704008009300600000209060000000800001000047090001080600000200400097000080062
007200000423590008000876002036000057090015000501000420005000000900000030340120000
090012003304096127710304905008000510651208004030050000000000000160023009800900670
000020198372001654819400023037218069000000305900503810050700901700009000000600200
302069017600041002007008605903615000006080903800092150000100200000953000060024000
000000000000030006001087430900840503000005600010000200029408001100020850050063007
200000040670400082004810056000000000007300000000008005080900000002000500050000000
070250080490030050000084000000695000047023605069078023900007360080360049006549017
401005000590007421700200006000080370302000008600703049200000067910670030000040005
600000030000000067040000500400000000970000240000000093000010005200470010009020070
021003540070604102000018000000900005000036400600042079500460098982070010000800053
013058009090010820058090301805469002001805900000301500540006208002040000900182704
000040009000300040000008100000050000000034000508100007806000000750000310030275080
000000080000020040000000070000000000000500900008070014053009420706000800400000796
000010420002879006560020000003001060090502034200000109009200847874096000005048000
000007001010000007000060024000486700400700100000000080000200900030005240204970010
460200590000630217027009640715008430806003100040100080001700064000300009079040001
958400070706800034024001090040700809089354007267000050001083740000100300800240961
000050103050130008104007005320806000040009302570300004290000706408065009060203081
800700002307000010026089075000078003635000098789060120070300901004050030060000500
000000403000000000900304700500402007860030014214060030300001698008000100000096040
073000820025000900000020000007000590000000307090000140000000209030010000200057000
010700090020004700058000300040206000103000200200190500400000010000005000802000050
700063050000004000000058007000000001049630080080000200000070004800000000406000100
000010700500000000000000000040079200301485000009001400000100502000047030000520004
000904007000006049000083002906408200210000780704300056000169405400832000090540000
400690018090001702005000030002005800048206001500007000060350087003008006801060395
007205010091700000050169070080510007049020651000904000004051000070000100000000040
016002050000035016007040920000308074000007069100906000800170600040000730001064005
008000057060070098050000000700090300000000809040300000502900001000500930030600580
890000000000000000400300010009100007700900040040008903104800500030502070020410006
700000190030802005004193070519008000007000000046051738400000280000009000173006049
000001900081050300090000860340700005000100030000000000053000610169500000000000000
001052090798600000002090030010000080000080300900007000009063005040100060000040000
649857030005000040030406000050200708007513000400900153060700012000002069010600370
000210405182530900000609800600823754238050109004000008000385600803706200007090580
405908600000405000008062004004020536650000000109000047546897310031500908097201065
020806415000400790001000000180000000000007100070000020200600080000003000500200600
000009700500073006000612000020940853401300670000260400354000900916504080008006040
000008001129005000000290000400006000000000950030054786000149000706020109004000020
609000270000000030483100090500380000800010000000000000300000904765400012000030006
004000000050000312021000948809304571517080034040701096670240100105000409002000000
000302000030567481006010030000036045005209600600401020507000302062005090090020000
000000980035000000000647030000000200500020043296000018000064001000000050000000000
000201069000960007300000080000000001057006003000300870080009704060030058703850906
460000900000641270075008460712500680084002300300060010523006107140000890006400520
250080000908671450007542030070406080640895003009010240800067504020000308090138000
590080060107400030032010500675094300000067000048030005000000006210900483000000000
753490008000826000862700000604502700508170490130000020305007600901064580046050070
030000000200640009000020030050900210009070008000400063090002045500009001100000000
006900000000080500003756401309500140002000000100039000008000930030008015005390000
408309000000572068200080030072800509384105602010000000000907800000431095000068040
543860020080900050090005000935074200012059706407008003000591407150000002070280915
086000370107000400002000800400903058069020000005170600093006042004397580600400930
803050000000000005500900000031860050008000000000100006002000079917000500050001000
000010060050004001190000040048700000003400000001003000000005000010000800400079006
094200000005000840730048100080000620000000400672004000000000216000070000050000004
570010230000070140004020700000930860030682050200507000007003500060208074052794013
802910735730240600009000842004000080500460070971000064490701320000023400000000057
020475906470000328900308000003784159704059203000063080090830000000002007037501600
480010200000000048300040510030900060040000000008053020000090180051000090004100002
410000070205000400007180000090410002003000700700230060309040008102590040004800095
400050000000037004000020591004000700000070800006004000810005000000810650060043000
120003468000721539305406700803000005206150300001300000409067251060010043502004000
831005076400006000000003000070900300600032540320000690203500060106304750000600204
205490670490000820700085040900000302600800590030050160520040030106300050078029000
083749500000005003500006074190080000000000000000021008706090000009050030810007040
000040000050280400030705090070000900000000000900030508200300080000900100103000000
000400003000000400000073060000805100207006040000100390102709000804000009070000002
051700080730060105820410070000000000390206700200000039173020000005007008082050307
080007090060503000700000058000009060000010003000804027000090000001002000090050000
028300700070000000004000006000030020852400000000850010000180030000000902040295000
002800590800700000700100300900070000600080720007600050500007000009040005300068000
706000283002007500000020047060009008000000050900000360608000912004002806210080400
510000000007050009200007000005012000100094050060005123000200004029008000640000000
089040006000070020300000000000000000000000100700910605005600207800050000000827000
000800006090000301005000000000063000060900025800000000082000000000009280930004000
020000406460002009005006002009061028016008300000000000030047005001983000600005903
050809040009040520413006000000000010032050000800002057040000060025760090008000035
320560170007400906090700243530070004761008005080053010903600000208300000156007439
807020000006010005020690078005300000043000050900571000080200000002930800400000007
020100400004032500000046009709010040008090150601000000016020700300009000090001000
000000000900000230002040005000000001120090000000200040007008092090000060861000000
906041000000200041071500090680007435005062007000430860000670004000020609000000308
600003002070004050084000030010200000009007080360040000001090007900000000000300009
100003702008000903030000000605000400002059000000401000060000200080270516047010000
020008936400000020000001400064009080319025700005000009690000040003082690000900000
000067003130000000600910002051009264000624015046070089010290000000351900080000000
000680003080302090300050010104230780970160002200008641500890130400500008006010075
000503016000802735000690000036918204010400007000030180184200090300100070207300040
602007958080036000710000000320000080000000032090500600971850040060179800058060000
008000003002040000000058002300001006000030081070006030000000060030800000107004095
049000080000000029000200107020705000300062070754018200072003900690420010035089742
200080049815009203700003801000002408089367012000040030340200900102095004008004020
400069002005008090000000300963250408040603200521487639002030501390006020000002900
000526030000730090000001020100360780800004003000080002090002000008100000026000970
600005000591002600200030000005000070000009000976500000169008000003000054050307000
002000100006830000018005064047003006000084002031069078009018230000002090003000041
060000450050207009000058060843700900906800705020910040570600300690381500000504000
006304000302185709100007400000000040000050000600200000000008094000532800001000030
090007004730800002480000007529706040603480925008205000352600409014020000060040200
000000000008600405051000700207058000000701540584096000000900100002000097079204850
037010902100920370200047000825400100049000000713000490001050040062000810074031020
010008070003074001746020390074100059508400162021000400400900080007240015100083006
000590002108030009590100000201340908000000000900270300009700435000810026700053001
030006270040027300000000405503409182812305704900208603400080030087000940000604007
030240010080090006200000090053002900020007400900005102045820300090654020002300004
900400060020000000000020005030000400091004000482500000000300096000070030200000000
000070010007000000050203000509004020002500060300800000000406000405030000020000054
681002509040000100005100704060020053030461002029005000000058040412309000006204000
823041005059203100001500380530100670090350001210900003067000200340610590005002000
704092001000430020000160374907006100310000802082500400400978006079600503006300780
003007000810300200000018060905160000000002508000580106420095013507801602138004050
090005600136072008004300020005000294002608030371029500703000860018237905000100072
400001000000009400980004120000040008018300740042010593000063250300002871204000309
050010370000380000007009241005000480900008756000760910000003060006090030103800009
009075480080012073000680010090437000002091704004208000001700308950040621008100007
205900000090800000000000703006270000009308010030150900001090008000780000803400000
001075030036004050002090800008002009000830000000950308600017290295368070100000600
000250749000000080400000000208517064004300501751000320500100036000000100910003050
013900020960052100050700009500130000600520040030007295005001902096045018800000053
608000010075069000000000000000600000400070596000008070000000600000086200000730000
040000009002080674093704105001890460900000510030050000080070200700001300209438050
540781369010906045003504010006800073300060000804010090000058036005670004000400080
207640000146908023000002604000506300600380070080027060068200100392000856400000230
000050000000071006502904078000300907009020000006000020800060001605000000013080504
300947500000508123600002004010009450750001090090075010007000049000000065040000831
400005037005003006000640050050000800000070600000000700007000200000000000310420000
937028100000039620800000739075902800269004503408570060000000080603081400102050390
600002845400000200000000900000040306000010780004000000040080130000004600000090402
005000000021005000070241000004900000090000000003500600000010065060000700007050000
036000097009643120080907400800000040000006000000000800003004000048000000200005000
406000000007000000200007684000000901002130005100074000600000840300700000000621000
005078009018200003906005810801000095004381006002004038103007904207049050460500700
060030790079000000000700620350179800200503109910000503400017906701986050090000017
104900003000810700000000000000240500020100090510069400300400010000000820000001000
000520730002430089040001000000050000000000090004703000027310500080070000000005470
000060000500370000800010005053821090000046307600507081208090063410603872300000910
800320000021604078090007013105030007709005304402760850010940705500200439000500180
009300500030000060000200304000000137040000000010005000100000040400051000000000015
090020700005490003103000090000000300000579040642008009800000000950000000001000900
000036000000402001004100060340009080015608000876000195108007500003004608450061200
000000800040000300007010456513070200760290005900053000002000768070030010000700900
000000005028000900601709800000020400004070000086154000900685000107300500000400000
409200053000010007700003000800009640040000009000040000090000301000000006180000005
100972003040100000000500100008007000000008207007000058000020830400030061800700000
800007001000032947004000830700103090009756103000290006090400610407018309680009070
091004000048000971003179428000610200000005700006900030087043065430000807605790300
000000000000006000100400600000200000900103080000009000005020003003518020020307000
000006010096010380100080906050401608068597021040038500603100800010002760402000109
300000420045000907890200006100002000902000010000000000601000004029034000034600209
806009304037050201120437500004000015370000900501290000000080106005010400012943800
050600109086031000300040026000010000100050700000080010700860291020000060000000005
085310600620000390390672400140003562030520148500000030010230006000065900850900203
604050000100004007053000000000908274400315000060470003000800000000000195200500640
000100000500900400207006000906300710400720000172069000050003079300007004700008200
010706539200003400030801007700690803956304700843100900092000100000000300005417690
000872006807960004056001000008200000000000069000000008081000000600000090002600000
830000405602475001400000692140280069569000000003009000056014900004000700920056000
000200000000008401608000300040000750900007000500042000400060100305000040001020500
070803000004150003030002050009021000006030000005670004093040700000389000000010300
000700009060008030900130057500260183308007962290300000030410270000800514401672308
000070012010405006000910085040508697000201530835007040000000700907154000060000004
180000000900000001020018009050100900030080000000903058006209000700600000092074000
000900000090400060007300000000014000000000000000700006710000042009048700000037605
002100070907050816681094305063809000050016980700000000070902003409000060300000094
009013802430000060800796030045000103000130240070054080020079514390001008004600307
000000026204009087000002190020973008086001000397060010010006000000400971040197000
009400025480002691570000800020005010601824050090030008000046080040000179050010403
300100682001600093000030045010500200000090004902000000004070930030460820000003006
060000000050603090700524000500800410687040005010205786005062978230090541070400630
050061980802300060000280040340070800200134679060020000130807000908050016000600090
920068001683714050007500800000600002436127590070085000008076000002839040064200080
000480970090013085045000000004109830200836000086700029427390508901500200008000391
000470090981000000005090006650000000017000200809002000190000057500000002000000010
600300900005608000047059860003410090070060280006832040068043109230700050700506324
000000030000340007045900006700001004504030060001080002400000010000008500200170000
030709200024063957095800060000906002000200000200300000003091024000000806000000090
073062081800790060052081703207610004300020000065004027000050140529000000016308050
960054210001600345500070080000007490049030070087060000050710008170002000800546701
700309046359406001020080030000007053867503020513204607000008000040005300005900060
000060058005704000609008070000000040000003081010000503070040000000005807000080000
000500283800900056060832791025070014149605000000140062006093000703051000401080009
000003015041008000060140098005000000000070080408300706006400000050080300102600007
000410000000090600700000100042007008070000060980600500008040720210089436364001800
005000000800020140041060000007800032000900054000704000080000000000071203006000400
000000040300074080700008000900000028000000000810000050280000000000000916090050002
120039864900000702008701503862307000003095000004200071056182007070050020201000000
000000400040200170005003002000020510800051007000090203508079000000060000071002008
020000080800000930000160005080406350001300070500000400050730090968001723003600500
200000098000100300010000000090240000670080000400760900540019000082007610009800400
584006207063001580217508003630000040800600179009800000020005700706012300050009401
000005200000000010020090070500028140000007000000000095000580000100009000805200900
409050600806000530300800000000004000040623798000000104063080000108040070000730009
000000307092010050000000020800000103006008200000063008540000000000000005068090000
000000000400930520931200040090000005745000003000045000000000109560019700000300600
000807060090050302000100700000010030309065000410009570501000600000001803000000004
060300050050060000000200000120780005005026089709430000918070040002000003570000910
810509600003000208046000090304610002050300186681200403005000004900006001400002030
000000386502300409003097201070103048300080007406902005000530804040001003030000712
000065017006071000107008300305000000470200690900084205003590074004832569000007023
090120470250074006008030000000700003007390000913258000070000200004902780009087004
061802009008937560300106000080009205000470603693501080006080000907610800800700030
000000050000000060006000000007840096020006075060005000000010000640000017200000500
705060030008751624006080001900070040000005300450900710570002083830507960600810450
025390000031046000000000910092013008103007520600900134364508201000600705750109306
601000000000000009037000020000000006108200700700000000020960850070001300000000900
960000008800090030007105009000679301023040000090000004000037010000804003009001046
009051340423070001500342970000000008090000023000723560802030005370000280001004600
010098000060500000084700005001800940500040001096173058603200500050004700000005403
290007085000900003000006200850000000030000000040301007000003500300710400001004009
150000489006900070000105300400000010301020790000310820600032940004000200803709106
079012000205800070060900510000038100000040600040005030000080090190300080700290350
010003006930000100687000000000006010000000034051009000000800000000094000000002700
007010006800002003562030400090286075280000140700490600000000500000100004640005007
000396284000804150020007030286400000100009000000600041500073090000000020000005000
000000000058000000060700102000000000000030400547002300495000200020005008801026900
000000012006801000810075490003500008900102070500900003009618235230704080001050000
600400000003060478780090500800000020209080003030925080001000800000007009078000000
700000000000067000000009630308002060200600103500013040009054300057006008001020070
000100620280450179000000005000004800178506000039870502010360090000208006060749001
600005300000000052902380000060000001000000290200010065006500020500702000020168000
007200005000007240924100603609800700000000090000069800706000000030076020050000060
002000001060007000401800900300045008600000300710000054000000206006570183083069000
090000130600708000050000000007984005084500301500000840845060793000005612200000458
040701893007300000003004000135090070900600105000013900000005300704000069000000704
003020008007000300000309000060000020000900500000100000300000460710000200004050801
100026000800007200000080000080000600709004000604000790351000000070608000000501020
540060008062800000000509000701034000206001400034086000000000800008100320000608590
450900010000000032002701000080070064000006000000008120800200675605004200201050000
410000000978000030005000601000400308000000405100302000040000000800040050001208704
600010004000800010100020000003040280020000000400080603040000000006170002382090400
510280030000450700800900150000000405745060003093000208000100500000700000250000041
384000000072901408100000000501008074893600150000020000010700020060000003437002891
000006000000084009060150740000400600000075082480609050000931004003000000000000003
980030600610890000304000008050000090170583200000010035061978503500000709790000000
950728000072400050000500802000090710708260000500180000280053007305070000090840365
000719000900000028000000107137006800620000000000001562000005980042000076810607200
500060170400100050780935200000340607100050024040001800000503401614098500300410000
060000000000006930000000001000010002008050009900003000700001020480005100000408000
640100290800009005000406100056300040000794000470561020700005630004000002000027000
376400510005000490090501670009002700420000080030068024040310867150870200000294001
758002000000800203031600780890070602173406009620500100412905000387010000000703400
900063020200000500000002007700050000659040000003080005000604000030020050001705600
902780100687054000000009000306070005000020000074000620740300000000800500060007091
090000000000700000078900430420008000000000000017000350001420580340050009780600200
509002100040080020300000500000000030625403800470890600904008760250036041030910085
500903100000076003000010700000007008050200461000000000764000000000700300000000000
000300000050000009470089351064920008020130060001060000090012040305790802210040096
075080120840009000091000000708203601900875000002691005107050000020016058500902016
406050020571209080009000175804970000003084000000623400150000000600510700007002050
905000000067905100000360000700540060006098000001000900054003000000670500009850000
030010000409002070007000600060000004950008700200000900020100809805020167000800300
000002090040000000008030520082000670000507000706024000500908000000270480090000000
005000200021030006047000300006400102000000000470008003004090031000000000000000000
000001005800024710100590040000850374034100020208407091007010000000000150010000060
950006100007030205340095086400351060020800050010902040230070010084503070096008023
006105003302000185500420009000007000060034090729651000000070010690000300230906000
090000040473000500060000800050039100001400000000100470010003680009608001000005934
000009000648500010001604070004120008000040001000000640000007000000000000200050834
000508000607004908805720004358670140000400080204050700103065020000247831042080605
120000004070093001000002700000085000250040910700300082007630100000020000002000000
004810006000050040620040018057084002040200570216005080400008000000090704060000020
005602000102304509000090200286043010000020000090107082001008953640530120000000000
040900805006850070000020900518002760230796108679005004003000000060030097020018500
360200700010400653000000180690100000080609531100028906031002005027000308000013209
180072000396004005500096400200607900019000000630000800760000120800000040040020067
000709000079200000800000010400100060600000201010803040000020030008030004300470000
020000940000000803000540002000000051000000608500006039002000000005000004840095010
700418056059007100041506000000043501065020083080050009010075830000380614208000095
035090004002608000408375020290083700803000960500920400080010000000000590009060070
405020601702091000069050300004000000057206048001900500000009400003702009910435000
004798650005214700078005000000870010083560402601409007010040308030002070490006105
803100000000038500000004300000023050302000100500410200650001400230006000007342805
500173004409208000000006820008315000100600002076804530020060900090500076010000050
206801540050006081001450300000004052974000030500008004109020800005600409003000205
600000100002070008700860002000100700800406031300900600005003000486500300037608010
000009001097201040010003009259104306003000084800000020370600500000010400005400000
604903105000201040050080090007519080910000470000000051000100060006340719090620000
002740000500001020000080574000000001900462000000000240005103869370690450000500300
605000040000010008000000516102000090000100003006000071780521360000000080000780100
902500300003400000058003090390000687006000001010086000600200750000000040400007900
000050704000000089070800036347002008090500073000743912000080005530907000100000207
010405802008613470000892600000000000003060200105047309029000700801756924007004000
000020001070415300100000002041000200030008100002074905000030008810500620026080000
000200700700009000800500009007000080040800075000000064560008000000000006200006000
036020084902004000000360000009003021105700060004251000091486050203917806648530007
002100804000040200408002003003090000020600300000003020245000108009001540000025976
007300205000001046500000309035602070479583000100047000260009100000006890098000002
020060000309802000006090028032058416005600239014000080060089170570006000208510360
000090006008075300500240098000300960003100000960000000600030000800000030000008050
040306005100800070502400001600000040004000182018074930400000608801200093070601050
000300500540000000003000689850030710360000840021080000080600407402500000130000058
007600050009004000400000600906010007020460300000007060004030000000020040000500000
020973000008000003973000025006002000500040800810007040200030601680000004730600059
000305648040072015310648002000106020086000703409703080061000200000230001237501000
000050007020700006030618000792001508010040970050079000000184725000027630275930001
086951400300806100500004607009000030000040906030009000000007009000090000005020748
008906003037000000029700000060200830712308000800000701081500000000000310006180459
800015000406009000300426890700008030190050040000000009007000620030007010080030000
628310740009400862000620930000000007174000020000100000001005080030000506700030004
674000003218059000500060020800930040020005080050080000902070000100290000705010800
634200008780040002020010400002000310078001045160500807090160004810403009040002681
003859060980400203600030805000000529009000300030090780560040032002685070704020000
091750006007630080036108040008460130000879000560003008020081400100907065740000813
091200740630700100450198003265040310049300020003002070024879030010420000900003450
006370518080006200000100000009630021007218000010509000004003002000020000701054390
700000105004678200003405008000050073000000000000090006005002000009500000320941000
030089612160730850589100374300800200607000900800607000916270008450006000000000096
100080030849000700000002080400007009000046057070120000000000098900003000700008463
000000000602004000007000690000902700000030000730500249900000006500000000003000004
080002040900070000100005700009720016501980003207100894070540309000260451000000000
049005001375000480620040035400798000250410970090050140064000300100060857500030094
000000568058000327000060010070000000080100002001007800000000000760001009020076180
000070000180006000007000406805000003000940857000007010050300000000200361306004000
000000000600000000004000602089000000060100009000900460000807006078030040300004000
000085002800140960020000800069023700010006080030001090095208674600000120100060009
100250000080074652005390470091600500000409006600000900030061285528940067010582300
870000030000740500051009040085000004407000260000070000500106090000405120000007085
009002508672005000380109000000000080000003009700820040500000020000000400000000000
001060500000003002000570100120040005037001000906000001010008450654010200000000010
000000090920451060637080410201004039300010046000700000004605000092100653060020000
800604020007013009000090467070060950000500740590407030903000014080046093104002875
001908002600510087807000501289601070005000003160457020000083006000000000300160794
089321000007049312000507094000000430103000680968400257876004025394050060010000003
600401000040079083000300000000000068009064200400500000500100000000008000003600000
500920000000000510000015800000002005009506000600071090005200046708049000000050000
607100320200400800000030064506704010409021050182300900805000170001058400364007582
000509230000000007008007659000000000000000000000701300000000005720005003915000000
800003700009850001403700000030197602197000500000004100045001908000086000000240000
341200950009010000006700000002409008090030000000506094900100830074080029008002070
609001840300080060408600031042076103000000050500803004100200000790005308203049600
000000000000401000100270000000708400890060050000012809080605010506107000000003000
006000000019200080002008003020080000063010020090002000040063500000020000001007000
065000009003006000000008600007020000450800000009000024390500000108000745500000003
000084051010060074008001032000000287002905100000800405005208749083009516407100328
086450009000000060007006000000560000014200605008100002060000000035740920071000003
000795418100060750590481200736900000200000000009012070040020097070000100000000500
705200100000090000080005002000080701060007020010000006000002000570468300640003200
000000000540198000080030200000020013000000029000010600000000000019300002005900000
000013007010090480000005103127500604985060000003701859250430010000000502001900048
000900050070000000000008000087000000000000300200070500008517402020080015000060903
365800070207306400840200003602000109403981026908007504006043000000790205000500040
930500000000030005000082030000000001851003000000100300506800400008020090000000718
000450060208709000405200100000040056000078000014025709000002001000000028020100000
010020500060058000405001076040003000006580100500004020093072000050009780027000300
075000400610050000380600070040195027000700008723804001208010700537086000491573002
000000200020090000000042000098000000000000000503809007000000060016400093000601700
060000020153200900820600053048300200270408030509000008080906005005000096000000000
000803000300270941600900000020000000093605402080020009200030000860040000905708020
005401027401827030820935460090040000003186700086002000009300600314608009000200300
385090201090000050204083760863009020947051000052360904670000503501076090000030007
090000000050000000030049520085030090073000800400050000327006000001580070508370610
000006900080000504000007160890052600006308000200600000060030000072060803008079050
320000001006190023009080674080000007264019005001000000000050000000000006800070009
005000000090006000630500809500900312103405000809320400000080000000700200000000005
160300472247006039053724000039000805501900706600008300006030947000000260700682003
530600408060000000001050600010708900005060704408030100106504030900800040754293801
250000690010400030640502701000600000020000006864000010000370068100900070000860400
580600000400005607167000000016420030008169002702080096005010764801040320600300900
000370080000420000030605401924053800070800204100004000600000032390507040418930567
000003510804700000001900300619382470328070100040090280005007032000408760070030850
000891054090502700540060009030700015709104620000006908020078091070900300905420867
036805410020091070190030002040000000005040000200509134000300087070950000610070000
030000000020950000900000000280071539007390004059240100006000000000000000093104000
007020500900130008003070026701480360048900710000010004020001857005000000100050042
005080006218000090007350000090200054700000080040000000109826000074090268600000000
570000020008507000039084600900070365807030491003941002402700000360000500080000000
000450000008279000000000007012640000000007000000908100000000000001060009009010800
000031009000000000000090007170000050036500700002000000308050270720300695005702000
000501824040937050605004390500700910031400208000190500106005032408000009700600400
020304570758016009400580060845001000070600400903400000004070006000103054006045800
009300400000042590240050000005009800004020160000080000070096320002005906608030700
390000040000030051107200093039500000000070000060020008000008600080000300500002000
520037000304900521000100074180245937000090186000000052000004693700009210090801000
600000009107004605000068037001009356000107892000000070000491020010802700508006010
000700002200300009050020040198002000700809020320006800070041000000653008030007200
000000870904080003078100069629400081045030006180096507497010030230904000800300004
000500002000200000300184075106000208084001009000042067800007904900600000030020006
020053001019620000008900400605008000001079654900006810107090506503701000000000070
921003708000000900000901000200647890819205604007819050050300089306090105400050000
001800024000400500000100000006002380019000040000000000860094000000001860000060490
000000000008050000030000000201005300000039001309000405803000014604000790002100800
000008051938010004120047000070060000680030702000724006000452960500976108790180025
061000003004000061080000900510008007049306500607005000008701005400003076000050308
000047200050060007000520001003750002009130074000000300060005100020070005000010700
800010035020305800000400000638020070500860014041700003000037028306240900480091367
005000000097005148408060030000090024900000010004800090002000680000080300000000450
000010690070000050209008010530164000106002005920570461600039540800045000000001000
000760005254000600706240938670480100901007840008913060502800000107506004000079056
300080710009600053001000090007000389930000000064930001702006000000003920000792100
980000260200039007000000000802107050065320790000650020000040089090500340000000070
082057000007190804010000005000080356000009008874060001096000500700000000241508003
080035706000000081006089502003090050000002000208376004000503010010020000005710000
006108035530000082281750640000810020190370050000460090800201074400900200300540000
007439850815006000003850070030045087004080000008003045000098700001064098580700064
691300280374802900025009000030508000107000000509176340000060103003284596000700400
160572000300600002000009608090000007000003000500200903000000005005790000030020794
800004000000081000034700208000100403005000907000070000402090001050000639000010000
027900064980654000050020800012700030000400900000000042009006451541009086000501709
306001007000850300008000000900310000060270008000000000820960410030080000000000072
387295410000380950200000000700009040004720095000030080050000730473800100016000500
000021080000000210020000060000057000000000508857042900000000002019005000000000800
400672050002000000800000000100020340009010200000000070020300900000060004000007620
780540102000600403300010000000000309500409006000120700090000070800000000050000028
000690100963850702001207306156478000392006074048002000070000060234009080009080400
703009048000317000026450130672090810495000000081000054100702090000005481560040302
500800000008030060007650980003508040100300009005410030700060028031085400800000306
031000057205160000809020000300209000402675000706001029104700536007300048000000972
074010983012009600008006501000001304340520098080043002000000405007102830860750019
004230070208005960710090020900086002086000007100900036000000003000471009800000000
008090000000700841005400000400000000000000000730501000010907000500082090097650000
000500000301800704000467300000942600005001249000050100020030890800000000503000470
801075029470209680039860045002000904008000000700000560927080450183006290006027010
000030000090000000000527003000006050000080090500009400405800100016700029080160700
912004308600000040050000192000060009070803206000000834000400020040602971260907485
072400000000830000050107609000000406064003000020000073000000000000000530040200900
030908001900000300000004089803700160010000000000400238000000000300000000600040020
005006900406093100903005060850601040000089006761004000000150670640932581008460029
400000006000040023000506407270000000064700000000000270600000005380009042000000010
600025103000000080040000002000063000070002036436897001000000795790000360300750004
014002006607403052000086000400060837000100000905830000000675308803090075576040001
000130805000085000850024300605000102120003908904700653002050006513800709468270500
000047000060108509800000064900704082070000950002500471007480030008000600205000000
097080030130470028500163407000000000700004600002000000300900004001040005074000060
000095000000030050080004713500040981008000304007908000000009000050060000009000006
001000000480501976070080000007608050003090040600050100019064020000000704760800009
500000060890030100000521080200470000007000000000098007005002090000000000000000070
841000096069008750025093000000000048004029060000805900200976400000000009697034005
700406810050000020000000400500040000000080000080000001000008003802000064300004090
000070001000001090000000786040760008607008000105004670871000063000087020052000010
560000004900000028000000056005200003409010007070900501100800000020001800000000610
000000070625000800709000000000060005207009000000075149500001000910800000002007301
206004000401000230080060070100000050047580123658230007090000000365100004010900000
020080060100050002056029078000000081602010000010005000070000000001070540504001030
206814050481005906000000040350200000007001000009000007902008070800000100060020300
000000320206980570704000189302804607560200408040706030471002800903100000005308040
000040700160850932070020610000685073050702001003014008537200800210460057086070020
063908001800500003000600004012300500938405002000100008009004000170200400000000329
000800364800300000000100092705900000030014000010000900598260410203000000001000230
000097020200800000000010000000000004000729031081000270000030010030100006108000300
200000009000000001010000203970503046000009020052600000600097534009400000003000090
000460072000028000000035906000840000000500001000006000000000009000380060615200000
000000070053201000090503080900450000030090004006000090002009530480600000000000000
000040000008000000100028030619804000004000691000009840000480200481037900000005408
070600000400900000001700200700100500610005400905000300000009008000080030800306901
001000600007006000056381000510800400070004051000010000702600000005008000008700060
010000509300020160059061708500010470096300052000008006035192000407083091920740000
000002600200006378600070040002060800000000564506900120060010452400009000730200086
100000000307800400080010970800000720900580000000090508030078000004069000028000000
009003060576000003300675108763091000000000050005000630081030500600700802907082006
010000000030000106080619004001000009740000005920560000870190063000356008050070000
000030005000020700070090000006050040030908000090000350050460100000580000600102083
502307000000900058000000703200570900009000370700060004004205190070080532300000486
302004000098000132000003940805310009240608301031400000003001006906705014004069000
078520409052010307401080020700065048016800000984030501030672050100000206060050003
050700800007002305020005000485060020002540600009070408003096287001800004008354900
502460901103050040004009000308705600200906000000030072900503000720104008005002400
000000000019250070000000093000300004100540208400600000008170009700090002030005000
000000780280000401104280000002040108070000600046070090405710020703000564000400317
930000862600003001051008090000000000203509008100000005806032000320004006000601000
000030076430076050000950030000890643043017800800643200309704001704001300521000000
000510260706040105500020000000000070000089004405160002000000008000804000050000000
030870009900000000870050000740060000309042000008010000400000090007100300000020780
001200308300001000200008451083010900000002500002080010009030607030000000047000030
000020001071000650652000090000002903700900508010584026007000080000000007005100000
600402500300000000090008067005040300239065001700009080100900700000024000000576210
700090108030081060108007230875004903903050000420109870007920381000003007080470690
100300050090400020000102083004000239001903807900700006807500000506009300000000060
950203100004070090010065024300107602009000038560004019000059000795002000600400970
700640002500100789002097000000001000020900105000230090000000050200009006406500930
007010000000340900000907600800760000700000000000890020003000200050003400079050008
400820560800095040690007102083060050549700206162509070074000625000000097056070800
000100030000803200030720940000079060163000090094000020010208000079600082000000010
370000800000793000512068000008030020025600000190004060007300000050070200001546080
200036009090072630003010000000601008060807350080200006000005003430000000570324061
736120805010000036000076210601000003900053621500060904198007000000602000302918007
000100002002000100605300900503000000280000600471053829040030097020010008050097010
040005302000000800023084000090001207005007400000809561000200900007400003069003000
050900001930108600080400209009500420060040070300007060200000810003000500000204007
080000070003001000009007000008004095002509000000000002501648020000135480006700350
000000006000010009040600008000470582052100760070250300490002015080304020060000903
000058000000763580000000607800007010005000470400530000000000000008400000004000028
000000000001070000096000500100002035803700000000080190300090008005107006000020300
070640020400805310200007600004090000000153006001400090800700062040000080609580000
609700208030064500000000609001300004920000850064080900000000005000040170070000002
000000600030000004104305000008103900002000500500692008000030006000900001041000890
010000650093000007856040090562001009007000001140370060000010000001000000020000000
800090247240080900910700850500800000479250100000000000090460000000000020000000000
007456300654100020000000050000008000800002000070040000400561008005800490038004000
002000900004050010000000000027548069109007540540000307085200403200470085073080201
060000003309000870000003500900605000800200000506008209054006397003052186680007052
000000608741009530800000007003007080009000000074908306000005814010096000057800060
079000050002700008000000904603000000007100540240000310008210400000905860500087003
900000008600200000040000007000090020003104009000700006000300010730601000060000004
300600409901000820602940003709050004000426100020009500008000005000238640100500300
000700052580003460640200301009607200005000730070000080003075908008010074754809000
600730200000040000002500007900405706007300500000600000004200000526803019000014002
208901000000070000700000000000603000000007020500000030030780000004210000005060007
000000000000000000308900005000000000530601470400302060080000050040090003000003100
400900002000007980805002100080603400500020000003050800100000208008000090004000010
400030000001708092007002000000090156060074000032016080500409230800000560213600000
000003600400608209007009400009130000103000096000590000004060000000840060000300000
700060500420000070900000240204690087560100024010040659605000002300006000000020060
726018309815940026309020815200801400108004000050090008000000000670485000000076004
002000040009006107004017093820090000590000200040020905001070300000030010000100089
000409027006500093094600000409001030030940006610053904001300009960120048800706052
000000000062430805100500076500896002007005000080070000006003500000060000000008000
300000700000810000000403060000504607005000803000000050000000000100200570000005130
000304602943060501000100903006500839015980700000672000000716000304029000007400208
000000063000000000050000090940600708000000009800904000104030000093206001067000030
500000301098000050200000940800600009000080000000900000002530000000008035010400000
000304000000000800200060000300000600000000510105020009504010900010000000780405201
000000060400680395080035174100500700074000008090070021000309217903127580000856009
007802350080030400059047102001750604003260801000901070705120930008400000210090045
000300007075046090309005004082530600507010008610000500001068739008700005000001280
601000009450000003800405000902008030000300090005006010096081304010000900034060020
000020704001407080907000100309648000000700000008052000080000000605913408003000000
000900003600582900940630000700200439030708005200003700300805000102000050000000304
001904873094378000700000400306020798087000020040097630060010007150049006479080010
107049600300256700250087004870400000090560080560803000730025801610730090905010000
412807590608000210095041076009006000061753940030020000000300001023008000104070009
000025000040069000916087005380094000020670053100000200073548000804900030200000048
000010500100005000008007001020780004006000070037000200041209030002008000003074900
040000000006072000900000000010020900000060080200900000031647090400080000000050070
000800540007420639540000107700000008003600714008100003800754020026900000475263000
080090200000401060400007900010070500050013024000056090000062000508100670062030400
006120700400907300798560001100009006003005070504200000000702003009300610835416007
040050007700000015060000428010530074427860053000042100003400569000000800000000000
620310000301008009704092500100007008000906312968000005000201000000070026000500900
500700608140380500600900100310060000968000000002010000400008200206074013000000400
350000000091004300000000701049308070000000609100006030900802010000030000503000080
030940071000601328000000045000006203070053000305400000009060000700090000016000090
700432108000081769008607000870240005005768924920003870000906030001800090000300580
080900000401080009070030020200050000190000500000000030009004050000310040024700090
060030005003009600090806000900002308008005067000003000010090030380540729079308104
400009206008017503059600000040030029735062400960041057103590842090080700000000065
540090002000067000062105030006430780130008020079652300007516003605000000403700005
053120864400307019001004037000030040200068095039002600302000000070290000008000023
506080923020000100000902000000090460060000730700450280310000054054021007090805010
084603710107004000050107400760000009000705000402098006801030020000270004270840050
900400007001000000800000034000840009090006018000900000000097300010000000000135800
006000008080000700000003020000006000059000000020007400800009500000300297970514006
000050804400000007710080300000010970001000203070000005900002000100009400080000000
007059032210476008805030604000708215080512460000060000002103000034000000008000041
800027000007604500064000000000100000706043900003009670300701004000060000640030000
870004500200010030059007002024000070600092000005008009000070004068259017730840905
001000300000010040070008210000000000716000952000052000050600000000000000000500034
985700020200850007100000090000008000050013000840000006400000000508900041090134050
509340080860000003000268159006050000204609001300070800007000300400706918000030067
003006758050004000000500400010000200206070004500002010840600170000008309300700840
360009571500362840809501300030907000007100004100200907790010000428095003600008705
200006450000000000700000190000048000080500003020000084600800000000064005010090006
870000001406500000000000200090000004008040950000000000005076000030000060640001800
000809000000300400409000000020000607801760050000000000040000030010000060250093004
000010247000800003010047060000000070600070002175000008700984306084300020000020980
076304009080000003304982000037000050400258700008030000100800007060040020000100008
915060000004100008030042510340590861050601040008400000407805306581000004600004080
004002007900500000020000500000020800052070000060000420030200098040000100709153000
090801040000060500407290003706000010500103072000700958070002891900070060650900407
100008006900000870020069030409032080200000400000050000712080349006403021000217000
007209600420006013850310940000800060610000008080063204001034009008601437300908000
000400609609000705700360000008124573000000900000600004306080007007530000000000050
008004965695000041020096030010052896980017000050089070560930000040265080030040602
900046008007095064000207100000070025002901437740000010058600000070008003309700500
050030106230900040000000000070500009903000000025360010000000400300001005040700000
300040010090000000800090000600000050500786104000900067400300000003000041020050603
048170000205800706060020000009030025010040090400068000000009000000050002000402009
052003710400017590100090040017009000043760005000024000024100070700450631060970204
070000010130070600006001000000000051040010002017800300060007000000408006800060070
000000000138000000000002000003070001090000000800630500000016045001000290700000010
200000064000000980798000000009700053600400208000080700500000000900000640080604000
000080002078002643250003009603197405000806197709020036405900001100000968090070000
453007000200010450100040060720006009000075800800000000000001004504800030901750080
000000003030000200000000019400601092000548000300200000000009000009020300200100900
500100703002000005004000020020409000000600000165000000400300010009510000201800300
004000005020060398930205160590040600002600900860903000006000400047806500009007830
028600004000802005006049087005001803307006100000738600050000730840307500000915028
004800500000002000050400009000007300000600007000200465000128003060700000020000000
173000060802070000000208001000000080386700490200080010620807154000000000400906807
001000735009050020005006000006003207008070406027064058000000070713000084804030000
006200000000300970830900000310000008000500007000000090083010000600000010070002803
560004002048700005290356040819000003720005018054000020000067030600100200030298506
170000030003007000920080147002000079010700020000038461648175200000060705751903004
000000005050000000000007048478000102690001080105800039340200071017903526560700304
000089000007001090800700605030000060000090200068000000600030100000000000001065003
000000007732400000600030500500600000007005008826043005200090001403000080000000000
906000000103705200000062001037294600240816300061070400400080153305000086690050000
200000000050030904600050320900640008000800090310070056160387040783900000009000803
072080000000003200019004800807050002935000000040070500103800090004000020006231000
004703000317092504098005000756038409020000800801900700080040000000009042000570080
000000800295000406800007090002073000000090100000000038000000001000760500000030000
700002000000040000004007000009004050500091000003060000340000097007003068008070402
000653000719042003003000480000036040030490008000028300300060720961074035000000001
000010000007000500008005607090000000400001090180003070701300060800460000900000000
008000000200031600040600902000000500007042036000007004500019300800700001029380705
000000450009450030500700000006090240018000000002670800800000000000009000000000089
000030006050106890067984020026800030090000000810300072600410000000020040001098063
057400006400009057000270018000900000960000000500028004730802640040790025800610709
003700025502603847084010900020030051800040200005020000059368000060001502400050080
090073008000080056000065007562700001374000005080600000408106000000000100900020080
050080906004000000200750000902000080800249000000008002005000009700904005400000000
000719204600050009719024030070060002061002705430800091000280950000000800003090010
080607000006531482005000679160305247700900308050200061600050034400700000591803700
000004200400020193050903004560200300710600020000030405607400900000090036100076040
501800003000000208068049501026400850094750026007620090002907680680000009010080030
901005238328601700000030090600570029200164070703000004502980007090417000040052000
001800720072010800400029516036240095024000008009008047100003082000480000248071653
000009281008647905500000006936050410200010009041903852050000600067805024010076508
000030100702000008500600003320009786900000002800020400059800067140370005070002810
080205000500030000004081007000000060090000000600050800329000000001560000700903100
608500040000000509920104806006005712309021004200040000093000001004009275002410090
201000083000000000080500000010070908060000300809053060007000026100000700005007000
000906013080407900000000000800640092002781000065302701009008264604100000758004030
000007106002061043006030700050004007000678500600000409905000008004180390068903000
010000070000974080000085060000000000100000009000000020009410030040038000803006000
043001700801900630000003012018000203230190400057006980160000007589730126004010008
000000001700000000020005000070010000019000763080000094940050300000000079600000010
098001007006730000300800106600070380000000000000060000002057000000016050070098002
000003001600947800300100400000600980000020106001000000940072305100000000000001690
006009030003267009000035060000051302207600051100070608678910003350700004491023700
030201000102040835940538102680310090003700004007006010000060050009004000408120009
000000070000009601000040000070004803300010006600000709700430000003000000859000000
034028000105093700000000400000035984351980267049007000013809650700002040500341000
100347006004082005200090743900700050005030400006200030600810000581073604000006510
800500432324800006001040000100000008006000700030000210000600000000000000000000060
006007028700820000080000015000208006064090002000000090040901000003000080200080009
000000165100002000397610002963104287008390510500820006732000008600000700480203601
270000300908007060640900721590002004104030000020006053000300070000000549716400032
000080005000705040700009000900008060180503020000020000870090000309012807000850096
000020000000000400007000013700009501980051000050007060000010006205300004600004100
093002005207100369451300708025943076708500004340800000004030007006200001002410083
300472000004000360008030020006003001001000030032000800007010083000060290683729000
000600000061700900270030601000000007040871059180000430010000308608020090050000100
280091030007060000000073628002018000403720000060934257000059872028000590930087000
000800040000006080850400000304090000010300000009500000000050000003064915000030000
620900340050083602004000090070100004000070000000340000032069000018030050900014003
820074053530802700000500002205007930470301506010250007190030270080049000050700410
037000062000002400006000000960000000004800956300506007002300190703910000100004700
000001000006000000000900080109700800000000190000209007000097000060802000000004508
000375000000010007007460801460100030810703040300000009000000560053941000020530904
084000060532900400960700035400056000000100300108003002807045006300600700029007043
900040000015008740040010000407060000062350007050000060000004000004600020000000000
500000040060000590004100036000006300000001060006000000097060004000907003000005109
500700902067309085200850601809075063000980507754030290480060009000000700000090820
740000650000005700620400000407000000010806400006000001000380500560000820000004000
000000918604000003008000000007000400062007300051600890039400080205070000706010005
840369005000000700000400060006100850302008009000900201180600002000015076000000518
075000000600750421142000000000005302007040000500300000001000230003009000706000009
207000000403725800009301005040102900021508000085030000090060000000259600608007500
000000003700000009010705602000060031000208090040310000090000200020009010104002900
056030170701400082803009000000906000000201796907543021072090008085020904600000217
000002090008005063050030284064100000280309600093076802815000006600000300000004008
000002900430951870051000000004009300000008541300504600005080030080003709140000200
310700589000400276027000103000180024060500000801200950000358060583600790140007830
050008020004002000036000700420000090980004063600000040000260030091805600700000008
780900060401506730006003400012650840804000506060304900020760300340015680670000100
063004987897030040010078000000581000150009304970006500580000030000090070006003059
000080502120906700080020900304070620070002000006400107000005000000840001040000000
050408200080201000010000487000006192008000003001500800109050628500600901020910005
800630002000890365030400900900300018000020000000000000060001000289000000000080600
000400000000008964000702801070080000010004000043600080000906500150043000000000300
000600000008400037000108490921700000070586009000001003190340000402060050607900320
010080000947063500000007000090671035761800900000900600000008050000259006509006310
270000140000040060134002800060520000000400716300000905009030570507804631603275408
490200000710904000005080000050831000180609405007502008030000050070000003009008060
680740019000001000100006000060305140007100000010000000006008001700000503853400026
057000600009000200000090070008006940504700006600040082180369007000000060900000001
203809700107602008900001026070324905032000000050010000018047600396100072000000850
000000200800016000620000000002000600003600700069700030000089060250400089018000003
080160403109004000320080900000200108871693042245800006030058010450710030000030000
070010805340852000200706431096030072000000100003000906164005290508200010007000000
500043000000007431010829570900070010320008064006201005630910807805064009092000643
058027000000810000000009010007983540030040702000000003080004006900050170701206058
048003200000000040000007610090708006634900000005006102000000905580604300020000004
006300100003094008000608305380901206159006700042080901014000000060039400035000067
041950706000080592592306000000700600000064159084000073008005007000000008007630005
036000007080004130057031000010800000040300000020006900304008072070063800891200300
000400005560008000403576809702100483048705960190304000070000000000093040800200150
000020000000100609031409078015000780309006102608010003050390004006200901190084520
010300002000804051008000000802100304061040800340008000084752003036009070050000008
003000000000068050809000000070080030002653001000000090005002008630500000207000000
000080003002010064000320100100500720050900016090000000706004900000203000000160500
085739010401006030070014658140000320002400500560900004006090040000302061230008005
507020006280601000360050028008006005900510000150070093600740000800000047472903001
006082035050000009000504000000003000903050806007600300001800500000000007000000000
600009080080700300000840500062984005010000090090000260009407000040560008050398047
004300006005096000000000800509000008601000000000079060000000003000857000002100000
070290006800105402002000571010007908020000305968513024603701200100082000280000047
071200090490000020028006175837000050000300006000009000014000000080620419003194000
007003095540001023380040601000506008000300750600108900930450060200009547050610000
000025000020800000000006240100070600063054098978060514500740060001689302089000070
070060000053197020620000100100580090800709000000000000200953000716408935030670400
041753600700096018200800300412080976007400080050609104000000005580907260100000000
702080400890400027143002960000760090000009040000120000000340205000051600520600380
460000051700501900002400873851264390206900105903015020004600008000000069690350010
002100904180509302504023016061854097805970600000006085008407120000001500010600000
080090060090000004000084000800010072010700080000000090400000038107008040008000010
040000800950038007080174006002000300030027001400500000604302008718609035020080900
320000750410700003007030800509320000000000980060000000700060500000000000031500200
192074000005009004847306100020987030900430010400002900016290740209000500000500000
070093800905000000000007005000000030000030000309100000090000428008709060003820057
004601059603000000005040000300000008400000590000400302100900700008024000030005100
036000000021060059900012368040000901000129406002030000314700502000041687060000003
430280516015400070070000030900000145867000329540000700000009000002705401104328007
019007048000000060007040009600000172100003490400070600000031806006020700000850000
940000002000940036160508070000200400200470003400009010094010000016750340052304800
000005000008000006005328004052010760006530800000000020000000030003080000700000000
510789240423006080070040006002000037900000060307000500700028604000970000008000070
490060270630872045720000360050721804010090536984605120503010080100000450000000000
700406120012000000500130800008000000054391000901760500460215008890607001025900074
500400096006015407200309051005008000009050080800090630703086210124907060008201900
200400300000208040009030000000504800301692704000000000000000006940700203000000005
410008200000000056085090034800020700050917048000480002300000000000100080048200003
240080006910060000000400108002601000000000009160000800004010007500000000601000080
647025900900070000000189070085090060000003097109264308004038000060540009090010040
030040070007003000451780020000007000300000041026000007000010004000000238700308000
801060074090400100040210000034021000000340210172006053000030005403572801000000000
060305000008006003000000009000050030000200004500100000010600005006504810000080000
000530000300000000604009000000670090000300000080205004030146000001700003820003146
000000005007020000450000000090007020000050009200936004300001050120000000500000410
100302504320050780090108020008520007009601035500090800000930070870016009953040002
716005830800607500000098061068742053035000000240030106609000300050986017000053090
901306504003000810050100030005800020140200050092067001004900065009630708030078190
000009507007002300030857000003710004060980005700204890406378051500096708008520900
031006045060500000040103000400005000300701000610940000000300126003602800100000003
000200094600050000004078010900000005830000047020004000478000000059000000000000000
403000000000403000000200000004000002907650004652004000070000050500070200006500030
000501000070000001000700028530000200000080007000200380015002090309000000060890000
003762000800309000060008000000680900086000043100003860008005000500070086002806395
500900108009000500038004000204001000050000017000000200305609781000032000090000000
708000000005000900090350070000001053070000400100700200000000100000000837087000590
500000009080000000460000100001004005004005001300000024058016000000000008000750000
051093040000010009000874000470580000000360402300020500180000003000008900900702104
000000020070010000002000400300604271000930000040000090000000000700193000930000702
000050620008000300006013805000009406060002000000560000000020000625300100090000060
806190020230000950090400006157920860600051040000306000040060070362007400010500002
807340905090780603403509287000090004900400301270000090000030050000070000019000406
004900531000030004000624900009300006085210009206000000050000000000000007000800050
000000700000068000024005380008970500605040900009006800301000270092103040006200000
010080005000290870000004002050800060000046150360005708486153090105700604002400530
070400290000600000408002006309007500840210000000000700080020009000030687000086000
706501000010000206009600105050009610060005000090400030001300002000100050040000060
083100040500002910071065008600000700030010804045000601027090300400053172308020460
007004600000030905002009000380000007506001008109403060065098234203060810091342706
034005010000040080050000243042008001300061004500920008805000000020000000000050100
000509270000004000070680039400000900003007020128900400000090000095040000042010095
090100000002090176000000008700045009018600040000819607160730580000500900085000032
431065027700341096000078100200030709907004650300097402570000060000000200040003905
405380000710504900080000000000070000500190600072000000000730264107060050000900100
068214700000500006300098400070859060601723058580061327402070081000000040000340570
243790005000185000008000976080300690496057201030000087021640000004009000907018400
600047080473009060002000307000000510085706900240018730000000850000070403004052070
080390060003260108002150390300805419050010030190006005400570901009000502000081000
013000000006130890900064003005010728208906401041000060020601300160008000807200010
007300420104008009003000760302680090095000600486597000248070105001040000070000040
002809105600004000145230098500421830200783060807056014720000400000100003000000021
400000218010000000006002400504000000187203064300000007000100640643070020921300800
030701000000309017001500603000207950027800030900010400502008700000400009000100000
973600408000000007284090016031580900700360000050400160000000700008247609000036851
208000000410037028000800140570028400020009051046000000150083060307206010092000007
050001007020009408967080020034700609001890534600340200005927800040153000090460305
604805001580120067310040950000030000890200374000060500431009020050004790960500000
500179006000082190097000508085010000060008400000230980759641030800700014600800709
001873000378029400000105700000430900000050000000700010760010040200580073080367009
001000200007000030000301900409000008070638000008009500700203084084070000623810005
000081060280037594637054000349002000502806039076009002400008070093420600060000245
365000000000000000000000306000070600097025830002000100000000003430907000520403907
003700019070090005960050700004070006700100340610380000200508470047900080158030960
000150000150000020000040005000270009000000001000300200000009000830000006569000400
000400070000000000287000010800004703914002060370056140040020687768049200003708400
007930051056072304403561702030000200502308100060025038005480910000003020009200007
040671008010090245038004700020007004800409001004100873060008152002000480000210060
007060000000002000060000300006090000000000905400328070000006000080000009000280701
001000057000700004000080963018649025000030000000100090507004000000200000003007009
070080000019003000003006000900400200600800000001500098100004070060005003090018000
084901506109050800000480709000030240020019308600000000802140000003200400000300000
009002300060007528800400000340001000080000000000000043090010000008049007751000400
000650000006000007800009500700060000050008020000005009000000405060000170070540030
029310000100005000050900000012000000080030000000508000500000040041009008208000506
051307900094005003306040012002936000900080127008721630180002300020493851000000006
000700600060042090070600800090010030050036000006900007000000000009070000600100000
000009780400817002817300006200600010674158029100290407030900008902780103080500000
700032001106090430030001000405000370003500016600370500080140009041700080960200040
543097200706100005020005000007009100060502370210034080154903000082450703000200500
005207034000000905634905200106009300000050079870000050000090000020000090000000000
500860000190070680000390720000000000000008003006000000000407000000000009600020800
000000000250030008063400005000704000000002080100380000070000040010840500834000091
005640000640000008002000600000800060003000005400050001200500000108090500000000040
207100080010085000090000000000001000700040001000000003050000002142006000300012000
000800309010000006023007814050018030004000001080003900000250760060000005090086000
400308000050006042196470500040000100800600000607045300900060000000901604064020090
000000340000002050034150008090001000006000023000903000000000214020600030083200070
030600000010008000004190008000000050000000281090200700607000430180402060042007019
987032610641700003000106070000060149503001002194020006010970000070050300850613097
507300018128475000639081000095803021000950830000702900002600000810027600060108072
701080560098500000500004000056040329070390100009160074000003015405000030632400900
087950142050021060421600000000105000760090504145060830000006951830519020509000000
530009162040200500006307804300000000260001059000620310003860701012090040080070030
000654180810700045060000030028530904194087063003000008281300006000400801900002050
760000849000980700009070201080010005076500000005038006000000007500249600000000000
000940305030201090009600000300010070007000001025000000970004500048020700200100000
050010400000006802090502130940005013500063000010009700000000000003690520109054000
182090300500040108040002579050730640730604005014200793021005030060400007075060400
000031005601007420500000000000009000800416700000305298004003900098200031050000002
000000000000010000000300000065000200731000540002040170008000700004000060900860030
021004090834900020000000400000005000000028003070000002080540007050000000000802300
080000000000078005003120070009850310800400006000602700000000980006089040290005060
100000275060020900072091408005000840300256007701403500007809600056172000003060002
006150090090000000008900600000589002000720146070400000987204500005897423304605009
802009137040700806000602594000036208204500060006020975091000002600045010025000003
000029013030000429004010006409000680000001000010040072980000107000008034342007508
006800090128403050004607100079518002000004009430900010500000900963785241000000000
709040560420061900000008300900034800000000000001006207000009000130705009200600705
007203000000060470010000382100739200003852000085000937850090720649020000032510090
005000007063708000007500693040030900700000132312079000000060700631087000800000060
000000000005090000090001400050000000308904000002008900749120500006500790080040000
600000000000064010000203004010930000000000908000040000000081020000020056040700381
000003400000500003203609000090800000000002900430000080050920001020701508000000094
372008010085064307601200008200700080590010203168020000006075090000602700000001462
010078945954300000070400200002000790749005086068947023080096052000100070000520310
320060409004321065560000120030852604850096001096100008010200540003640900045009000
800002070060030000073108560090865003027910605586003090008007000700390800009406007
001306400247000030693702518020080003064500001080060057900004000508019000002075060
015360000087500096000084500540103070000000000001690804104200007630908000070000260
093420605070000000561039700207104500000000401006300872000900380010703006700040050
704035000100000300380010009640000800020000900000200004439158260010000400270049001
000030002520006300000050706083000100005714208007000000900000800000003465000107023
930700020025369000408001600007000015000000200802135090359607000000000400760800903
039527100610300072700006049096000010007063204524071936000000080075600000243000601
400200000000060403065004700000920100050700000009400030008072000000100000000040000
002050900400003080030020400000230000000070090090000040800700300000000000304090000
060030000043001506700020030000603070407002080000400052051260340304000060000000005
000000120000600805070000004006807002400002030000090400203060000700003000040000000
200008900053400100004010000605080004071000003009100050000700001002000309007200000
820001000000020604600500800000104300309762000000000000000000000000400007008216050
000005200009370010700000500000009380500800160038001900000000601304000000005207840
301790240008245001045001700453600002600080050980400610800000000179800006000109004
904000060000060040006040310310056078807000050200804000000000001070009036000000000
021507009600000210000002006050908003000005807789000562097000021843206900002050038
200060700070020008000400103020786041000000087867105209005000390000000000102690805
520010093090020007017693000300060750060702001052080460900006005105900040206100908
000500200000000050700302000007240605102000070000008004000800010020195007501600400
500000241000000890000201035037002456600378002001050378972104080010500729050009060
006300870000600200010700060000000095080053000350020640000000003100004000900001000
008300140020714096000680000069003070070090038800007061983270014057000309410900700
000050937005970426307462185070081090053700600160039700030200009000000000600005004
300801097007006810005009062070900050000080100000100000000700280000014730000000001
000900000345080000960000207506047921090563000004020300050400170480070500000600030
052037000000502304047609800673001002091000630400003009780390250005870063030105740
000000000030507000010080095803000000001000000900000834020000000086070000107043000
560001400070904503420060100005080790004030000601490000052000840000700052000200006
004000000070000000000000028740801003000630007000074010000206050053040060100000000
003075000670109000000003567700801205801002600050000003308060090917328056000900800
000098000009060541020150980000409060001800352860035100008501070000940030900683210
908030007700006000000070680276509000001027900095000700000308000000704096047960000
000004800002000095030000060000000300300540600008003054003000006506000000009400000
200014730100507928050800000003480100001000204042001359408006090706000001025000003
603490857587060094004750003000000420035000700246000385750806042000000600068240501
090000600000064009042000000030480205060005003200070806080002900070008050005000160
000430000087001094049800016400003650015040807070005429006004000030508960108000043
007005400009003018508094027090700100004800090000056000700028051030010000900400030
060587004000000200340002080070000850600000000500000000004000000000105070000874090
470029830310064005952080047000000310103800906009231070005902700000078004030050000
000204580600581793000000200090047012002005607000800905700020308200008409508000020
000009024010207680400800900000000500000000478870010000700008000008090030050070006
030000040200010000000050031002000400490020000006009000003970000084030000000008103
000030006097020000050100000029508300100000005605000070070090050060000040008047000
700900200009051003002000000000000050000000000020460009270846090000500000005300004
850703190300190000490008060010420870008300400020000016030641082080500041040082037
000200010080060020000198600370002061000047000000600400000400000832009040000000000
000180000000090401800000007008450970502609803000000004000901500085000000091000062
002000040016820000030001280000150476105706800764080009083605000040000060650000000
706095028000001000004080007000900001160050932000006700000000174401009006602100093
100008006080000000000040023043060010020910030000034000007003600438006000060071304
000000531003000670000000402400060015000100004000200080000570143010000000780000260
000008000400503687000000532800000305004057800300060004200736000000000063003180050
035781000000000001100094352003006005018900030000300000960000000000109000050000000
063284000400000030500300420200109300941000200000872000000421000020000070605000140
008571900500390020000000000039400500850030040406000000002000003000002065000000490
000506000670090080400020057083652741006410908000380265062040090100260004007000800
000360002000000003003284001057036280064000150080000000010040920008092710020600030
300024960420900000010500040803090005156308000000600300001007096060000074740009150
070003042318052609205769810000200705820970000090016020002500360060800050050600281
007003000000000004000060000000000000000000873960730045450006000600007450002504000
001000600000065700265070009000040000000180090080000056010708502052000900000352060
351000000009003000847906000470892010000004090208000304980260507000489060162537400
000470000073008000008000000209005010000000000000000030000000300107002090300096150
000000160710300052000000090000500000152070908007000001040000700070000000000000485
000000070000000924100240603902460005008000019000000040003020490090070000051904000
900000004501070396200906008000040670706300010100069830400003200002497500000020900
000000090605000800000090030000901600026000050001006007500009340009803000000007060
700008000000006000496025013000000050200100080000004060001039046830002000042500038
700000006620008050103064890001300740500427009207091000005002070000000500409085200
000000070000000500050001320106000000300007000570102040700200809041900000000000400
741900200000350000020010000060000109400030000007400080000600054000080002632540008
059203100008000020007680009010007000830109040000308906590040083274000000080000000
600700008000004750035000040000000305000006802300000100001200000270400000400500230
008003009960008001000000000000002000410000003300100708740800130000300907630079502
007104806100008002568927400000490000800050249400000670601200000275040008000081007
090000003008000000000300900003000200000000000020430860039006000754000010261700300
003000160092060305001300097059000080380900671100000000000706000000030000020014039
005004000800730509760951240650002800000400756000075000080300695000060080596000003
782500030000207105060000080301498027000100004894726301500000040000000000013000006
000030206000579403143008507602050900094100000780043102470012008508094021000600009
127060003008010060000000010380600000200400100950030600000001000010006000700304080
090200000247560800000839200301000000004018000720045018030080420000103000008420000
692014000500200108100307000000086304809431200300025009480103025925040000001592000
900083025000000009006014000300691000070000006090478200000260701060147000040000060
300090000001240870400830600002408060500000001736000405214000096079024500000060042
006470200080005040000080503003000002600020030420050000890000704740090316301000000
506009270349708106708506000000000005000260900000000807070050000000000700630974082
009075400064030000000600003040963050150000090600510002000000000006090000900002030
910532800487160502003870000020480007340910006090056480500000020060005090870000340
000700000657098000803000000571600280008070060906042507000984021702500490400000000
000000928009040360063000000601520000700060802050004100502030009310006005006402000
100608050000050107350021890001840000003160040940305261039007000082034010010006400
020096540900050001500002000800605074100200000300000800005000039639501287000000005
200003509000704800000000040300008054000000000000007080500000610000059007000681095
706000009305000004100935000901603408007501200000000000600000001072054603000000820
617049000090000061002700849320007508000098002905032400000106000200900080749085006
320700806000806204586200001040020605000600000060483120092000000630902517057360002
038000005020006300006078200005000810381025674000000902073000049000060120810500730
001000000000018002070050000800040000000090570050300080000139008000070000100000600
002000000500000046496030182005703214104950000030100005000310009300004000209600801
000012000007340000018795360080200043972500000400080207000408072701953406864107900
308010400040000000601200000000090004130006207064072310406005090000060000002900040
067020000900000500025039060006047010003000000002015000309000072000000000604002003
006010400000094060540000012090486000002709084060321907107900200984000571000000049
003701940010690003000300010095070020000530780700402300108000569472006108060013072
206940005085200030000108000003000000600000020520000000301820709062000001049010000
000508000472106030380240090090800407007650028000010950000060080000085000850300000
000205439002304000003007000348970210050000097070100004064020000100008900000000000
206040100007905000019030000021000040050109806680000209405000703160870050070000001
370050000000462873200003019109820307000601204080000000800000026000008700007000030
356721000908006200270490050069100402002609000700000069007900130000007690690000020
007500106043000297106090500470800002062005030030000475600020050000619720020300600
008053001970000036000100408000070000000400705000020000800304100050200003603000090
008400900100008300403100056056847031000300600010050080090000070080701009001000008
091040600300001200700050000639184020080070903075600010523908740060017050017523090
007800000000000062300627481248050000006008000000906820002001906000000200569080000
000004060000029000000300050000000100045001000106030005000206309009780024024190000
009001700047980516010030008000000060900053287002096030070000001200310804053807600
063700485020500060504030007000900804000400600408067209000810096831609002600004100
090000080000800097080900000000003050057100300043000208038000621570200834000300900
380469000000387000400251000000700000020930000006045200670004020000000706010073900
004075008073060100800000000630920400045006090000007086407600000200790000050080074
354000012000010045000000080609000030000008000080090074000160000000000160000000050
064003058000000040800096010000350074583000001000602030000804000619205407008961520
014007980060908004092105003040070010000081065008400390001560020000004006350700800
009004006000000000074060390406500000500007060917000503002003019000000020001000000
040000060000100034000037009250700008084000610000040090000084000000009003960301400
908007000200005890651903407400136700103000540090002306300708004006000070080564900
100907000800050400070000501010009000002000000000000090050204100040306050300000840
000000400104008600070109500000904000003000200902835000007600800420500901010400000
000401000541080020060029100635970201000102000400300009086010000300000702120500008
600540701000000096030000004350090408000135009006082050010000340500000062208000000
000008060000596030005003780700354800000010600020070345000907050000060010000030070
804920100701380092000001430105743900003009520080200004062007809007408205900000013
090000005026000403300000007008020930000090804009400000007030568065200009003850702
620580000080700000007126358000914260206008001009602000060230080090000500532800040
050001000100003504000054901609037450005900380000500000020060009000300000070028010
070000400000860500053000768400000056000103070020008001000080605000000000005400000
007130040460800000100460000045783106700010405200905000370000000004008700090071000
900600000020001005657800090400020000700000030380700006130507604006103000000260010
210037080403008010000201003000040700134009000096000004067000000000000928900014000
800250309730106000502000000904010526080620000200400810008049007007062905405031260
400820056200500400065040200020007000000602000000014000354291670600400921000000005
800012540495078006060950783000090370020007010000800002010040000004006201000000000
003004091200100000000000000000002005500000000090001400400900753900375200000000000
004080000807236000302059000108300290900000703003092400039040800000670029780000540
700360001400100800205907000104009006367000208082600005001706300500010067670030082
000007590080930000030060720871352004000870005352640180508490601000010000010028000
600009700040008000000000000000000000006003800000700002054860300130050608007030009
096528300037004000050000060780000002040800106000490050078009000524080609060040783
050070040081000206340062180065000001000005872200004509810046005007083004406007010
090240003400006090307519000006000800209800005738001902020000050000000009600090008
060050000923006070045932080600000720000270901007090000374120650586007019100008430
000300200040000000000090006030900004406180905009000008710000400004000503305020000
040200068092800400030500072803057609004000080009001000351000800086030207020608531
708100420009020700000706100006007200200860907900230060080000642600570310001002000
430700065526000000080000000600309007903000000700000030000002603001060908060400000
309000000000008001701020000000200300000180020005900700500609000000500004000801007
000050080000000095705600004000430009029107060063092100040005300850300000316904857
030000082100000000074102035207008000090010000500090200000040009000801300000000000
240100973168009005700250000052410367401070000600000041320040700070302100004067030
090280050200750000701003600000034000500960718060817005070040923100009806009078500
003100800000403050506809400001000064050201038078500000400915300000002647032040905
019600480002008000740100620400000056000243001100000030206304710030700502000500048
006000200827000000950800310340070021078061400000000700000400102405000000010000000
207003500508120634000000201054000016729630040061004790400790100100006050970012000
000610892016908350800500400790450006154860700008090100600700510030200008000005624
954200360006504200820306500509000100208000000000659080003065920000800756070040830
070004008000000040000000000601007000020003001309180200800040000500000400203000000
067840002100009000900003010001000000570000200020030061000000100035000048700980300
050020300070050002006173000300005060600080501400090730000000000240008050001000800
700000021000921005912780360000000050631209840095000600009002000000008100080006502
761000824503000617002100000604000050010030006000026009000000001040000580000000700
900000000082590700000000030070000000100600070006900000001859000008004000000100005
780030010050900008060200005500060380020054709090380100205000097410890023900003041
090000060023800907608040013000000001000028700201007000700900000060000039309000000
067040509002300070503010400600080950004090612075100800700600385006800001350000200
498150670000089512020060040503007280070800350000001067001375096960200030307900020
340000800000014075005000001400006183013005000000000040500000700600100052000500000
030000010700050039210900600000095083380006050159300264003840120021500478800610005
120300900007600000409000005900000300000000050802070009070004180081025090300800000
170000400004090286002045900000704060700600002091000004037060000005073020006058793
000031000097000150000729048940060720002000530000207080436152007520078364700600000
968100250000425869000006300089010000501602900000000135846370500000200600200800703
004032860080070001020000974900300100040601097006000400000003600060007000030006702
050076000008000003209300070500030000031004092486295701810409025005710000960520010
500000890430908670080050320820109053375482010000030048040070000000020400003800000
000200000000000026006800030008000002000005600600020018000070800800503060067008300
743052186608307092250010030000200804190000075400035020070028000800463759004500000
400000080870000002329050040704900025208100309603082001000800050040000200002400613
002000600068000007050068010030209105200005380710006009020003800000904001080000063
008063400030049000090000600263080050000300890000500030000000500026050070000000900
810520634000081200095064801970040000000003007000800400500432010761958342020170090
207000000000270030800459210058007300002985170104326908020508040580704601700000080
003817900000259436905000718308900004190000300000000000204076090007100000800542000
007000000000070010100300000050032000970810200020960580000080350700040020000096100
006000500000000000000000630070002000000003860000007000000016084840000316163780090
000000000200005000000200500100002000450000080007083000021000006000801000504609000
530010807800590012420007500000604908600008100007000600098000706005746080704300050
370800401800000307000300892040600020000082010002941070160700200000204006000000080
800001302250600910700025048538000091192050064000210005000160029000008106000000003
900002030000000000800000090090845600200070500005300079100000000020700914673409800
013050700798000006560000000000003070947008603605700128320040010000187362071630495
000001002400005860000008104970104200000000013340502080000709000504086000000053000
800059706070004050090000038700400310031705000400000060517240000089500640204008100
000000007200000514100067380000406870000000040420080000000600900000042000600001000
105428039639050400080000000091005020000302090000700000003006000960080243500004907
040960037730410000002375000487090003000500080350007009870100905214050000000003400
000000000009008031826000040000000090700009000900000000570400010000001007100005400
008053002000980005030100000090000807810009203000000090000000706006018309300762080
406073001280654000379080040090300600010068050000405103027006390900001000648009207
000500003795000020000001090400002009000000000000060300500970430079038215030205006
020000000710000030358070060065000207900006043000090086000008024200600000000000050
000421000008000020010006703002904000300000900000030200000002000006000070000070600
000940003500080009097350000300008402020000061010000537106000000000016008089003610
100400607007030059500002010000720060600050000400010985700003000000100008050200000
850000000700900000000000070600130050130000000540020000000076900370000020000005000
032000705050000468406507923800675091060093002010008070070000600600730200008400100
050002000210836004003094100001483209025600403008009600502060900036900000000000300
000300070504000200700089300000500703000908002400700086080002105000100800000006009
083000507000005010000080090007008042020007830000000750000000060602031900849002073
086000074250041600471890350704109060002004018800602000027418506600030000048005020
210730040090580000048261000030000962960070005080000430000010009601302870029000050
080000050000705080057000003010000000070900500034600210700010005062500040000804160
000700000000004503000130000004000000100400000260810007800000230520980004000300098
030008000600050000090273600070000300040310027300800900009000000000400500420006701
035000106000004020401300800020090000040031000000468012900100030300800200002003008
200080079009026000000900000000098000000000300017630980700000002030000600000000008
300000000000004259000700000000000380060008001000910000700006502003009400806520090
000060900602000010400000800024000160000050000506002000000030600075000000068000003
000000000170000809000005001210000090800069000090000500000100405000070060001000987
001070600700400059040001207408050000000040905009037004193004580274865000080003400
000003060670190003023074000051008000038000020000200000007569102000002000010407650
000680900009402001010903070000190040950007008473060195345700809200019504008004020
800002076005670800900008004500200309001840760720003000008006107100384020050790003
004003070358062104200000300040000000080000000960435780007000000609000000005070000
408000050600900008500180000904061235100000800000049010061000429040008070000492000
010090004020030000000007980105000040000080000490000026084510000050029430070040160
023008100960002487080000300239054010845000030617000040008069200400080690306020800
000200900006700502020160307085491030700800104100000200607020010400006823800004679
000001764810607000400502038100905000000020640208006000502000900040009805097050010
000020000062900080003008000000060020000000000270100008000019000430506002001084700
010080000098007000074001500003100060005008700006030000000870013030000070000400000
007059602540630007000187009690018700475900218028040000900320070704090020201004090
001800473650374901003029500900001040510648097080000150300010005100502000020406709
080014000000006000000000058300100000561040000000800510004000060000001972000030140
986013740003400890475006000340008201000007050590620430009062000802134070104700600
430609000000000056000102438000000107605040093007008005002000000009200000784900012
500002407900030200800900100018000074005310000620740001000007040000403610050186709
050200100000709200000000059090500061100000002030000800006000010003600000000300000
075000034006000050090500100002459087000007301060030009000080070000000013620000005
000000016089000000710500009204706000003400807860315000008160542000050900040807601
007168900209073000806090700000807000600050000784006009000000804468901075003600200
009000002005400980600000500048097005006840100700002830900000000500004000000000000
100026490300007500000030000002080000060040000000001904025300000000090047000008000
600040000010520700000690004000000000706000400100054000000080500050000040000000601
030000000000306900000082000005000006008005400004600039207061300050090008040020000
500000060007800003040000001000040600039700010000309000708014026006908000104000000
200093800008060000090010000006000057501326004800000630000000000050000008000600090
862970000051000097709005008094061070000002040020459006075614830200597000040008750
548000796060800010000000580002084300080513600310296000900608005800001932100000000
026901080000837002008000000000000947610470000070050000005000408090700006000503210
274800136900600407001700008007008009000006000000017040000070084840000200702009000
970000000000050297000002813701000900000781604006529078860400700095207386007000000
080052000702900004961300702529003000603007009047029010008005000206038000070290000
000304090009000300000019070090072604000000000040890100458001000000700005706000902
069035027100080304304000809735000006002048035480000002000109548090000270008027600
840009050090100000105830000300001000206040093500007000000085074030912000058003200
005001700030000000002000050007000082300482000408000300000210000001006008963000000
060090000010060089090402000030570814048000007970840000301650948000000000009120070
002003109000007300086590000090200463460918520527604890608000004075340010234000005
068000720020080900041700000000000030219603400007050019390860100000100002100320000
021860900000000100039050000200008000085600000096000048050000307003005006000000000
082905006016200509009000082000000200240000650651002973000000307000500060800000105
019034060602009000000002059006000070005073006703000000000540007030000008000027600
940000000027180000000060020003001000700005010014009003000200370300008009269050000
024500097050000030960000010030167942090358100010920005600090053200005061540016009
007413096010509200009080031000000700706348000051000380000800000832190657004005803
000850000085037100020100000008020000400000780590000000039400500000008400000001300
083091704002070060500080000801000006920600300046030095050060100309700000408010000
005800000901605003403091200000408007040000000000036000609002014000070059010000830
000000460000235010170000050908000000000609205452173890796058100000000500045300070
040000050000048007001050806410392000086417090002586004005870000100900470000000560
000048050900000740004000002060420500008000020042000600500906000001070030090000005
410000700378051906096080145084020603003008500100000804040590007000600000600014200
000730000006000300000000408810000630000003000002000740080300000500000003203006000
800913000013000500600000090361007920095000807400200630539100200006700050008009406
010300000007948100800060370000000000170003009960001080409000007000837000000500000
000850000000407000001300400100000000005000000042006003008270040000600080604000207
840901260000840100070650080360000020000000008080200400000026800000019042006030050
600080740000060002800000000000820000083705160000004000500107000000900000010030098
910000624200907500300206701000070085173050006802409017000500169524001000601000052
005390000010506002000000570006208050570639248000007639000000805000000700058760000
000010078164700000080325046000007000679203000832050697028001460315009080406000001
400500000090100000070320905030000076000007008000000000000083400087245610500900800
800000000000000435500002710000100000000050000007084090408005060000000300005006000
073524068050601300000000000006230500307040090005016003030072810702008030518009240
000020900010009000090570000000408713080000006000002840007003604032006070408010320
000800041416750938080046207601407805900061000207590060000910470700005010000004082
000040200000000000004080795060802570070000800803000000086120000907060050100074000
007000500690205800000070000000000736060000000000030005006000200000063000940002000
052000009000708020908000030001000005006041000730000200017080000000024000004037900
860050347703826509905034000000073024100000000008605700300069100090010003501008000
108509200000000504500203086000000071004817065800956340780600403601005708435002000
050000079107000600000009400000204090248000701000000280930500000004860910020000547
060100930000265801000490000003000087000309000000700203000834009059000000000050706
032015007008790030000060000000008000000000000300000426090470000000020800200000704
800456000003000450540000002130240095000000007005017040270004000309700000084009021
056000780402807006783000400009000245008050379000090018800205030034070021521349060
005900082000645009307080506009300608000000000080079000200100000900020801600500027
008320047000000030030405800970001320820000100060083079006812000007040200082900604
050046078600000030017300000000167050000090600060580900000904261000005000009001000
002468513531000060000005000000700140004502690679000035018000000005004300400003052
000007049001580067003000802340000000800000010009006704700900003900000400036740000
000000500000000040300000002039000426000009070007640190000490030003020000900100200
100000000800000120040000070321047906070006012905030400000071040000900030010060205
420015003900836070000420900000000040000069007308054100040000010002001000080040520
308000000050000000061080470002000000136004009790160004000038200204000008080240090
000004000001256300040000026400700000600400805008020900500060408100502030306008002
498705200700102980006400530619000020805300090072000050004078300030946870087000609
470093820009002000000054030782040309104000078690820010030205000507009080041060700
020060504503090608000053000200086457000000001010045003050000700108004000704002089
706000940183900206000200000000040500000002000007010000008003402502080109019400068
000096157800071423571230689107483900659027340080009002000000200005700000002008500
000502000900006000060410005050007043040080009270000851406809732008070406000000508
670000000518009000000674851000046000700100020000005009002057183830062040057801290
003621980890700000200904003045000008002168000000495302109040030450200010000809507
405000700900100050761004980604050200059000000007016000800001529590008030143000060
000050000010000700000001000460209835000000910090500004050784200000102590000395080
400010030000750009000400000050300812004800607800670300503000070000000500106000020
008000000600000509005600800070800050060003007001290000000002608000008390000000000
030000406005600030006800905007030064104028300000406200000007090070089500000054000
310000070506270901028109050003000700065000009407920016001704080002501067074082090
000680040806040051400700080065003407030000000104520003700160208302970165650238000
003400050805060040004080006902800467000670509706205300460750890389040000527008014
000080500870000000006000708010000000000147200005090070760000000300071920090030000
076510000081004000000900058005000000730806040000000080000000000004070869307080005
720000001096014000014000050600400000002000000000802003100205090000180000065040008
306140807001007050008600149203000014010382960500000080072530006600000530000090070
003000000040010050008000010000400030056200000000000000600700000030068920207000800
061000000832506409079000500000074083000000140100000200000709305090302604005640008
832710064900000000715004030500483201083200590070506000320059600100008320608300009
052400009400009075690025348000570000007040692000900700000300010000090000040186007
080002004270009008000080007009010400000060730010050006600000000000000000000030600
000095078008310950950040000000500690607280310000069800539000000064020530200903004
000403000800097050007500300600709200500142000412060970000000000000006090000200687
003002080080100600000000150879500000036090040040000000000000000760000000000006095
000005000003040050075003401030004080004590000950016000500009000001057308000000004
000003050000000800000102070083010604010090005400300200035700000920008530000000700
082370000054086970003400602000100006840600000026935000095000360000000005300004008
970030400300541900010007300280300740000008100060075090007200000501004020000050804
900100340200970800000000000080739000000080000000600200014000695000000700020090010
653009000800700356000003900500016000008050001096000005201407500047600002000801740
000000007206000000057300820000003170000070000000000003002001030300702051000609702
060270300003000900009100000006407500000900600900306704001008207000501006000002195
004930000090802604280005000750000200300000100000093078600009480005010090072450000
070010200509004007000608091305700060100000024002000300000000000901000000800000005
000000000500200000960100020709004030605300700810000004107009005000040000000000200
060780009200900130400600000020400003000308002800205614013009000980040370000030290
000120000000083009100605070007001300036000501400806900360978100502064000070002600
690005000007600005300010000002000013486050002050070006731009600500031000000064301
084007000059106820003040509092300010000000050537460000000000000000053200400080605
506092800023004516840000020001069084384000000692438001069823005030007060000016000
100004005000103006000009000400900300300000000020000060000000789040708000000000024
500203809000005004300690000290006100040082000000000000700004900400509030006000080
700090350030076080910000007820053046090001735070964008300009001000010600152037000
020087965780650000000120000830765290000002040009000000300006000000200687008001020
040000800000080000006000000007300040000000600630004170460200530009053000010648000
700486002040030009002009040000004005000000070070800000060000400100048003408000027
040700006000006485020005709000000020090643500050020000016004007089000300030890100
040650000500003800003400250300000001056029000000034600000090040400060790930845002
004500176670004090502071438940006813700008049010900007480200060000060000060480002
400007600000030070001008000010700806030040000000863000059206008040000067207000009
080000502090000106001005000003000805009400060548603000870000050000000003000000608
000000000600800000010400007000300108000000260185000704407003920950000000800000076
000346170043700005000000030000000500076000400521830000210083006000000000385007000
904600071200001004751004020008906005400005000020000046810060300642307080000180462
507200000034000200200800007000000000420738000703100009008000000300600015005000070
504000006021000040000000000002300004000050003307068020719830000030005007000700300
004205300300604001000397000970000000006970030000000007068700003700030506000500700
004006030000000094350000010509200670700009001200000850005000007007600000000000000
103200760907100000080007000831000004470031000600070000706090000094508000500700490
000100000002040100000206000000001000060830450050002009010507000000098300000004020
307010090402095060000007002200500030001009006039000000008623154050908000000104070
004000035010039000050000001000014700400257300020000006806020090040700003000068000
827000030030780100000590000080050000000600013500079080000000340000004000000000070
407006320869500010005001060900254780540000906700003500200810650108305270600000198
040080000000000000009000000150070002362000708008000500200000307000700100807000000
400750060690008257000309800009075000000200000300000078000001784000007300000503006
008930006095000070120000005080500901000820053003691280007109640042307500500062007
107004060209073508005090731000007254050000003070025100000901007780002009013048605
507012604300007910092600000000000109008079300700000000800200060920065780640001090
051700890892500470000902000205400009080620000107039005000104008500008006030200000
001000082075000690400100070050470000800090024004000050507820000009050060208013547
034090502090026143006000000005081070000900000900200008009410807000870605073600001
000000000000901402390000570530812040002006003400000000050090020200503890010007000
120004605034000000576210030009825000041679000085001960600000010000100390002900058
007000000908000200200100000020010804090000726004007090083724009402006000050800000
380006000500900000007304026032701098490630051051090000003005000009043160000079243
896051000000068000070020860001000000960080002000000006200306008600000000000170000
000507860000368049000000010700089024200173980000025370007090102512030090940251607
080000000000164020100580000020000604000000003000000000006308090000000061070210080
000709000060520000070001208800000007147206000000410006000050000013060000502000600
