064000000920070000008000209000000100500008920006200070000000007080006032053080496
000906400000037095900800003010000000007061000004070100050080061031400078028610540
018006050090400078000100002430851000007000810180200300271003580800010039060048001
349120000102087030578000002603710940000009200400030070200861590000040080000970024
065000000000380000008000000000800040080000930000900001010040083073100000024000100
105004300000200080407600001651700008009000002000008000700000000500080003300405090
800400070703000040056000080000200304000000020208000007000080062900600005000370000
070000026000026095006705830020900014090000260100267900709000040400079000800042000
043000000501006090200000630167403080020850100950060002700090850000607009000500700
974080153501000000060350497100040600206000040050920010049000001000069800300000060
000010257010000000020030060002003010000602005000490000000000001000100600100007000
006000000000000004000010086000040000410000500000000049740000020038020070005400398
028000609609050040000000020800406050064305002000007064006530000000649000005000400
000000020090270654072504000704000819001000000650080047006000078000000400800040390
000300001560080000000000820000030090050100370700050206005070003090010060000093000
000003010000400030000001470800010000000230541000070000083100700001000008290005060
096018270000250400250000081731005890605809010040001000002104500000003906570002140
600290050870460020002000040300072160150900700720000090081000009003709508200150006
005080007819026005267000019300010002150209370690400008040090000900072541720000000
845000002001300080003584076094600230080230050000000000050021043039000021007040800
400000907600907840170040060000679150080402009700008030807004096205306001003700020
362700010000020000000001230500002090000300050900000020000206000700000060600037040
001090037000030200307000000780010000400000002000043070000004000009300058673051000
004001200001000000007000081102765340000400010400100000000200003000503098000040000
091645300000100054000002107030400005900800030060703010000060970009000286680907001
780502000050900478000840105802000700003479001007000050400351000135006002000004510
360240100007009000000630070090000507204700030000900040900082750700090800832070060
000050030050700900700400650300002710862000493510390260140008070020075001675103009
900000760000910804348002000000067921006090350019538040105840270790050000064000000
076300005381040900004060008008650109625000400107480050760801004543026800000504000
603200890000006700127500064000000209000927006700608031001002603080300040536700900
003000005010000000980002170004103609809000000000800500000000031000007002000000000
090020683030500024207600500600050000503002068000060000008097040000035190000240005
701000065609000000000006100400000050807020009000000001000059000000640030100083000
000009000000630000004080036630050008089306204005891673000504009800003005050908017
005040000000010570819025004000000000080001200901000400107000040490000000000008015
300000000004015003951300406000070501135000794407100062009032048846701300023004017
405790000208100600009082000807005961003610027000200540000000080700020000000000002
010020090000100038000700001300000075928000304007401000000000040100000000804002050
000000006900050008006004701700001645000040802000070000854010963000360000093405200
502000000040000000007260430000006145015370260600014080700000000100030020000051004
000001002000700800700060400000034070630017205017008040349100000070000090506040020
040109380003400001015638004000045038500000070000200409600024010050090800100006040
014000000500080010008000000060000093050030000493000050000060080080094700020350009
024000007035000000706000050061904080058310000900280000502637804000020700000490100
000000009600917000100400600000080040200075801800300050008000000532006018007000030
347096100096010403005040008100078609062100004400062001600034890009621305000700010
000000080000008000000107000000700001040806000003400060000605008500280000308071650
947062158081040020060100790004620000706050010008490070002036000635018047800004500
049075036601490000007000040002531400060807000000040007375164800410082570000053000
400006000200030804359008600000000000601095700005087130000070000700000085000000000
000030000000050280700000040000008000001064090046000800600070000007000364198043507
009700004000001300000003057580000000030800071000300008603280009708000035401506082
000030000479005060362007158140000039200793000030014080004860327618372000020050010
103080000700025010005043006450037029007200001200051080010600004500308702670504008
709600000400000060060000010020578090000000708850030006000000600030000000000000002
000000000500007000000005603006000730950723000000060000017084300000076040090052100
000090003800670100300010900900000001700000030000000040000000400047080090030006000
000030190003900700905000000020000000630000000054702009300504006000208000000019000
003640000905100406048905030064000105000010040002300000489751300000000507700006804
000400009395200081008300000150900008082005906003020140501600800040010000600074000
820000064000650002040002001900000007000005008000100000000500000005003070108740200
000002000000801400908630007180006000070318000000020810030260001791483502002100304
000200804000004096000006010001003050200008003060002048700600000100037000020501037
000008703079004000000739600910300050805097000036080000000070900600402000080000005
040137006000800701000600458807003000130460587094780000010000073783000045065078129
000060305537080020400030090304500006001403058090000043000812460046050180210000009
000460020400080050200001007750000000948103070100000000600800000800000000000000080
100030496096870030530094078061507304300169705000403001000940007600008009040700800
000700040700490021000081000008026709009040000120070400900800000002000004607900000
004600000600750000000001060500009000000017009093000100300000015000004780000000000
000600000003908000100500007000000003005100008006280074002007100080492000507801049
760000090010000302004000700030400907400907003901063420007030009000200070090000604
000001305500070106020003490000185709815090002930400510008030004000702060472610953
600003050400000780009000030000000800700300500940000000370400000000109003000030405
800000000010038709005000000020085914580004000090026000059000007042860000068051020
001347958080060370040000020000704083010530209005006000900421800100073000000609410
000000008000010004000080901010700090040950000500060470700005603001000007300000010
002080000050971204090000650060000000004008700008007000040020000670000002080700341
109205300430009205705308010010000400542000796000002003300500020600800001280030560
010076000207000100590301000043120000070030012002057000009400206000000000020700001
080003200094002000000810000050100830600000000040020000100000000000081000420705180
605003094000700210002080000024809057000007001003001080800000002031000060200078030
300208700040100350701560820000354000008710400453809001004081007009670243006402000
030000800000000000200004069000790020810600000000120000000251480608000001000000007
000000340034500010060234090000000230006020581020158760340000106615000900890615003
326090180008000900000005060800500000600000079030009001000000200001000008080020004
000000000024009500500400000490000002050031400032704008065008209000900005040000013
705400096834000705000002000500048013010950400482000579000090000047000901900000000
000020809001400000948003002530070084080059610700000000390005020020934500060087493
300004000900000200000105007000900863000000009000006402030000000000073028020400000
000130000000005004400007000005400720307000008000000096200049071000650009048070652
010035400500049281970000306000002000201060005306504000000200003020007000000401802
094050010005720030000900008051009000000000002020400000009300006060000000000000900
006825000802000006309060580001000043420009050560030001010200000007600004084903005
150006802009501670000008100000859031000100700003600050046700510090403080270915304
016054208200070504504900710360090080100637900000012300850260403403500620620000800
167928054089305000453700002000100000800200030502000078746000000000532040025074019
010050000375006040608049350800000506400625009060018070056892000100560200289001065
041600395000053004053001068000000809000100000704000000000400003030519200400000050
800000100703800000604700000000020000046900000000106000001070040070080000080060000
000090000000410060140027900050700080402009001000031400803000706796003504004070010
863020000002000860009030000070040906900000000014000000008370000000900000007000008
010760390900080760007394200300000509705038120260070000100053002000617900000040000
000000040400000100370000800000000000100300080000070950000000001080009425013500000
020500431000082000009000080400200800007650000000009370070005003310867049954001760
609080000000004092074020000240096700000243069090051030030060071017032500000000003
030024000016730000000608507000046701081300000642000053004003095095460078308502000
000000002000490000940000501160000805000000004385004927006009008008000100400270000
621074093539601807804500612000000250090010300308295000150400038460003000080050000
080030704740090306300200000090003580230050069508600200020065400413702000059041800
600050790070604000000300480080000900100060000052100067501000008000000600000000015
204000093671080020903250760000000300709030450002006100400108200100000040325000000
000000000000500801006010309000007215000009000007000098000160002008000006000000030
000040005400002030520301000000200006350000000000804500004000000000420350030900040
000004000000030600070920000000009000020307090860000070080173000710006000000050000
000000000000506000010809005000020004003090000004000000079600010400000039000003046
024000001305000000010000007009000000000000795000009000007000028590000003082000009
000005080180000000050018070000083160000050030800006040005002700008000500007039026
805006009930050040760900258000430920190560700400020805010670493309000070000300000
400020006056040008018030479104050000090004002002900000930007021620005800840060900
700801000081900400295600100643002095802097364000003201020700840030019050506040902
814923006030675080006480000905060003081340000000507001300000010102700600560204007
900200000030000802070631400067000500090400000000000090016040000082000940009000017
006900070000752614000104090000200040000006020009400030004000000900000001183020060
000001725140007900005009040060008409439602000800004060690005070010700604000040512
003009008007008000006004070300400000005000803690000400000000001069000702004090000
006709105080201600001430900928000000003920000005003890090002450564397001800004730
609048052400025006000900380028000003300002500900730020500603000706001005810209637
704306000001700300006090708042800531060013004010900070000000600000005000070630050
003500007702600510000000000000043000000000040300800002400070000000000094508000006
007010069010040000640037008700060500800050003904720000082090000196405830475082006
600852030000000000090040050002300004006527803001469000360070080027105000018090400
601598000004000500900730060005640010100305600060900005016000003000000800200403070
900000000300042005000075301000013020008400703700600400004500100100200000000080000
009053000205004000040090030000075410400609357050001090003040186074068000186930570
000000380080090570005028100002900000809000200456203918000702893007830061098006700
000045070073006458050030000007261090000008600216050000601090000529000030000003905
002043506010298700000001080591000307063009040248370090056000478100480050070605920
607100000530807000010050700000070842700240000000000370070400010002730084800010507
000206070010009005650000003200100080400308000060572149500001030000000000306700000
029000001080400090410009500800090203004207800207005009648070025050048007001302000
000270000020860091080900724700500003000003000000007000204000070830700000071000008
000000900600400010004100006030080060506000078047650009175000004009000000000000000
504672300672000900000094002000209007100003000009000040006008070948020100000006490
805209401003610005461758900000400387080900040506800100700082000610507208038100050
102650090309001000060000000091000630050000070000030000004109207006005981000002000
017408000800500010050000300009300005020090000006085001360002090005603000080000000
030040058000000000000005000700004083200008000000179002103400020000903000007002000
017289600009030715030500980008023040600001059000950306870000061092004508064000290
050800006100004000000600400090705000000020000001048629928107350710003082000080700
803090650012000004670000001584000006000700000067058000026875000058940160000610080
500000000004030100000460003400000008290700000100004029300047000008500000600000000
010026030300700002020483001400890050090105003000200870000000007040008915800000600
067003080001002970008760310020090000090508000800000000019004600002900400080070000
300610829002304006010002040000026407026040500749153260037260900001090300490000000
007000054986004730000000608102873400604005000030400000013000000079506001005300980
000236050003000008100487063007060025806000907305071006002503700790628530531709000
009176000010004000080002010920007300000219800068005000004523601190740000002901470
005930060064000093093047205580703021300200509001805070900420008008079642000000037
000000309002700680000003000203050000100869032000000001000000000609000045000002000
098271503000008712270000084700000820080013000064080107000827351130040070800000096
068400000007000008000000040806753102000064300730001486200000000070030000500208000
301000600070600000906000000720060000000000000004927065000502806200000000000000002
930508746800600300000009080603200800087000910100080003000007000704003128009012004
007060100040507006062000000700200600090000000200000400010409000000000000800610040
900007060001902740473608000006003100800065370709041026107006000000174058568300400
000000805000050000508700063050020038000000002000080007020000570000000000083090000
000902600090600810000000007050710002236040701100000580023005178045000030000293406
800500000036000500009003010104970000087000000650142078000000000060001000000000701
068000040005000026400800500000030060007001008610200000040002300500300000000000000
000000006000008000010670300000201900200090005090543610000300000300020067020786003
135960000000040010000015000003600004060080000000000006900000000056094007200000098
000310005002000078450080000675038100208900000001075003004827010800000450093500700
000000006004790020020000008046900050090031607003000000080010060001070080900000000
200036000080901750000050000500090004000070685027605000000429000040000308056300000
000060000000000103502030000200010009000390060030020850400000000820100000000940620
100000000000200700800000012000904003400050160000700000050027000986000000012800000
358900010920170008006058200030000047090400000407630000241060859003089000089001670
006007000000301600501096028000000901000002500305000006000200405000010060050960370
900401300400250000030980100096000200800730005700569000604107093050048720000095040
035000800000084007000003000000001370200800015000000000006010700000060150350002080
000020091040000073000001008300054700000006030076002000010080067030209800400600100
857000004000402870002587136016030000200006340004800001001300080000240010420751693
390001780700003102006007300502006897614008003800230000050060008060380210903100000
076005290020000040000008000000000007700503080060140950600004809903010000000080120
000005000960000004000400000090000000000000005000507830000703408000020007703800900
031200800800351720706000000000000400010605207007000005004760002002514073003000050
006410000400050600000000100804030000700806009910000000028090700500002000000003026
010000003700932000000601070300400702065000000000300000040000006209100450000504009
080090000001002007400000051900005700000910005025000090003100000000700000008000470
000000704560000000070000600040002001006100400000000060010008900095000800600000140
807000204903020070020857000040780903780302050302005007000009342004008791070000080
013402050029508100087600049806003025005007310104050706060300500900000030340900601
500040090009000000000000502040072035700000000803400020080920000090005000370060010
000000050000105006010070408000058010800000060000700080000207000020504009400000000
050340700007060900009100000200000000741000000900001080300000870104000600508000090
398000100650012030000983060000700090010800007070000600030000910000091003000308470
000000000800610300000045708080000500003000800450060230040000000000080000690100007
000050082007061000005008010000000020000502897200009000010000000000005270702000000
097603500604000000280100036340815079001007003900020058000402900028000360509730804
040005000000720006020000100670000031090670000084001000230007000400150009050030000
059064823074038001028009000030007008000090010410682500000070602240003000001420005
900000486006000000700608000009010004157030000304082000000000000071350600608107003
400000908000500000702600050009046520034200000027801034070000006000060070040750001
000000000005002000290007000600000430040000508057040000000000290129600000008000000
240370608960004100017006405000809050800002374000040080003600742002030069609000000
000082010068003000010000000034060000006210030020300008073506201000034900659001374
607000000000500406580600000008000639063008500750003182000800054025070008091405700
000039000000000000200000300000000004140900600600000700000000010026051400001307900
000301000030000000000020000000010000060405010129000500010800490006094000970000000
070600090000407060603982540501300704000506030300004156080060900100200675706090020
000207500000050400100040072502080000000930050690025000000070000040002000000400000
002000000010500304005200900090000200001896547000100089020000005000000000450020076
020005000067200015005600020500470090800056740040001000209010050100064200654700000
000090500050000000890050024000000240500000710001020080740080190083906000000000032
702154000040030002309000000970025006130090254200610970600582010800341607010009005
739100000800070000000400000007530008302000090000900300004003581003800070080004923
007581349003000158001000762006035007074816503000004000350049010000160805000308004
000000000460809020090003106084005031002460000907231408006952300500300600143687052
897030061435026978120007000000040136009003027013000490004070000908060700070908600
400020000000008209900000004840600700000840006000500038007004002000000003059007600
080100200600040907090000000000060003900200486000007000010000000060080009000090000
040700002000108607000050400518004000003800709000320000200090306036580010000000020
093406200025300000600500901580010600302000870069005000700030000901000380000009060
000594012001030000500000006700069108015723064090800307060100203020070540004082070
013000206800010507005208000000030000150900000600450972001082034087000050300000700
124000890370000204900400005250360009040152670003008001090810350532090100400000960
008000500006038000040000100481090000002000400300000000000000030803010600020850041
320000004604000000098140207030007080709000040001004009005800003003002006906430705
100200003000007005002000047000706250200301000000000930026809000008004060040072080
000400800060801000310000002102000046047210390500760001020000000005002139931547008
810300007000500810027000004290000670000007008070000000080900006000005080056700001
002437005403001026009600700025000040830709000004102300300070010001000009007016000
501024980004097050007000230450030016106050370000000502043070125205003000678000000
102750000050086020006100007001560090560009003009340600605000730070600180008000050
000000001007000004001064000082070103090000080000040700006008000348709510209006308
201007003007300219000901506970800020000000007300090000003009760700080005000476000
007000001560001080300000000004000000702004006000800090000165703070908065010720000
017000000000001000860529700000000600000000000040200000674903012900100460120000090
000030905000509700200060008000005106001070000005091000000080050042056300006003004
802043006100000000093017085028064007001200403000001800000020000000406020010839600
205740000000052700070900302341080509002000600060000010029105004080090000510004006
006705040005040080300100090000279030000000009270000000003900000000000800407000050
079530608035000470010900030300001780100080004000093000543000900820760040060000021
306004007007603000020700006090000801001092000574100000002000000008007010010000000
003002000000050000090801200420005001000003000310000070750000800900010725040007000
090280006601403200000006400009802001105000000208531970900018005806045020000020008
000010058001400900040076000000580764208704009406130082030020605004390020002000390
000010000000900154004260090426800000000420003093700000000005402300100000002000030
000709004000300000000102759000900400700430210006210000983600020000520803050003001
709230650300004700045970321806710400400000170027005000000000510001496000270100906
200700000079830020080500967702400051510970000000000000020047803460000000030000706
001070280080500000090000103013700600506000000000060009160097800008600000030480000
030600020900140000214350600070003009300500712059020000000805900506917003790034050
000000030703598001602700009000405060080900100926100450304800207000001305000304006
502008943000390102090005080650000400200000030380000067060001000720000004100520000
000210003000300000000400100009500070000020000350000008012000009004050037070000000
000906205000807010100000038037000000042093000000204000200008903090000800700000000
000010080008562100000000020050046000890053060000000500100000050000104093009000841
003807500970120000000046009612403095009061007734958020840010260300004900105600000
006510004005007000070098050700480602000026000200005000648259103500031086007064905
000400000200890050000000700000000830024030000000000400000000540000740081470000900
601008054097030006000106008900403062250000000374602000040000007000000000080040601
009351480004906350503400026080000740001745090007000100000064200600010503002003800
800137040000024006452060103904300000008005000020649310640800001270000039009702465
740090050018050070020000098004160500800407000691000034185723600409500327200946000
580700020370000950006890030763021004805030010090058300038200005627010840950300062
051000040000000510000501280009100030000800092003409006090740350035902760470300000
402600905000000007000000142903004008000008093650000700000350000240070356530400871
000000096720000800000080023009140350000000609000008070900700005005894000007020908
040800100000009006683070000000387000000906700830000004104090000068002000000500000
900060500064851000000300000000200010000000097001080300000004108000000200000000903
020000309000000000000030002014800030978320600003060080100078003080000004500010760
090000072200150083308200050001037529052000034000025000024801307730000090819760040
000609000700508000000002006030090000000700020000300000004000002003064008087200000
000000000050400008160000003520900087901080020080524930075049306200316075016070009
100705049904301005060080001249130750631500490075900000090610584000090067706000900
906480000030070000020960000800005063000630002003004071085107004004000009009340005
007000250080025967500706010300060000710203649060000000000170000001038000035602790
407008001908105000015240000000019207270860100009023000500000004031080009802900010
530708001000300009070010000003000000000000003080004097302000900005080130000103400
000800910830000052000070000058040009000008000000010000009007005083060200007003604
047500000601070000052000730023105607000760302070234851284600970030840000100300428
908432000000009000000070900097000003025300097003000000300107040540003081780900060
072000090000000400036050000000402150005009042320506709280104970007320000600000030
040250000300070050510009074001980420079000163050160007400010000083000516160090000
050001974000060000000040256067805300085413060003000080394276810518934000700150000
500000000000000089840000701000000005405982070036054008000670004060000802900020617
005280400070000800200940003800000700090503000007010600000008000180600900600095000
608000102370020805900000007040519000006243951519006000890060210007030580002895006
967020410005070002002450067004090070050037004873100609000003006000000031000004798
570008102830100000090470638010249560000013040902000800087300054123954006400006020
000705926000000000500900040030000080000080071060300000900260400800407100743100260
000000050000000009800000002160000280083150900007200100500700310018500720000001006
000010053006000000000009000078000500000305006900760000000640120520900000000050000
600590072090007684027640500010300000050810090060752840400980050900000407230071960
000028503635071840020030190716009000080300600000000008000000700007000310163090200
010300900040020760009010034730000000000000473060700050173050620008090300096000800
980451732003800004145207068300020009072085000000100007067594210400012076000000095
076832014400000080300049065000090140004000030900000652009060028047080090002003006
000080009100600802805000000010430060080100300000800000200090040030000080004700003
000410037003009001005273096692158000030090185050700020027506014001000000080301002
500801060910040000062050000007084000000000000250700040000908000709010630000063700
000000000009700150006000023080429006002006500630000240004000800003600002500142307
601000000039742000007108530004600000310520804090007000148390050003070000052800963
600002000040000906835600200003000000580004312900213700000020657050401003000700000
000500900500689000080000305000300079974052800000900050206000504007015630010000090
000500000490070500500000200020000394050004100040002765012800000005003000000000050
006098710300000060000000093000005209050900380000003006005020030700400000892730600
409070300765020000000840000108006030000000000573010000000067020600532108300080906
050728009000609105090030720400390001300000087205480096820900560536802004047000002
206070000900020040034500102147000600502400893380052401800001004090285700600003050
000315070100007408200006050600009704029070030748063000000081320861030940050700010
109000435000190608000054219200070003007400000400015000916800300000901000074023190
000081600800006000000050000000000000072005800008090001000070015004000060150000400
200010003000020010089076520000000000408007030000032000540080360000150000807203401
010902740000508000000004105000200000700000000100806972900000000300040006000600200
000268300000000000010900000000000043100043600740000082896020000500096021020537896
050140080000500000000800750000700008300000001001603005000000846000060530846005007
090156008561000000040000060250000931000910652000020007020000300978060000610540079
000050049030708005260490070314075900002300007800609004528000013040007258100580000
007080100001700000902150030000000000000007029038000600000400061004006000003908052
000000007401900000020000003100700608000000024080040000300010000094060280010007000
080003700200600300000027869400019006003702001008005070860200000019006000000000000
894006100000090000005730040002015708510000420089264530051070004300040215900002000
004736000076080050890004030000490020900000001003178500607500040030000915159300700
750004000040306500060000000000053020200100390000047000000400008008530000490080000
018075600003910725205060098001090256000026401020041900000002000004039800780054009
050900200000080000820513040600079000000105000000030100060004008200058090500000020
018000549945160300700490016006010000130000080209046000560001003001000000300650108
000000000254000018690831500901083000000079002080000090703008609400307280805064000
840060500000840006000000084900003400000900300103080000600300000008090701000007000
182530640300000080000018000009006510018973200004050709826095070900307020073680950
400000000000070000000001002009710000050009001700058090007100000000000374500000100
694000080003100000518060700009782015450000827000001390080495260236010054040000170
208009041059000003400000000803005000000600504005070000096000008002030057570010609
920700013010090007600380000009050040040000000006000000490000300062530090380049000
079000006830001407000470850090000600000090020000610009080526100040900002006000038
002000090070900000000000080103007800000000900000090000020040130049310270300720460
054701602609005001700690040037100004000004070248573160005306900360900007982050300
001406783546073000080201506090000604600000150052760300010005007205047019007089200
100024800492703015078501049840376500210000700030050980063009470080035002000007000
860500000009000000000090080200000059004030000078005001746009010000000000900001000
000000900810069300694523000003000000509000000400050000000000480040600003070000000
900050100403102090201000300890003002026000030347600500010480200000900050504230060
007009683000000401004300702000804000840036000500920140005402010400681000610000020
380000000102008006406000000000800021004900000901030064000001000009200040005084009
800206305406000800350000460090020500070900206003000040902000010000001004080000000
010463000000700634000000127600200000080001060000000090050008006001600009706954000
567000030304075819089000050001038020000402000045716980010009006000000070006000002
080007000900025403002000970010000090000001640000250300000040000060000034004506020
080072163027000004310008205064200000000030608000006950902015380038920000050603420
000010000082009300713080006105000090006000001007005608060000800300000170070308402
000036900683900001090000003009640738064700059078005010006508100000364587807029340
341020000678003900500076100900408010000001796050760480015000078703000620290307540
081064000305001004004205080013000706840506210056100809192600030000307090000002068
050306008001520300000981042020069051185200796009800034000000009340690000068002003
830000506000001090907500380100000000000005070090062800000100038300009100014700000
500000802800600100000000060000030008628975000000200790213800450000000200407023900
000000003089300400000000010207090538300000004004030000000003070000002006000000380
109080000800306019003014280005003040400027361600849700706430000002675030300098000
000501470734060105850304000210050000548907001390000004000802040100000090000000208
508030760001000005000008190910703204000002009082000000000079000700280050000004930
007206480056841007040900026000000059000400108008579640000080905003600210090004870
004080600000000000090000051702000000000600030010000540007040100000010000089000420
028000750940000000057060009000908015000000070500007900090070008700480000804009207
001320000070000400230786090007069300000047006609003000002030560040600200760002003
900080000023900040148502000000840003800321657312005090605407082080003974009008530
000063070030019402701824050960400230305000100408000097200005000074230069050047023
004008007000001380800079002548900120201800070009160054300090001092504008015703000
003010020010025060000760900000000085580000009900000000230607401104038006007050000
500010094000570061000903007000009040090000608452080903000000020345200100070001030
520300000010008400600500000103700008000140679000285004002050000050000280030862105
060000702000096001138270905006000010900840007014000359402007003001008500670300000
090050840000200050000000092015720000300000020720000010470930685000470030030006104
000004010400900007010027084000030100938076200071040800890001000000700498057098001
900000010060039500008000020010000800000000000029006000000070008090000000273098000
806000000005030000903062745007200460230080150408175030001000004692540001080010090
800004001504000000200080003001070030420861700700000018300018050000602187108005000
000004000000058000900010024060540000098030050004180000009060000000020931050090007
003050000074600802000000040100820000005903080000006003400700300000240000090030400
000000005045002960000000020030500006052060000000314000000200030800000000060005200
000016090000280030010054708030008002708001540600400009000000000170560900560840200
000100043000400070804700510309500200075000394208930607083009020000318469406270108
948607000700000000100009000800096000000000200692503010009760030030082700500000002
000740030300000700100083056900000005000000000000802090095100302000020080403000100
000600030050208100000050809080400000010570308670003000030029070021700580400000010
001008000050017040800000001002709680970056000605301074060074590500030007007980000
000500940500000701940008506090007253250109670600035194800070405007402800425000000
362907000000000020840000570004000000000005001700130900000000000020000105000010204
687000050305706200900000000070941530000050000000000000591007604030060905002005000
000060042000045009004007000140000006900400000000609080680500020300896005450700600
000000700040009320200600901000106050100500247000402609000000400020900100000000070
000002300900030650713560800100000728060000000000000000004609000002000000000040060
580719032002806719109400056000500100204160000000000004000005080060000200001200040
006700080080019530500082910090050000653807091008090050072900000000000849040060370
000000030000030040030208000006723490000510000020090005000400106059070080000080000
400890136090603024613470008001507090500309402300000070000900260900126040120054080
000000000000005000012040539027830000090002000040009007000000305000000000208403001
930000720060000100240190800002000000005060001019000060026000000150002000704305000
100000008800015000000400030000039000000000150007041003039000007000050000020104090
103090462000000000600073050900040500005006020201730608000359006800010030009862740
000040005498027306057000409000300000040080000030406002500804920000050000004000500
001000080608700504050600300800160052100000408200840001006000000500004860904300100
000060000002000800004080012040073000000604030000812000300720060080006300401000000
320000601000002850400017923000000200607004008040501700001309000000056300793000105
000431800040802057900000000050000200007200596020000000000000000090710302000000000
027100300081053070000002009600000021040000000090000037000006000005000600809030000
940321060103060945800040100010200796082097510000010000208900001009004270401802009
960000100000030709301000000500000076000000010000000905406000837120070090000000000
070289000098300070000060208080025060060000052000000700601000530000000000509010807
000060130100000900050000000080700001000002080500048000007600040005200090040070010
000053090085000400000000500100500600009000310706001980090600803008005100061004750
856002000731006200942000000309057800510008020008009705284010500190000400605024091
509010340200073056000560801780600000600090078092784500950027030807306000040051080
430060210086100940002493070000000000200900500970000000520070100061540009300010400
000000100430020000102000000320900000000300000900080004000090040000000010046031509
100007200325008000000302840000006370030420680968000020801065400050030900000809500
208071600006090417000003809700000100900067000002100370000006000600908003019034000
007510006086300050500286407803095012062000000490100783000021360030700290901030504
804709002020800009000510480070190000480067010150028600000080090000050003630971500
005060000000030050000008000000900503050820400040150000097610035080702060000085070
700900000030065000000000010000100560000500780095008000006000007003600040000000090
010700050045009702006000009400000000000500001130600094000840010000000006680000000
008000439400086000250009000000000090005000000000000000002648507680500000500900000
500300000604200000709800002006002300200000000000008250403580027050700006070000100
000000500005600070000000400080056004006000981000809600003008050902400807000000340
000002003045000090790000816000903080000400021086000000000504008060000030070200000
590403108100590400003187020009310005000000361010700004070000040805004607900670052
400570002507000000800400500386010009009000041000295086625083974100047600970052000
670000008009000600000000301000500004000900500030204000120009740000060009000000102
100000073030100050006000810000000000005070006061000708000020400610005080000007260
000803010201046000009700000000000006005089000008000002793120860510000700846030520
000000070400005000008000000041000090530400000700050000250000147000000000000520938
700080090368040001000010360009300000000060100006001000905002003080036910000000000
700020003030806051000009768900760030503000600601000904300000006897000340060004079
001007640004010090700040810400000060100069580000080020005000170010000408003100006
800200000000600000300000025253008000090070003001000008907000530536000010002006007
310004200005300000004000010040100003002090000000700050008000000000920400900408007
700006050000304070000070800841000620000627081000001000058700002970160040000548700
000807002007004503000009000000540006000003080900178020000905300205700800070001200
000000010000060000000080030009030000006017009178020040503046000400078000002000061
200050700701030050000018039000000304029000007040080190000670021050821903012900005
000009000000000000150000869060070000020408005040600200013000056070056032000030700
009150078000093451010076302700019500048020900030405020800000009100500037273040860
003009701007638050000270368000000100000005002020010800806057210075123080130800090
000000090040000305090000000000002700000005030200097006450000001028706050001000920
005100090009400601063700050578046129340002000010000060650000900090000000200007506
309200105004500930001090070090085000603070800508036020400061000000009040930000600
800000301000000004000030000000203000408079003200400000301006000002000100080300200
025730000307004520948562710203910654000600370050000900500100060060053090701080205
000043025295000300800259000000000600300906401900700538023000000000000053480530160
810400003400000008050809600200000800563170492000004000000982546982005000605031209
420000000630500400587410090050930000040000120000105904000340860300069050000257001
105000000070060105600002900740000000831905706000670000400200500097040002012000068
000001000000490020900002010307080004000040000420000008270503086000000000000000000
105097000800500700000200000000900561010000000000015000030000600007000000658004000
000000006000003820800095000100800000200570100000301000000150432600200780002007050
000072503002031496000460007000020001108090000074000050093006108800950060000187905
830004260076085140190000003002000006000572080000000700013060070500140092020050400
600018040030902000100503962900270050000300000002800000200607105351009000800135000
502000084000480000940300000000000460070000000120000300700040039090000000060000000
507000008000002000000000034760000820004300006000601000000003000120000009800000500
900000010520080060700010400070020040000000031004000500309100800005600000007850000
000006200609007830000030900013000008205000309074300502000005624406000100000004700
860902070705004293032010480081090307090073108200580040300108062020350000040009005
405010000000502071107008050259007600070186092060900703042060905098004000010009007
070240900000096008019008025100000000000400800200980000300000080000009200007000000
000000824903000605000010700800602157004750308015800040307209461200060073040375980
300002907000710030070000000000043000085270009400005172000500091014300000200004600
074060810000400000560001004900704006457002008206009000840020961090000275020006083
000002004000000690000900070000004060000000120703000000000085040649000000800409000
700000090000009060891406500009000080082000004030008070007005800210090000600000009
000002000400000000093004805000008620850620040000000900000501000000000001070200400
908002060100480000205000004061000305350604798080503406500006040010000632003148000
060000000301706480002000070020030540003000200400002003009503700030047019200190056
030000000002803001407205800379012658120008900500037000005300020201080374000120509
002600187300007005001000000000009700604000500000008000420000051008000300703051000
020000080000701000001500364040000009000300001102000803007015490000000010000604030
324800000060040008807010200019004700670000435000080190006000007030000904000000060
000200700000000000000070500380605000015900000000000150502408000061592384000061005
046079013209031804531040200100000070907023000600000100000000050400708000000410080
470000030900710000026000000100500300002001000000003100060300801019607200205100000
000083057009200810038000604807000002000070490000630000000020000001008009492300008
930742005600009070200100000023000801500900000091000000050800040080000050349507080
004500100000013060003674000401200009007059841300480627130700090026100000000006300
000000920072008430010702086000980000050420800800530004080005040030204000000000000
780032046001009000000000200500210000000800700170000000840705100000091068903000500
000006079009010030000004020000100000004000090080060204050600140147000003900000052
300008600629500004074296001107024905400359000005870002000902008090000040000460200
014800053780302000000094670000021800008000000201708305009007506000200004107005930
003800000284705001570130008060079005351600000900010406005060004002901000006007059
250764000810000000000000003030600900592000000008020000300000000005200400640000200
062084000053007840000350672006002915190070020040500006000005000000910357037026100
670500923510090060030607400921036000007010380063470092000000200190020070300704009
900000356080300009003090000427003010010000638800000704300000060008000001170806003
001803007760001008000000002532098070417000080608410325170000000000000203304000000
005000100000071308100000402090010200050906000071000640006005000002007080000300064
046030000000649030208051000080000005300005000009204000000026000000000090000007000
240701900000040071000000026960410000010000000800002007000008000100500000500604000
090000670003007900060000003200040000000170480000900700000700000030500860607000215
007060400003820500408700160080176030230500071601002000000008700050010000840657312
672050000800009600049000030000000000000015040004007050038000060000006000420008000
010074396074000100609000742007003504051000038063001000000080407100045000700390801
803006020050970483000040501710204000508007000092835170900020810005709034000580000
906050230300000000158007006800000900000010070030690080000070000000001023000080040
000061000000080040870000000000030100901006000080100060008013690000000800700800000
005003890306908005094000026260430008943580001050002943500070400010000080002800017
000060000001000000000200003009000004400607080020403090003000000962801000000000008
063005780100000064087300900010832600946571000008090517001000005500107036002459100
000004070000903000080000395002071009003090806094008100900006000020000900030800610
267193084190000602400007900601080005080002000002600840340000060700040008800700000
008500000190078030400012706300009061000100057006735000620850903500300002034200000
000016800000790030080300601000039050090020000205071980071003240020000090509000008
100000080008601005904080006007002053005108069206054801040030010720400000580200600
043160507050003100618502000000000050000704900800025743039856004006047090007310060
009580630000603079060090000036710240001200000020000781000031000190800000080020903
970402630142503080603008104890000070000030049000900000080250793506309408730840002
080041305630000419100530002000009050060000000570010090000000200000190040000700001
001000005000000100500900000003000074470003000000042000000400060960120000000090010
708924001040050006005706024000019560000000009001503047123675498089130070000490100
075090026162005904900000300703000000400000002081003005000080070000100000000300800
250987401003625090800310060020000170007430000680001003500070624730006000462809010
900004002600010050508000100235001000700408523480200600890305000002009000350120700
600001005000400020170500000083000000001037560000000000060009203230600001900000806
020008560398000412576001080800360005600017004150400093000800706060025008984600200
001000758870000239903007010004001300000000090009780040102000000000104003300000400
040003875036070000785194000000905002009030680310000049090060000070310000028000903
000000000001000003072500000000801400005093000080000639006089100000060090938040050
104000270503000490000004060700000000001005029900001037000480003000000000409316000
600780401140000708809410000000026307030000002200070000000607840004102003300000025
000004120005000000100607000007000000000758030000000000060045290050009000000170008
729510030803007010400000297002053800906700000340069000098175306030082000500006980
000706200600023000020005007003501820000080000000000715032400000000008000001030570
400060800050000060067050090600325918003010000008076523230500740709002000180007030
700005800268070054451826000870000000005002008120080000510000400000000000394200700
719285000000000580020340790047900008190002370280070050000020000000600410063000020
052000090096000140108036050200309600809065200005100030480090521000800067000050480
000090015581000000000000040000050000090000020700420900006000000008570000000060280
050000000478035062160480950521640000030510084600003020097300006006070315015060807
000000000600000009003400060076030980090006300002004706720300000901000030348060205
290137008070086500860009100603800200702300000058070300500000000037608001100000085
800000704020000800000000305406100500000500006582000000000007000900000650008600007
906300002002094100810050006200060500000700000300009801068000070105900648020800305
051000076093000050670012094840000020300000000007003940010009400900840010780165239
403000958008364072710895000020009000984000200000520890040100500200040030000050080
000010605090000030504080071000641003006000000000000000000000000000003010030067050
009004000300007684000000000005000036030702000040080002800005000000000020000208000
600000000093405120400012930150020000800006200000834501300000602200308015000069000
135000004706500009890674000270000000003000001014000020400000706000005030000700045
400670030000010000000803024090080470000007090074000012000906380005000047100020500
000038000000009200760210583000000058000300600000005000006450037073906415001003900
103009605070045020506320079061902080209007000705000002390458000804000093010090408
000000600056000000070605003764900020000000000509002000041709500000083000805000096
060104500030072800814300720000000380340005070020030600983520400200000938470800200
000060500080000400005000007000000000000030040003000761590714030000005100000006000
390000008020000000160000000200608001000200065000010000000000582030825106002001000
010930000039500106800410090000100034001004000000009010000657400040803007056200080
000000000196307405540019730938070000020100300460093050007400800080700042200008073
000760420716000008005300700250900064060000000900000000001024009000000000500800002
004000005630008004020407301900810000000000000000040130000000700500360002100070000
000140000040827603708369050100058736000000904006490502000006009087034020000002007
500000740000400005000001092790504300032009000140260000000030009000002000027148060
000590076060001000000027010023405769700000050000000000300150098004060307000032541
006020300000004012208390000060000500000500000000040001007400000050160090600000403
036509700002708001874001029400900802080100906605072000000007603001690280300280417
000000000490000006700001080684209013001046902027005008340708001010060090870002004
001200930000000080280000000000000004060800000000704800100003607090100023520000040
000004000070500002040010090164070000057390060000100000000060000000021080006000000
000400090080520000004009205100000040460000000000060000040000009800000000010008403
003780400041603827002500006000304092060200000070100603010000269005000000920817354
900000308000080090030109000090005000000000051000020903300060800000000706170000039
010020000002835061000000400009640050000207090000008006607580310001070000008000604
000048090900000000080970000010003900400009058796001300009000000800000760070805000
020000000890200400005000200600000307730160000000300020470000000000700000060021780
800000000700000000209073000080002009001000300070000100000209065560830090002750043
670000084013008000000000109800047603300000402200001050030080200000000800004006005
510807603036410870008030050800106945000008060621000087100740030002060090900003510
009200006500089100020000080040506000003002005006003090000000807000068000000000521
090134700602958000304000980183000050025800067000005800800347692000001304430020510
037000200600031954004820300700000600860010003050060000000080000005070000070103805
000000040704000032060007800008000753100003004300080000000005108002006090049100376
090000700003040000400850020000164000000785200057900401000000000084590010000006800
360000000700500000000000700005020000000080000200009800984000607500000984010004000
140278000000010000028600010000000090950000400800590001000300048001020060030041029
940200700308009260000083010600900501890001306152000908200007004789004032000600097
040000000000702300010000008930000020005000701000005839080004903300680070070000080
020000040068100050091305870010030008005000000000416500070648010800901007159203004
000300060030608049000409705300867491401002007680040302504000000916004870000006020
682371000301040206509000170013005620706000500800026310160900000250060039004058060
000000015000651027506970000400010000200749830008526090600095000070100000050007000
000001000070003000020580009030000185010370602004008300000000070000002000100030000
800040370003000060004709100200000010010400030030197040090000204100000600002960701
005600000326984070000070003001392458000000100850007392040805006007240010510006209
000500060000802900000000070004600300000009000652008040030000006068000007000080000
000950000300070000001002800130706900006580000000300070000103720000040080400800000
000000000005000004090080070020000060700000400500030200653200008072008500000000709
089040705000380600000007080000001008070003162201805094034700809958600200702058436
000406900010902037259837006380740000007090003506003740805304160901020000403060028
005670023000020090013000006150006300400200680009000002000000000320050000070030900
072130500900006000600020100700200300128000400539000001207813004000000000001000602
000008000700246090060003700300002610000030000004060370903004060540620930000390000
900000000000000300000760000460900070007040930003200000040800167000000003000006005
010070000000632010000800000007060200003000090280090463050000000000059006000008100
000090600000060005000070008000700090100082400200043001700010000028400009000000340
000000200000075038000000765000000007079500302000000001290006013005000000000003820
000801054000040000500000800060030540408079003203084600001900230300010900005003081
000760000700130000050000000931008600560000040002570001010000700000007080070800060
600000301007029800080007206900062507462750000008000004000370900000006000005200060
050000076801376040703040009006510908100900627009007514014800000608750000520090800
000000000874510000000960780007240153480350600003700042090020006000000900006070420
040060007900410800600090010200635904000000630000004000000000009026009041500000000
109380500380040160000100300000004000900000700216038054473095820020403690095020000
400103905001009084097040312604030050072098046000460000003080061849600507000070000
006008070040609050200704000700003005000800306030050200003000000001007609000096000
900040001085602039106090504054106000060987450009025160000000310003800240000301005
265000001080000370304008000527003100196000030408060020000000700050090612000005009
070900000030056000054000092467080209080529070005764800310095080048000905506000023
005020060001000053000003217060005380054030700018006000640000030509000070003000090
095670800030028000084519300051090002060204501040005090018007000000000009509002000
005000000000050046004900107060000790000004002238795000006000070003400000107008539
039004010508200360000960008000109006006572030000600070054091003907380500863425107
859000300000000000300508000002140003000009000010350008290000000003000000078902406
003090041069014003001530200005000000010780005030609010007160300084075006106340900
001403008400000905602000003010597300079342801320001507263109704040000009198004200
410000000300900040009004000000400000100300000603000008047130600006000000001000720
000040007804007100700900400060080700000600800000072000075000000000801574000050030
031900008086304059790060013050000070064100005010000346600400000000236100049705000
000038504080042910400071600000000000060000090250009760000000000000000070001050200
000000008800000520000380000021000005000000000000000780090073000480005130713800900
093006071600170830400038052076001005900062003034000000000010000000400018380090000
800657200042891506005020018000030000123009654700060321900000060004900080000006000
000700000806000014903100078204000007709020060100070402000007043090000005002000700
703100896020000700000043000000300070570609384080000619050408037000230000007901468
086310240130002009000090000805639100369001000071285963703120050600070412004000007
903701006040032107018050200001040723070800900004327000087005394000490800000008561
071025009852009067004610085007006048480170506000008010043000802006900304020700000
000050000000000000004600900830500040700000380000000000600090021270000800005020003
300902700000570068700630492500060914000100087901050020264709800000426079107000046
070600458601040700040073000000024071324000090067080243002050080000408100038010560
492000386008904700501386024900057060000000057080263049060000591243000008050600400
380000002000093147001200000200100605810567000000932481908071000030009716000320000
090000000020319004840762019006020805050000100230000000060000000000000400000400000
004000000720050063005040007130520004400060205002408031200000000050000000040230050
806000000500200806000600519081052000000006901600000004003000000060500720000007100
600010289314900000082000000049806300750040600806703900000090700000067000200031000
090004200000007090076019043324701009580030010617958304930006001060100930050003002
000002000000000000046001000000000490020065381000420706204090000153280000000100008
000724001000100098000809040004000903000001685006000000200400000360002000000680729
610800204203000080000342000000005810064190070000723006700254000052680790006007020
000020000000710504009000002860000310700001000501000007000007050010400200040200100
015000307300000020000430000060070080030004900500000000000918000000503008190700003
007620538000070160002385097600003905381709604000200001000008753000402016800500209
009206037502000000030000560050090200043820050210070040090002000070409621020037004
000070160006008000000000003208090010000080006000400000003000400000004030010030029
009000060300000071470536000080004032506000007932000506000000050614020000203870010
010400000006020013200003540000000030790305000005002000620890004300060001000000627
000200089000400076706000010400000030050038901008041527512000800003090100900000003
090006000430000020000040000001700400050001007070000180000100800600078004000450960
132005000090600021006200085024089007700403800900060000813900002600002008000310090
975010402000570830318406000030268000090035080860094103200050618000680900080000375
001060308506000020080012050010020080400308701805170200000081900600003007170096030
024057008010000503003006090007000459200005307509030020000000030005078640060590780
702800000480030000050000080000080500097050000000200090030000640071468230600005071
094610578030080002075029000013060005687902314009041000940030000068070049050090060
400692100200000435008050269023160007000400023040235000050923681002000700601540092
750106893000800070983027100009370056500400007807065019300610908000080700400000601
600057834300006900759040100104069580805000006062008403087000009500080301200605708
070560000000900605000000009040000000090050400050000060700000240000009050005004097
607580000002300000001002600080003760000019003000000089020000910910006000000190000
004050036000031000031204807000016045040080009010542783020000060103400520060825000
470800900001000003695000201100526400502094010000008652000280306030040528050060174
060209087200007100000060000002005870000600000005001000706023008900000023400900010
007000000005000010800000000000000000000001009000207063000016835004300007003902000
007080912209007000480019000500000020720060000040001005300850000000000073190070600
504083000000654000070090000020008000640070002000210080480000005000020000006000009
000030004109000030000000500004000093768000000030104800070000100090000600000006000
006003020009076384083210607500000700060300000000607030902405000000100279300002046
003400100010002940090071230206890000900000062130020089000100024482050013061040790
000000871002718500100060400000100000426980305031600008094800002310526000205470083
900200140008641000000007052000700920300000060289060430152000089040080015800010070
958603000300470009047509100002700380503106904000835010795060000020950030000041597
002040600700306000000000107034600072690000001070104000000510304000403908400820700
100680004006070000070090002900408000000000048000150000607900203000000195519000470
000000000001000008050000030204903000508000000300085002003800000005407001700000000
040000710000800600000900305030000000075000030000093070702000003004000096000340000
000020180080300009002000605000000503305190000860000000004580000200000850058000000
200000065800000207905007814000001020000520000526080490600000000000070008048009000
030007000740020100000801790001002000356080070200003000502060900003400020904200006
020913040030405207000070001000100000000000000006009000005000600403500000002300008
040870100700260300000050080000306008000085700090127000054010000302000000108032400
000080010090035000408007030100003508300008090800000723084070006600849170200350000
530000027049620035020800900003018070000350000010009056407560000200103794080704000
000100000200045081890000546600002000000000800045060003000000608000000004070050002
500130200062450010300080745001870450004300000006000002090260804000900300003700000
709105400040000000003000000204080700060050000000200698090400000000060000006000000
000700100000005040005000700206510000030270000510430007040000830000850004800907002
000000309300000205005903760070605000500830000030000500057008000003000890002300000
000050000060000700700002004049700582030085040582046100071003000025098001006004320
920000000000000000304000000417900003000000000008025040000000320050030076003600085
000400090000030050000180000400903000009007005276008039903000000010300000600800003
050600407000300960001870530004708320005293010000100870026401003003000100010000096
003005010007890000060017000030009260859700100000341085520006430710034800304200670
960385400000910050000407960004090703000042510009008624890200146006809200007104095
040562008006000700081473020009030000070620950062005300090000470130040569720906803
860570000000030680300080509000800745000000000000040000040200008000908400508000060
740109560080742090100086000400097016390801452000405000208070631000258040900000005
203000000008040070600032050009301080000027045000005000060010000300978000800600020
003102789070030015120090003980304006300500890510008007001780560604009078708005900
001700090090106703000829060050013020130902650729085430072000306980300200010007509
072060040048092006005038009801004005200650008000081492400570081700000320186240050
000200091000706008800913005000028000000400000000090000010000000407030050000007010
100000234304100006050040018670003000439851060005607040260900000000000000940070620
000007000400520106009000000600000490000005200940200370000012080003000000192600704
301075200820300700070006003609030005000009301100000000000010000050000000704000000
030000090001000000000400000806024903000080020074000500000807240429100860007000000
209006004300970650085143097137800540028060070504701000000210869000054021010000005
000003800842007306309428005600000581020100000010070402100000000970002000030800057
504000090000708410007405000005300070060002509000009001001006050000030086600900030
000000016801009020000801090098004600700000080005000000906040100000050000157900000
000003000700020098900000040041500000090000000308040059200060000000000006000050900
900025000500108000061400500080000057090750000357201406700012600048930000215806739
025003094800014005904000000250000000630040028147058309002080931091002806580000042
000801406010000300004300050000005000070100600050900032000008000000290513002010068
506700839000980000009000007002004001000008000000200703190420070070510000260007000
009400300000080005000036000000020500020759600000000001300008400746013008005000020
410000096003100000700900510150800000084070001030500400300005040000008000000720065
830400000000008400040700300060900000400650003308200007004100000050000000607000042
830060010050400380000000007000940000000001040000000000060174890080605000000890000
070000438025000910000000000900000046507006000000000051003000000806070120051084379
300020400000056030050870092000034000005090006007201000080000600700000308000000000
027090600006700030900600001603401295592300007714059000400000963300807100200036070
002050710058017040713000000500001400080705009109600530064000390070190260091002000
500000900000000006000000007003804000000005680006970315010050409085040030094000500
090000000000009003000070160000000907970000050020907300000600200000000000284790000
267500800050940006000070130040780020008020000000400007316800092005007300009003000
000049000000000050905030100000000240014000800000010500300000002000050710080000300
700000060000090100103080040000000003000005000200001906608450300000000680370600400
002570000500000000000300570000809060006000040000060000020037050005000107070000002
004000083206080107930741260007100600000008400000200800701005000540003010309000520
807002630603070042924030800400006700080400316061028000100000004000003207000000080
580000419000001000000080600000100000060000103030068000000050060000000700028710000
090201074082760950460500000008602300000907100709015000901008700004070000070159048
340500902780001640000634580008160070031400020574802106102005790003089060000006050
000804509709002068600070213002436080004087192000001034006048001000109026500020000
000000700070000005600000900080000000900030000000807000000472089000690000860300400
194020000062385000000940200000000600000004372006700000005010000600003100901000003
001640802460825007205070030000209003006058091120700005030090006007000009950000340
302000090000804250000302017000670500485000000600485130107900340060040001500127000
000009605500038019910005300750020090600010050001000286075684902068090500230051064
086001530000000008500008020005000100030000000100070803007030600600020300008064000
023085070900700063000632098005000930164020000000807614017460820400000000000571306
062000080050000000801600030003150200510200060000463158480910020090300800230005007
008002007050097030097008002710803065200009800840060719024000080070000024001004070
040910052007304000900205000002036900400000300063400208000000000000053090004180000
000000060500000180000000002009326040000005600000000009300000006105000030920000700
000000600106703050050000079040071030030028000700050000317040086000037090000802000
700001204000200070024500000000005039009070050000600007000704100070108060000020040
010080000038006040000007500005000008000800050000002000000009020002008935903024800
500000702000564001000080000020630000007800000053970000000000003005300927000000000
060319405047008100319500000001824360820000010036000040000000730090103050170000906
108075620000003000600090405030200900000900700900030200000509360060002500509007000
237861050490002106108094000070086910001070008080100007049028000006000830803610090
741800000000395700000014000000509000000001670010000500005040068000960003006100007
007000000000500600000208070000050304085003106000001008500000060000000501006100900
004002000000005000000700900016000000500406009000000006000047230000028001008000007
050040000689003002040680153020406000000001007801000496008070200004010075375204000
090000230000900180180000007305600002000000370000050960450100600600504010719286053
009300002063000000001980030104850000020000000950020001805200904490530020010790358
000000000008010000002000005000108546400000801301045000000000900803401627260009004
590300170032000000014950000020000807087295430000007200000609000009000080400080600
203895046000200900050006007018743050000009000090600070040972500007050004000300702
540137289000054731370082006460500000003806005000020648602405000000000800007060010
103005809000020005405009000000734600000000034030050091046980000902310046010040980
004190360000003000362540700000070003000000020107030090970000080231060000480000000
850900047092060810604580000005009170067005490439617000516208000900003060043006080
059318640000000080000004005000705001400100826913602450300000000007050000090000004
009000000000000000000900100040002000290035060030040209472509300300000000000000020
000700090000000040592803000001670000000000000054300000428007000000065024900000001
108000003900080000627953810000509000090001300002730009009010000006307145001200900
000050010027004000003000006400000000270500090000820005704900030300000500000231074
085070306000000000074230050006040003321600407040003000060890102017360984490012605
000008102015060000000000030007009020002680004450030076090000000371800200024071068
200149856010000007005702900020974018090810000000203000630000000002590680050080004
090000861001309054000010900100005600000006019000000570005260103000830705000950406
090802005800000600300000801000020064500006000006000500000030000061000400000700208
706050000000000800000403060304200000001345902207810000678001409000004700000080135
030100400047000820102000009000500142004000005008214000006309008000406703000000264
500206000090350600400700053005490780904087065800563004000074138008625000749030020
063000002000200000020000097005870200030900708080324000040030000900007305352006000
076540130100900504024180976040058300060004200080006700057000090090405000012600000
320005009000201050800070310400000006000000000000103080500000127000000000080000500
000000073700902010140700000407006000000070030009000040004800000800629050000001080
007000402005000080042009360300007008400980000000062741003748000509200074004096120
000000000900030051000004000000900700030000000000307000000200005569080020020609008
100000324000000000000002018000040830020105009700280650001006007000008965650700000
805000006001002090000070082000000000000835904040001005500048000000207000080600007
350070000700920403000004010500602009102890040000050260470069000835701906620380100
090008005003070806000000900905082001100090008807004309000807000061005084400000000
216800000300020080400030261970000030080200006004308007600003012009100004721564000
580006009403100050000208000050004030000000000309000004000002000000501080000003590
800140900014603008000520007008076095003280746000000801005010600000302080401700002
000204070040907030070853040620500003003600507007030004008006050060395418000401760
409806710100000083800120000074500036008301027361270050600740300000903200903010574
600000000380000000000000040800340000506008030003610200200030000160002300000000000
802010300040003000000009416007900000400000109910460270000090000574008091100007802
500080000240090530600000000004000000103040057007030800382060005490700002015000000
580007023002040007000000040103200000000030058800000001400010082038500000900300004
307419258580007000040802036214500000050006021000124005400001067801765000075000100
007120305260900070050080006603000427008247600402061500900670000720003908005008060
030180940020053800070000000709000301000830090010074050452068179080700025090240038
010080030098430100000007985082370650000600820965020001300000008850010006000000000
480360005100478000000059047000206590050010624004035000600003100700000000000790468
005004302400900510003000064600500000000070436000006200509000600000000040001003070
400000016020001000080400250068000023000392680090500471250010090810739560009056108
900356000060084019000000000096030080304020000000000003000902006000000004000800020
005000900740600108000800007000430000000000501020050000069081700070069000000200600
123500800000100050090406010000930000005870600000061300750042130640300000000000000
580000090213900000970000300700800003862003500000704280000480100400012000020379005
070036200060000070290107000000000000810305420059000016032710000041650000600920000
807690230024000000609000507000026005005008600060403001000107000000500706070239450
903080200400000001070900840106000000000740002004062950000000006000000000000000000
510809600980006001643175000304617000000903000061502340009001857070200003130050000
000000530040000600750001002000004005030000070007015026875100240000000100006009050
020057809180000765070000034290704086743060901056219000060001000002000608537006042
460080000030901000002470000020040600000608300605300000000800001040000800000000000
604000009005209036000000517300001900007008000800003000001000305000000190003100860
200700000000200008730409050000078000080506002004000907009100003000000079020097000
000000514000000000006010072100030200040000051600000000004700000900605000000103000
090070050000006000405820130046000005000600000300100060084000070000490020000700000
000100070040006300318005090070001400080000109003854067960008000000610043000000006
020059031030000954900108000090000100080301690100200400518063209040000067060940510
700000050000000790000000002010234000000670900067009003005790000080302000009040000
800230007090700006400000300040928005200000600030060000008002070500417060000800000
008007305105000407047100000004000279813020604009564003000980742400300001980002506
100008000000000090000600271900000087600070409010004320201487000503106000874300610
280560070005700210000002006000000600853970400079000005038005000090427183024031500
604000010000000508580702603000087000000120000160005900800004350390071000246000071
000000080000000000070030620900072000083690700001050000200580003030720000000000200
902600007063087020000000000080006340530871200009300000270060050096000000845010000
000027006420010000000500207000390508390000000708042900160800000800000000000000009
230050000500806300008903150820000040000047200071002500000018000000200030092534800
500130000080709000000802700803970410790405083145080900200008040908047300400000008
000020100298700400006500200009137800005060000017085600501000720702000000080670500
000080010050639002020010039917000040206048900004001200802100300079020000145000006
870040500052708000914520708108295007500607481760400090605070010000900006091006070
026400908000000410004930050705100300093500084040000000630705091908000000050090003
900000010001060080348705260219400070007000000460000092000800020100600000000000040
500760034340000700060803002700000000006039005030207000481002500070080320003500040
000708040000001006708290000100000032400050090800000105080040600010002050040600900
040003509026500080950400060090008000000000941635941728010002090560074002200690000
000830060600010003000000201042080000000603072300000010000000300010060000806009000
700000093300002000546930007063100528007000060800600019170004006609008402000309000
072800000050200080098630007000000000000090042020008000600720803800560200010003650
010900000002000300600003000000000006000200978970005000709004201080600035000012000
000000806004080130986003200090200000502000000070100000849060000200000010000002000
023000640010000070090302800100006000007000000000000006800200005670000084300000260
050000003300076010000030507040058100008120000010000600000800090109000806000000004
000090503906023800205840691000205408004936000000000000000782000007004000000009782
560127008398504007127098000730859140006702580000006302000001003600203090200000701
004200005357000910000500080780006200032805040416392070691000854500061020000408160
000003080300000040150000000672030100015000308000004026200060030900380400000002009
082740000074093008309800457100000300703000000000007619401000705000300806908000143
000008061000003002103200809000000600010800003000500000009000200400639050000080006
008050001204803000560401003000602807000305000020100005000000000040200079000060120
025300000030000028070000030507000300640805009002000085000003000301047000000900163
140800306006040708708000149000100080400060090000084060000000002000516074004000615
002100000305002000000000000509037080037400005400000030948000006600048050000023000
024601503610530020000040609060910007000370402007420901000053700008069030135000290
319040020560000000080000000020000037873060000095700642956371280030008965000506003
000305200500607418006840000200700091901000640000009025000000080070003062600070109
060005084148000000093080000050103867304760205806000341931804050605309400000056010
072001600006040000980000240000000060607008300003060000064000031000005076000000980
502080179700500430000700050080000203690000010403070005000003700000067000070240300
806000500001590063009800710410359080008070350090006071050020907000635100182900630
280000500341000006750060400028000060070002000930057000000009087500800040867401050
420030501003008000080402307010904870040307000070001000200000100031005700600810000
650930700074050398000170060403007680805093100000800940000001800086749251020000070
401050003089004007000980100140000530030001006070530801010460000060790000007010060
007500200050420700840000050000000830000305120538004070000803902000000567000650000
000048902000000061500016004009602007000000000000590003300000006740060038906100075
957002810460300000000007000500060400000850960009230050096403071000006000840005020
300000000900708300800063005700030506000095082096080430009041003600972100140000079
002300090000000042900200000000500070005000300700400000006704008000609007000800006
100006002020180760090300050003001800201807004800940015412508000078039400039000080
065170008020650000010200654600000500050000900000042006780009060040000810006817000
001006000000004000005003214100547009006002047000800100052070300000090025009005000
020000000187000400000070009000009005200000900090200040000020000704000032062000000
000617305003090067000000008400300000000084700600000804002040600004500289000009070
050000003004069001012000000100283000549000000300405070690032000000000000005910000
000200347000185000000307185100000534000000020000030000030000002610002000700800060
095003000280700006643001900910450008007000100030012000000500040070060090009000001
140000870028143600900008304070010000010000000094600001001009000000080003580000900
700000040000700200390400076904000060000040000187030492040800000509000087000090000
040209080901080000000050910002000047093000000870000039200170000017804000400000070
003795100007680403006004007325079004600030000791468205170200059509007000400003010
070103002000009500005000000498300025000010004021080000002000000009507200703001960
680090172200006003050000080000080500000004860068051020710400600006107000842900007
040000000905602010300070050000900080000706001004350002800067000400000106017509000
800700000000000007100000000085610009000030705209080406901000008520000941000009023
005810060600030000000060000000640070000070001003000800000480007010000300000003004
720030500010000002000070000108000000200000095000004010070003008680000000030900200
009035400005600080260879513800003200600000001040060050006000100001000805500201000
280030195437090082500680004065273400302409060000068203708300050000007340000906800
400007105200000003190000280000000000050000902000560834520106008006000009008050000
070500006500100000000000000005700034000000710700200000000020000806001020900805400
057030006830690704002007108020000000004000600076000809069140302105000900083760500
040000103600000054031250000026038040000002008309540072090000006200000019800000705
000630702728000103106007050590000807800390001000000030300700498000003000000000305
204070000506000870800105200720096400009000700451230008000009000160000027902680354
000105040000000200200070000008090604647000000002704000000000000000040067420007108
283004000051007000760030040004076200092345061610908400000401090908200000106789000
002781000000000200500000000005400000024030500078500400001000300009300050003100040
070600009090000056008000007050008000000000025040000000080109000910057368705000090
000000003020000540060049000001964058004008021078320904905172436046890100010030095
060104030873000000010083056148000690032000184059008020090040302000030519300951470
020000000000000095000006000006003700030000000000564130000900600954631200010200000
007040508004380000000070194005862000000710305070050280800607410000000850400500769
001000504000000789008240016709051860500038297006070005060080070000000938003020650
000007002052006013000045008500008300000900001030102860005000000000080000000720085
003000060000000100104809750600085230230000000500030000010000472000000816402608005
005603000000490518000010623400280030600170080000036074000801300100002069050709000
800504000000138000000200080900007000000000091008409000080700306003000700007000010
000900000009703500007400020000030406002000000000800702000306800900000000400590200
200070000305000002100009000052003008460001500090050600020007049007904200000020306
020080710300000240009000000000004080030000000640803000000000070003010804000008050
701006000000000800602405070900060005415200006800100200200003004000001609104000500
000007010769000000408000009000050094000096183004000057000008570006009802000000900
000700000050406003003002000701000000400000000000060001807150000004000030315009680
047810305090000704003004000900050208480100050070240000800000570000070080000400036
096800030001050902503026014008407006009008003007000280014300628802100309905080107
002370000008905000690402700020036000000007300000000400010000806000689040009104237
010000000000900000020360170000000065090006007006700920000000090079000000003200000
000008503504100009000004001620081490400003800000009032000012070180490300040000008
720609405980400000050007090000310020000040050000762900400501000005206043000830000
080200500109080000072051000090040000020600030743100060908000350230810604000530180
000410270604320800020085000130000400000000007200000000900000030070250600468070090
346000780020570040700634920100403000090807530000260008200305409000020850803940207
081000004060109050370260819200000060006000001130005980813000096600008000750000000
000082030000000000030000090050100904007000000000038007080013200200000003000006500
002800000400619257109500000600304190030001020000060400045000000000090040076020010
800090300603008000009030080000000200400009100000003000000902003007400020000000600
072000000009800200000000916000000000261040000000060000000580007000000500080620001
000700026078250000500004008000007000002000600050102000000030060000009000060005000
000209300020000000003000052360012000970000210050798406000900000000000000000300040
600000070000000000000000030000000900197000000080710000005193002000247000400580000
000000300050380092003020050000810040008090030000600000720000000060508000005000900
841300060030506001600000000705000023080900000160002075008000706476000059020064000
041000750756001800003000000000080070070604182102300000509010200008000560000000008
000000405000009806700001002093800000000000700008412060060000200050120609001008040
086000102049000870312800050820600910467001000190000040008709021250006790974500000
690107500001845630000006700010500400406709208285600900070000006000468007800903005
000002800201005000000740000108006009000300200439000060900058000000009100000000090
010300209603095401090010300409000720080060005067900108906041070030629010005830692
007000000100720000604001205000500009800049010000100050008900100010000090000000580
409100020371005000000040000700000800512068970004300150105002407947000080820704005
003090078008306004900807003000508230000000700000170000052049016090000002800030000
000009100000000000009006005004000060000020000008500091900000003002853040000400602
003004000000000590405620000000903010500080000009000706000030000004109800000800400
000800527060050400005941006030090860050600273648020900300000600006300150521460008
000653008009172306060000200850901037102700805073540009000400000900060500700080000
803070005000509203040328000060200007092700600087000032008010520016000308059800046
000508700050009402009006000301027540560031070207600008072000900000762050045100000
080700005695308007000009813000056139060031000000800050930000520054603000800405000
002090000000000000000700000060000739000079500739000401000004007200035000604020005
000016040019000000400300060300009050500073000008200000000050000007030904000000000
008700109060054730007160050890000000000000040000320090374000000010005473500400006
000009038100083700030000000604900307009000400700400002370500100060090000020000000
004630010918425000000090050000000700502000000040000082805000000020003005030500020
140800002005070903830050704356207809400065020070009605060500000780000000500048006
800100204400008139031054600000392040203540781640000302008905060020060003060810020
000000867080020000050006043004098026891672004270000980018200095005010602000040170
070408000059000000200569100004005006007100002000630000000000413790300000400002000
000130070000000103013007094100000000020001007807200400270900030090000020300700901
803002400064080972029056301040000829098760000000029060306098007402035000000047605
742580019000702003500160400270300104004008536000004000000601000400005361001097000
080629703300400900006007801900304000700106000861200437017802095000000286000000104
000006049016000203749200800300685000685001024901024080500100000000400062430000108
000020000050601230003050010005700600102000000704000000009500700076200300500476190
400090002009200040020000900004700500200000000070050416002506004000000290000020000
106704080047800102008000904370020400000006350469000000600009000000085641050060000
050009006000610400000000007700003210009020700008504009060002000520490000974000020
000600374060743590074080100050168037016072450000094810603000081040000023981006000
060108703091003604300004010000901000000002301009000000903400000000800039600000000
680050390701903008000002005000305006004008039095200817006530900530009601429006700
002000000000003100630090050005000010109000000300014800093005080001000020800300041
000042018400610907100000042000701235305000701001005064000006509016009400250400176
002010400800507960500092000975000040000000010000400000780050001259000004300000500
500004070000050000630020000010030060970082300300006021700200000100000000408000192
000040020320060409010372685051420007492700006000600004200800001169034008000096302
009000430300000007070534902090008054008450329006920000102007090035812740400305200
501849306980200000326000000038021097090306100052970030060002045740000210003007000
503000006000000000600510000000008400030000050746020300000000000060000804000260090
000700800000000001800012075000000040050000000002100308000635000003094020480000000
050007000000600003100000000015000000800000004000104020091005000287900000500000010
020090507940710000075060094006020100051300900200501000004007200302180006507902000
048072596032000800000410070000040900407009000300060042804023651000784309293150087
170065089000410200052098000530000000840000900706053140005800000000500013018740002
800500000010700000000600400049100008603005000720380090908001020100000000060009100
000098700007250000009170500850009240002865030001000605028030471960000052010002306
000000001500000007000030080025049803300026019000080200803600090200904000000350000
000805009140000025205000730000004107004107350610008090063542001700003040402970683
200000093900120000080090026030070014004000600700500300040958207007460950598000000
903080004401007860000010070800064093300000041140050728030708010600543007780021430
000500600090060100040012705010907004970050010400201070700005031034000006659140280
500000000130900850600007002000620000409108000000509008306000080970001400020406705
200000043091400278040780091129643000360078020800290364400000900900000000000820010
080200004000090005000600003701000500852030000900850070009000050027019600000007000
000000003800001005050000600080100020045060000070020000304000009100700002000032800
190576800050028000002000007000090300280100764015640000036080020001005000000009006
400500060001000507070060042800050004000004080042700300200000030056000028300008005
006012730002009000709006512601073048940050200200940000107000860304060027800020090
501080304407501800986037010700053020103000400690048000005809003300260000079014600
400020090070398000903040500690150002020800100041700809802000000160000003704280016
000100080050098006000600051007000025000000000090510000000050010000900060200001000
034690800000000009900827401009000187000100940781000205000000018810049020000001000
000520803000810670000079020020000700000208100600705038006950400200060900000000361
094703820010820000020000000000549001100082040045000082801000000052060138000130050
400057200050080100982000700010509020804010005509000013000090300008040500200060000
000000020900315000000002003802009006000000248000000000010200085200598310080000400
300709000000030000070100402200000016000008520000400079030007100000302000680001000
309007100120306047874002000000000004008010009203680700032000471000070520407523968
630020041070000603804360007190000004002470160000900305507601930000057416400000570
296000783400000000780600000500030008041867009078952040002003967067200000000790000
080000410010890030530007900700020641040000050250000708360010000009080304800000000
260081700403090150000000609085643000630000070092008000057064000906002500800300400
706400920000000000509006000031504009050790030000361008405007001060013500100945062
005200640090000510000000000600008037000703420000000005068030000002080000900407801
904003002007500840015400376060070900720009080591000000076230401100000003002000008
064100005100090000090060107008000053200000600071000008000010000000032509032500010
401730050007000000956102087638519002005270600700800190060900074004300200000000003
009000060000103200100090000003800006802000100057001000291008603000000010065000040
290013000000000030070000000130800207600000000000000069002007148018000070003000600
030000700070000000010002000000008230005014078060230910041007000000000460950000000
000160000795020000600500030070000468004900300020086970952038004000290080300700200
000690005000850001508010060000000000069500004385040690702005040800200036000001007
600000050710000030050000400000000005000008021020070003075030064003010008061050000
000025006008000000005100003406003200052006000070002600039080060821004005000009008
715390000089200710000001300020507000030002500508000000100005492490070000000400100
108297030200003081400008900040305098809000000300820060080000300000030000030000040
015000209600000000970000086000200000000000003597000000000700900009003600000005030
007005200008206070003000900509620040070040003100093607090000060000819000320060019
008690200000005780504701000000000304030500009910000070093000010081902007005816000
500209007260070500870530000710000004640715329300000751003906000000003068080400100
000000068017060000046300005024030006080200000003010000005980000000000080000003651
004001800980000600060209000007004000016000000000000064700930050005100006000000400
092564083000800000030200000000007006060320000009080000386102000007638900900740000
609000008700002005000074000256300040097020013083709000801090002060003080500100600
007580009300090700000002008070000000003071000052009610000100800000830006000067000
805030040030000005400000000000060002000400000108050794001000070020100003000000000
350760010000000200062408953684100005003000086500604001031975602005040038040830509
089600574062075008007090326871936050003254010000700600750000240000002000200007900
007601298306020405000000001030570600005004903001093050000080500000007036803000147
864500279130907000209006005000000083406358910500091400000100002000000751701260300
800001000005003090010540080000010009700400610100000230001000003000000050000050007
000004596000005100659870400028430700093000081006080930705003600230000057064750312
093200007042000013000309002070090041000000708401807396700530020019078005060000804
170008000502010000000052009904600000003004600000000004000206000300005000090001006
903500710100309506060701308672134985431900060809006103700000050000800000508000400
000000007000736000000000008170000800300571400200003015061004080050308601800167540
000085910000900000000000700000007000100009800090000000340078020000004080700090043
472100530006500000000000096040600009800000000010890040325700980081300004704000005
000300040308400000402590037000748012025609478004050300000060090030804600200000004
034009106009051400601834027008047095207590013006008740003000000970003000000000000
089000000600070480020090005060083941001000038730904060203000000190205800000109253
009450300500006801020009070200000406175043080400920050030860905682091003001000600
060000008040580009002007031200970003700030000010020900038009714000050096609701000
000400000001009003000020000070000148003000006010000000006703080200060300000204000
031800600085200703609017400003785920902001507508429030007040360000000070000170005
000900000000700000009000072030005000000039020502840900004078019000050800000000040
002800039000060000008900072001030700780000000000478000010096040000580003000720000
000000900078200400602000000060700090057000002019000003900520300000080250025030809
063040270020160450000000001009650000050408302070000006704000060080790003012006940
009030004504000030002070080208460000060000200000010060001046895000000020000000006
300008000500007100000630000005000006000090000000000000039080007002000900706010058
000475090010008400050390008040053006000284750500016004601007509008009162005062840
100500090096810005045670138000050070003007800000080520080005400000700300000240987
000503060003040080200098530607020001000007800804310070902031000460002013700460020
900000000001408070068075000000000004000004000000000602040090820020006007097800546
700080050600005000000000030004207000073050090000000273000001300010060089300508400
105009600607021900938700150000900000000603007380004000064217000010300840090060000
405030007687040020020008000500000000100000508030056000000087000000000004006020870
000020000082300500310065000074896200000002040003040690030084010001000400608019050
043518067018000300702900000000000900000000500009600034090000070251000408000090000
000640001000038946406100805000006007910000600000790520508967000000004700000010450
610237500005619000007045060102078000070400200450090800061923400020000050000000302
085000370900000000000080900632100009040000600500000000009000005100000007000400800
270000496038004000406070008000400002704080060080069000650000800100000000000056140
907603000400090000030040000001000000800000020000162000009200070302400000000910000
000800000840000051000090704308160047075302619196007002000010428000030105750200306
001600050007009020090208460015007346036901080872460095708045219000090600000706000
401236058623850007980704000300000079008000320090420580750142860000007040014300700
100920430000003070000107000000300807768002940000706125010409080095630712600070594
041036980030800004000001603090000506200000700017265009104070005603000008050000000
000000093000000051000105000075021068100800007000000000050017640400530100000000005
000000000670034000028760540000607058007300000000002074080000060040023900000006030
790100000260000010000056000000470560050020000000610090009001080010002039000000000
040001060030000094008070000000802600000000930000500000090100000062005001010600059
046010500000800406850060900068400002970506000003000058709603210630002070104708000
300017420400930100000602000249000001000000200000420800581000000900050040004203010
000500009219006000035921060500008040006052900901000500100000392000000170300010054
020000100001890000000153802154000200002000000000206010009040030410030900380007000
085020000009000000006000708004003687030000000670000500100005470007009000000700129
030901600095080003000000000001000700000203005900000000500000001000000070209005030
800200607000056008700890002083160705000547009004000000300600500400000176000480920
900400280206100040340862900000004000850001079479008102000300020700005008008000000
070109500005070000001030072506020001090605308803000000700950003304000900000000217
060000201010008035053900000000800549594200000638005107001603952006000008925007300
090006071001590000020000000400800026030010000000750090300000050000080030080003000
500000900019062800308000652032804090900600000000000063200000006000000020065200400
090160040080000031010000020100280003005300100036007802050600000000001005301000000
850900637376000900009003080000090050508200370700065204000009060005084092027500140
018004795000090010000000300020030000031076009500829000000000000003987100907000050
100003000060501832300064510019007654732005080046018000201070000004080060070000128
000000021780002900010504700003250000000000000000000106090060050000300080005048000
902006000071000000500000000060053000000890004008461050036500400000007800005010000
400010507502496000080007006605049700090030602000000000140000900000004003207005004
685270040004600710001000050008507000030060000020000000800000000000852000000900000
000000100605300009420100000000900014150060000290541736701830000002000890083000000
268090500500620900003457208024086051301200000890000720080369000009715000100042039
091007000240000300000080001500008700109000004004790050000579000000003000000104000
038000006105076302607080001023108600060230000814600207972000000050720803001560720
108760092000000300073000810089001070031006008750000000500100406000004050004000001
008250600020000007000080059609800070250000000080500100000300000000740021500020360
086700205300060407070020000000054023400300000008070040000010050000090000001030000
430010200005200000002000091804000059070000000900000103710800000508004000000070000
000400000086000030030080000000000300300000059000000800070006000008074010010805070
007002050430560007560007040308004090905000004004005008089100006056089003040006020
007000543000760020280340060800059010130000000000013002041876295005100008768000431
700210090000000000300007010605078200800900605000030070184000000000005180000400920
008601000006090070005807000000006200002008960000000080000052000080000005000000400
002800950000000000000090000000083067000000000000009040203768090000000070860010000
010540906080007010000300504961030045308700060500190020092000050750219030800070090
050010000002003075389457200060000020035070000000000043020090000000700080100620350
000001600007600500000503000004000000500407000000005070000062890001000300008000100
002060350680043020000079000048300090200800005073906400800030109016485200027000040
079450602002970504104060709905600020030009100006000805003800900708090060591306000
000257100600309002000000083000000400000800215000004308007145600360020541050036027
002001684070468005008502709080000040004005093020704800003207460297100000040803000
090200703680001590307009006006312009904000020120000008540006900061003040739804062
017009308058072060900080000000000000003006589080730602896350000035010090000060700
800052610000000000060090400006800240000000065900700800000000180007106900008000004
010009062006001479400030001200417030100006005063800007000900600039060504082050703
036001090000600015000709400052817000000490000060030008000000700740060080000000000
003900205080020010005370409600000090030209057802765034070830026006050000040092000
600042000240001000190706284402070068901680000000204000010000050060020000805010700
700000050860025970500497081056070049080001032370984506605700100900030000200009300
805601040049005000001000070090008007008070300000000000080050000100090000507010409
000489000400701000000600004300257968200096000000310500004003020530002080020048705
000000309800090500009504802090056008108000705765000000000018004604000980900043207
006000000000106520005003000000000050000000060004500009040009173070002905000730206
030200000951030004400009008006007830705002400083041907514003006000400000309800005
200000601000006040000452000052034816093008702000500000034000027120040908008200000
000003000000000030000200400000504080400068000800090040000050090073000560085030000
000480002912005640400920000030760000091053476040010325000690013000032700120507860
059460020647010590182030006021003760890006200506240008000005100004008650060104080
005034007030000000008600000100040000340080001200000003003002600502060900460000700
069000072001070069000460051900130086000040000107080045020593000500718000700620090
483520016005167430700000050072001089300075100140893007004050000000010000200430895
304008000109400070070001050000004000007200009610009084548000000200840007001002800
900617432432000076170000908029078000000000000780000029897001240600524000040709003
405000100000574000803000700230400587000807300000602901060049005582163000947080000
307002009050000010040003050000028000004100000000530408000000000000001075080370064
904028000230070005700590003000837691000060000010450008000900400105240067400786100
000500810400009765000418020600070482175084006280603071851900630002000000706800009
002000060000056000000041900020004673000000000030125040305000006900000000004700000
584071620000302480006540009000000040109004000000800060031020000008600250002009006
040207010720800064301065700000000030007930800093000400002309100908000600100700983
201800639480906000000700450109070306060291500507600092000040901034000700900527003
000600750070403000028900300209705100300008507000060092807500620100000430000100970
006105203900802000008000000600710050107080000800200001004928030200000005000001002
820007004000210607000000000080005069000800700070000000000502900690040000000070100
040001080750000000361000002600002000002400000400600000004070000000000060100025040
009600300203910000000342008060037000000561000730000001080009006050020083007083009
400951020000000001009600800000070000095006008000039200000060000600380102003090064
000002870090867000000000300006014090000530268500000001000600430000900617070003002
208300705003090018700800060320600870046070001070003000032009187904001000107030054
080260394602000000003008200009583600000010940106902080398175026204000175001406800
080050000154230070000080040000001920002570403041890000065003087720405109903720600
160390570000000000009057406000130298980065001413820650051000720040900005007016804
001040507600090240080005093000600300067900014093008020014000970000500000759000002
605000003200910856300500470050000004076204531000050760930005200020439000501800009
600017230001000800020040090050004109000200580019830070067500340408106052592003007
070030000000472030600851402940065007060200000080903060000024000590000300300500710
109280500820003019750600280000000007200050000500001008912840736306000845080000090
001293005060100009000700000000000020000042500400030016053008401000000000000400352
210640090064053010090000064780300021500067039000010786002081040600020078100036052
905081000020005087071200000750004000009570020204639870000060700643000218097810364
000645728645000903208003405000000100329004680000800039902000576000902000431056092
896040002005010090070089035954100000000405020000000000080904013510700640009000007
200090635650040010000050200070060302105300807324000050030000901910500078007006500
500000800000010000000060015090470030050086400000000080020007003000050008310098040
040300000009200100070040963680005090710090200400000500000130029000000000020050001
080170000500908000107502090400000701269017300800400629090080500004000100010700900
006050000700026900059000002901402500085901040402005000097040826000200700260590014
100300000200000000006070084030000000000000005420600709040000070060007840573824060
807010050040000000030000280071500020290000045065800000003460500010095003902378160
000080000401906000600007000054010200000002000090050800062070500000800000500060030
040602050001000620026095008000070090700200081092018007000000010210857360003001000
030000461000035070798046052406013200010000806007600130074061520163000704250400003
009605872000000901000000400023000700050230600000500308742803596605400100300050247
972035008635000027104072050809026315000049762000050000518400006263000000097003500
501000206070000000009207501920005034000100007004000000003029760765031090400056010
100000500500003000700084000004005009850600000600000800900002080000000067000900000
060002807080000003012800640030000084000000010500900300003007200000200001609000070
500000000086000050007040006630009000001480362450020901060150000003090015170804600
106090047050800310087001529000006000000009000000207060872640951500728000000015702
403057012009060830000380500004035906602410075000290048305600200000543009900021050
250000700000002006041038090300009000000040070000000040798120000010060907000000100
006401003000870000307005091902347006650029307700086100295700600803050704071008002
000062800500000300000000260000000420624000000705000109000017003300009718007000000
145027963020690000600100087300069104700080650509700800000038040030400720056000008
143205008060430700007600341000863410704500680086000059000056000000700590605300170
900608002000257040207900080300009400500146000046080090463025910005700630701000208
200703005000950824000208070805004100304601502690000407009430716000060050100089240
000091600007060000004000900020007800070004002000000000000000430068300200000009080
020090801000000740000000005000010200900308100700020580000730000073000600000060310
280000005004000000090218706460000090300000000009406570900000307730000400840060009
027003000800100070040070000712000040004701609960048000400010000300480500050000900
600407009000080040030100608046710952020640300017500864260000005150960400408050096
004000070500004020000500410000090001000043007000000040080000230000930706000080100
200907504040201000070034001090000870800040015600802009080103000762000003035000000
000607132970100084301584007003870020260001870700920040092400060500060209080200450
900800047047300020100700003280107030005908001401563280090271050050080012710005800
900500008048900506000084010000000000000043000734609850005007000000400000073096480
037000500002000807004000002170002308005830100300000020453078000000005081700000050
280100750000600000300040000000009540900500080460010007024031000130007000009020003
000000000000400300005219608000800570500002000000700006000000000140000702850000000
138007502607205800295030040970001004301080079486072000700503000500000007810000300
500200003730000090009000000000003089015000070498072300180700030603000007072500100
000070040000050067100004800420005603000037008670002950209000730010000000004208000
000140960009300004000600530090500001000000003000012090500000000000001070001700308
070000010003810070008206003000000097000503800840702300709600004004980000506030009
000000640034500019000400050180064500000000400067000000010040900000010704002050000
806230051001600030002059876000460009029017004004005700245001000107000205603042190
900245087000108000000000054309560802400007000020900506003000700604752300007300400
000010000100060020000092140060020000290047036400600050000200000000030000020070008
000496000400010237500003060100062000720904050908100026000059310090020604310607005
003018000000090007000000100045700089000520000000000054020000700000076800000982540
000012096100900003680000250000400007960000000032050009000040010490000560070005000
502007400003820007700400820927004358401008009835000004000180502300000006259046103
400013500095482100000050004579000301002100970043590008300001050206040710010200083
000005200005360700600017089000706005300040002050290037200100400084020300000000006
000800000005001036900063820000000309108000050009000000601034080700009000000000090
930400000000070009700200001000100000001700890507008016073020150400000002000040000
240817900500006000007000462035000010000000004070000028000500000020000000050000000
720093418080570693036008002041000086050000000000020730512060849673049250090000060
000018002001243700320075089000020640080004000006590218000709301010056007978102060
410000060800090104096415008000060500000052040050700000040600005607500003000000800
040506010000804060003021049004207001070000300981000070030602000605009408090400005
689720401400069003070540680140605020900200000000407000006002500002000000594306700
000012070001708000005000001000060904000000006850340027003904718902087000000506000
007201008410000000809003004074010950095037081100569000280000010701008000053174802
060000035003070900000001680030090000000400350020000000800000410000005000200034060
000000002047000801302080450820000700005000100010000000000064000000008670704200308
105764098003200074070030020000517469064382100700000002500070943040000000610000200
082503471935174800001060300026085000000640509059031000000800003503410020290300000
740816900061000720000700010357480090420600005609000080190000068006030047500208000
005000803830500701000200050150763080307824190400000070270405019600302040500000207
002000000509000000400150020086400072041020063050000010608310000090008000100070280
000000020000020094100408000010840000650309700000602900000930080000085100700200400
050408730000560040041390000004000905000009000005240103592604007068073000317020408
908700030130000006000000058000007000000000000400300087000003095005000000003200004
000024900000000000000000301005003104204000800000400005070046080000000400049000000
000800120125634807097005000000300000070000200008000376510400703002703510780000060
732901805000050030000703010206430091000268000003019286007690308000082107028000659
000209467706038900002674800020000070000002604460080230208001745574003006619050000
000900031100050080970030004300000900040820060002000000000018046600795000001040097
208060300000850000000309805002000000500200004701930060890020730000700500017008600
730090201000007008069040050500000030900004005003800100050010002000580000000400003
010020803000000007003701006502090000000406002064000000040062000005900000601000009
630047200801050047094018300040060070000000080050489100063000024079020030082601005
010300709000890002000020000000539008208000003050000001100040000000950000005200004
043805610061470050200600037000016900100004780000750261010007500600000000030060100
730002010006007400080060070000080950500030800020105300001078000002003084840020005
073400061561080040000001803290000380006000054004030000630208009708009630010065008
908402600106987020000063809043000095002604010007520040050700082089300007700298053
400000950091800230000005008637051009000706500002900360200080604900007000704312800
510040200008609100609510008901004002860001700070060500406205007290107846100006005
000000600000000200204060000030010000000093120120040930006009010002004803893070000
000200000560430070000087206000071305106002040200094600000016000000000080329040001
200000930500080401000000002002400096090803107001056000050000718800064300020008054
700001004000857136163009705527000003030705618000030572300092860070000059095000000
140080725000060030008052040400008001007000009051000080090800014070041000500009072
003000142040600957750240086000002030502006000000800015064378000925060870070000401
006000000000600400048000060000100070000000000400030002000008723000070040302090058
000000592900030004010000700000900000709318450000050009000003600000000007205700001
000000060800000507216007093900000000001000000080000000000009006000030100002000789
019080604800060500040050000263000718900070230701020900300900100000700080000230069
005000420004007000800201000900400050201000800000500760000000004400005086080104200
300000050000400003005200000080020100730090046509000300970000680050000730000739000
100000000000028000800900430960510270451000608020600541009000000000195000000870000
871290504203540800500871230030060081000018700408000900127350008600100390300004100
081075060709400002300100050008012079000090030070803001840700000600000010007300240
090700060070000800000000007000408025000090000002070004020300608000000000001209003
910008270040003100007150460002000900500000020090800015170000602400600000208730004
500001963000802000407900000106539028305428000000607009063095080050180006040376005
030601092170802400200005600627900310400720000009014006702009063361207509940100000
000400700700031406060700910245070000003096000000040830507000001309000502014027390
092408005000005790300900600000047156400500923000290000000600231200709004060000070
410700009003040000080000004170000952806900400000410608060809005500000000300200067
900065380000700020000801400079000000000000006080070000800007900000600000000058140
080920167076080900923100000050000006000001005000200790340007581600508024000000000
000009030050080070000010600009100050203070008000004020030700580000900413005040260
008030004005006000000501060659008000124000300703402950000600008000020000500009102
000290075000010040057084030706940351002005068305000009500009010000000094040001007
000820000000460020800170065600000000013000000200731000000010000520000006960540080
037019000020400005008000000080040000000826000070901600000000008000000009900000010
000500400008090600020030150200007000034000290500000004000008000900003000067059300
000028009080000400900045080803067945006594300040802000230780194700009032000203060
108070300207003000006401200000030517071009000400000000000050000030107000000008040
063907004082653090107800305200038000008000010000120000821300070905281006630095100
000009040000085910900740500107004830800900060006000170009107004700050090000000721
035600040060040095010095602070534000620708500000069708786000903000003076293870400
002080754069400000704003009000004027000750000520109640070020980003000015010300470
000003425061524809025000000002740080080235040007600500690310750750000010000007690
040000070290015030080900504000004000030008000070000000700500000004080090000040002
010027000800053006000010200702395801095001470000000035170230000000500718500008000
000472000002035000300019040000087690090200050050063020000050038930006500500000010
000012000009080003130079006200000001900000300010000008390000000021000804500060030
050027800900034600060800000000006000007000000020000300006000052000000000205760003
087300000109800063030090070870003429300004000090008000900030001003040900000289735
500210000009000720170000000208093504030000102006000000000109036643502000000304000
064508020000046500000302160050963008008025900000401002200600800000054200800007600
710040860000380000630007009040073200150060008087520600063710050001200300020604080
107065000000007030035802190008009540540000700009453000800096320000000900906034000
003000000800090736250000048740981005198300467530460001087000003920600000005004009
000395060950768020087004090008039000304000802705002000032900081806043050570081043
080075030013804070060102408034956027002308050090021840020000015046500000001203960
004005780087000005500072496050000164000000020020014050802060541070451208105000679
000340296004002815009510703607120000500083070008900001970000000126000030085730162
900320000300000980000008300500000100000090000000030000000019735030604000090700008
000000030000065001605801000000010020000600073000000509310407052000090300000030007
000000004000000900095008003000000057300000040507600000740000008000500406050460010
740000018000801007000040350100004000000500000570100000010007000250010073090000100
090006000370108002040205070010829730507614908000007400000003100760000350053761200
501902006020700000006010000300000010060000000200004005100009008070005400000007100
008030420000200000040000093600400079000098300089000000000302010000005000100060204
009400600000008010241600000904701800076053240380009001000074386608000170010080920
704052003160000080280600794050306002007000800000510037028165079516093428000004006
000053000308000007100200000007000060609010084000030020020300006983000002060000008
039000081200006400001090000008000045005000060960050028072000004316905800090708310
000000000600700000810060000030007021070900004100800000200130007080000002704020003
000604030000100020000030100000062003700400910400900702007000391004301506319076208
607091004001004037204600891548300010072000000010000000000000009103000000000700103
080000706004010300701390245017639024840570609600020070006900057005000002008057000
003295007509761804076400090380540001000006300002870045260000089008600713700980050
060300040040007850050000060001005008098026530007890620085002370306089000014603985
000300104053804600418060002800020000040090200706000008070006800500971020600005700
005800000000000604132406970000004000050003010420560097293000000060030000500607000
000009400500000300000030501052008000008060020001002000000004837000080156800605009
280000094000409020060000100040270005800001000670030009000000008000190006000850900
000030204000508000613000075008760020100000500400000007000007006000050700701003002
807061430453800061000405800060003587004007200000200140002610058080020610000358729
001620007000000130074391000908010605750908001010056894000002040002067908000180203
007000900000040000000000802003072048720500000005006000300000095080009070590030001
530029807170053000294810653000305982003900700820060305900078100080030090000004070
000806700800073000030000000000300190000910560071052004019005300000000045406030900
520008749000007020040000000007002008200000430098000060004286001002179000071003600
320800470000030000008470530000090720200000104000725300032000000070200600000950280
030070000012000000050080030160000725000000000000750800000009304403500006600000000
400300012021000935003100006000000820000200009000600107000900000009720003000060090
020100006000089170007300009700000020500000000060910000256890740080740500304562000
087039000540000930000604810739025160610900504050001009461300290003090001920100780
002150074430800051000473028000700800000530400000000035000005009000987210908000500
400708300500000089070020641000000000903000010000830000390040070000100030700903064
003000000200490000004371006020000070090500000005000600030010040000050100162000007
067000000100004000500980000740000001013000000206319000620090010070420000090008602
000000090005600000600700050000090430000006009007010000974000500060970103000000900
060700000070025130005003097007030000308490500000200001600000823030060700700080009
217548036936712000005039010070000100058001400009070008020386791000197024700400000
104680000003000680000000001630020009900050000002009350000000000000004500059003104
300090147071030692020701000000307009837000204005012703000020008084000921010800306
080300000000000800004610000017000200608000000490060103000070000030000000060053020
040000000367040080908000000050090800830407000190038740000006091075004038000002007
003100006040000910000000025000007000000010584090805700050000009060000173301000008
000000050800009400590040083040300090000006000068050237001008040000002000000495002
000053700005000286079062005600000407000000850003000000050200030291080500300000000
004070080002000640030560000060000001000005800000000000007401900501000070900000000
000000060208630000300009012006007105840001609021300040000973001003810050080000007
800260007002040038000000020007000010630120500000000000504000060300082100086000090
200560140000000000005000080600000000007000000800006407000005070900403000500670310
000094000000000007000000000000500070070400300153700840890003400307000008000000703
000050006080247050093000000200000000871320600005000324600078002708000009300060408
000020400007003000400068000005094000700502004043076002000030000002089000004650301
020100000000600020600542070060075009000900008000800000205704090006058140001300080
900002080001000590040000102000000300090206008180309250208000000000000000000801000
080100034002000078346090010000800000860570000597402080200641800600983520908200000
408090000000100000001000005000060000500200060003000000250010000984052010000000257
040300000009000302003900000006200007052003090001000054308406700000030469904700803
004126003002000000000009602019365000008091000306007120000800200920003400840002300
400900000000473080000002400090006000000295000010000050000020000000004090609000548
305700800700090325090000016400500689000000000000400070007060943900000108060000200
800607540700009010904010000507400000010200000009080000200750000400000862100802750
200049000001008000687500004072430609006087400000600270009806027000904860000370905
050706920932150008007230010000073090020000060300020841263500784000840030008002109
876043000095007014401020008050830000000000020900075000000062000000004276620318005
098050043070041000000980200300000000000060000000010060400200000020005006000000802
780060503320000010004500080002840065000100000560003000000000308206380040090004052
006003000703002100900000034000370000000008000008000050400539012800407000009021470
130400080000090300090107000510003062600010470743080009000000000900004028000000034
100030546830065107000901020457000268080004000913002070040893000398000700605007000
000072400001085000273104086000408035804500912035019004008001009600800020107006000
147092800503400000269830007000306000871004065030710000000000270720500130018247006
800020350000504000450170060500041800004000905678090001006003147041060503305410680
050800000000051008830060009502000006070002400340008020000106000100000007000003060
070100580060800000852300609230000000000060305980000000003709008028030000091080400
900006000706001002001090080007230000000040817000007005600000290000020600000004000
000700000427080060035009000200005401300090800004000600069010000003950010000078050
000005020000800000306000000000728936639100000780600540000086310960530472503047060
014800059935007000080300140600005000003004700401086200100008003807023000300500470
050000080030007000978165000009018000580306702004092008095001070603000059200800030
532000670009030410400970530306001700180090300000000180803109267207358901041002000
300900002000004008024800000508679020002008006700042581253781960040003810001496200
014709035809536420000100007000900000790650014562408009900060748087090000600000003
713000085009084170040000260001090000500100802002050000000610028096000047250043006
006409000530010000009307102080004730010800040004070600200005300360020000070600209
720000649005000278400800105030045706076038000001679382094000023200490000607052000
000087000004000050016000000400000802000009000051000900105800000040000305760003000
000063004020000000000000009209306700000100308000704092060000920040002680090610000
638004007750000492094701000060005071173000004005073900007010209000080040080000010
451093708782010090030700005506000800010000002320041009060037004000084000008100030
009000000806000003200000905010460000092000006400502030900100000070000008000000002
020000360045631280000009050060000000007002004080703010004070100000000900000400006
400286009002530000090700000500103600200008103030004008000002015908005400003400090
030017000071208054280050016050800040002000067090700120007180230900004001000900005
000700056010000982000000710030000201270005600000070030000000820000000100000000500
105032900008054000000006054012000800800000307070049520207093408080000690030000075
000078265900000031260013087852000309000300800300000004090080000708504100006130700
700010803010008500038000090000300068000107030009002000000400009000003050093000040
002700000000021000078060102010096003040078659000430010905600700720000364000000905
000405001200031000009060000000004860040009007800250104001090006005002903030570410
030004985000000040040900000000000100020500700060000000009060400050000016000400800
510709000970842051004000000608900700001274000007500000709000503000000080802001070
004250010619007532032000070000008000050306401400725900700009106006872000305604728
300000090001900000040027061038004002060700018700030050000800100800410500010009780
000000350000400609068530047000374900403190205890620000000780006059040871180900420
005000000038000900000000405003080000501067842000009000200006000084005000060008000
490000510000400030700501000840000600203615809650004003900006104104072000300148020
006340900005091060000000050000058009910207080008010072500030006000070000009000301
519070000830100407400008500006530001000010000900860003000000628020003174074006000
000000600090020100100000000260300000070501260509006070056400900020003006001065007
085000000276043890403090006000000000052614300839000004308050000620038950507201430
602480050843050162570002083096200040100345006000900010300001004000800537084507600
000807062004005000070040100502000000000000090093000000480002509900000000020050784
000041008400607200067200510100075300030012000700300000010000006090000000000000000
900000070007956300021000000450630207200405001010087400180709003004003128536020740
000060010002007365650210080380526090914030026000001000000009053008000009000050600
030000000759000030000000900003700060400000089260000000098407000007200095320050000
480000070700300900009000048040200017000000630008004005000000000290480060000500009
000030084307100000041000000413000007506001092008607001000008006204000003009000420
000001009000006708900005210010200004000710000000059000000000006000090040000000301
029781005600230801800405000003008010000100050016540208004300080987604032032807064
009002604100060080076500000600000800008601040940380016000716008761040530800000000
002000001005090006197286403423000760950000004076300010004935187500807042008062005
000000845693500100584702006000270600068000090209308014030000269047006300906805071
096010402381200009005960010570380104042090083030020590050600800800002900000048270
010000005590000008026000000000526040040800000000000801000147200400000906000000070
008030002050040000009200008620758004080010060004002857001027000200004001840003000
003000492040036075015400003400000207020390080800201009500902034000000700004085000
250089060000520108809030072920801007730200000080304009000000684000700901100048035
700925308002000706300060900030000090070000805200050004580000100027090003060172500
010523080000609000300000000070090000030000090008000200003000008800300700200068000
203910840160408032004320000016090250008002003020631789030060020097200005000050000
507800200642070308900406000800054000030208547005300002204017830701600000360000079
701048009040000012605000004050010400210080070006007001060570043000800027070130090
070000800001600009000000400000800700000000000060400510000004000607093045000700030
243100008000002000010580203000000070801700920300200800030000586500300090000000000
002078056006102078378400002015230047000005200009000010000000900020083060900704521
300760090000000000000001080700000008815000069046000007000100030081006900070490010
653000270084000600000030140000000000500000000902400007009050000415200090000093000
006090200590320060300106085000602040002800000804700000000480000000000000000203000
008027000060930105304000076000050600600703510001800030700045061810009000030100092
500070420000000030000100006000905603000000842607000150008021907000030215251090300
000638004005000600830010020040090007000000300700046005000400000009062003054070000
300849700000002003007513080000020318070100040003490000006001830038000001000084690
000000900600700000500000107000005600800000504450810003000200000000064872000003001
000000010000001302000000000004960003006008000003000900020003507407200830000000061
840520009970400060250000008600000940004000201027030000760000000010300600038602000
006918020205074180810000000000000001000005400020046800000400000008260900000050032
000030080000000013000070294000390051039010408070480029490003070000000946700004030
001706000040520700000003021090204060000060000600000000400050300730000650500378009
300000960040073020582000300200000703730010689008007210003050490070201800000704030
500010604000002850000005700700950000600108070010000905000500098030001000006080207
937000050004800000520739401006503000370940608000600030000050049000008005750094000
002008051000092000600107004000040002300000540000230010090071005254003070001004309
609005040071403020348006100004600008007340000100070400200167084085000007016000392
935000010472100000000090000009470085050002000710005000007659030000700500000000078
040005000607400509005307040183000060060000090000000300300000902209106000058029603
900040072000009400040210890008073901290000000070102568009500040027060085805700019
007000500043000790080060014310620470500400031090810000001030065009100200002050000
300000000000000000295014078830700009007900000009000500750000400080070000000000700
020900000030000900040700560000085000085000000000007008100003000003800140050090007
061300870007600090439000506005004600204700000600100040180000020050000008000010900
000000000002581000000600000008000020000008073709200810400800090000005000006903000
910000450000000970000900800080030009000709008700008500270090080009080000308007100
000000350100500007359600100603080500008015600501006420206009730005862914010307280
207500640000000000053000072426900150000000004300060007041000000800005000070090000
034059021500000064000060750005000000092006000010405080000000000100000500050213047
260750418810000975579000062450800000020000000000006000100308007090405030008072000
007200008050060007068390051500070013004010000000000000100800700000006009730000000
000010080000802400020904000604030502003025860102000000200000700375001000409050100
490360000038200149700000000000030000000004098204090705000450006000703050502019087
349057010072060043608900005030100000000090100051080039106340000705010300480570020
630290100800000900009800463905006700400000306003070098016000870340089000790060200
057640000300090060020008079000263900000070326002810000000006000000000000003000040
000010200000005176000020385962008510001060430040150029105670003270093850004000000
000800065500007000832506001080005000006070009903000000300050020000000040605700890
050020090610005000002091500004060005000002903020000000000004000040000700000010000
050100300003050000081000270807000453000008061619400782090540800000800600000003520
700800000002050060000029000004106080067000340000340000000094030073200500009607000
659100487708000300030084090000000000063240758200000600007060900500300074090000800
030000000000000580000601007000780001040900050000006000309057800600009205000000190
530170900000000010000894002000410000003000009019003567000005091961008005025061030
500940020604000501082100000000030852940200100820001900008000000000300200000097480
000070000719380000806500090075801000020090006681240709000008000092600083040002000
000000300000300070000006008000060003200980000080501762030000000006005010000000030
100204900004085073000000006526000000003000000798410002001000300050000014000040805
029365701630700094178209356000920540090504800000070902907050608000097000040000170
000000907590001000048000300405000032070000045302005790850700000000000000000104509
001000009020009061000041057730000512102738000060102300090000023005270000270006140
008006000503084109001530000894160073050000000072000001419653782280401500600200010
005000364030108079000600010900406102000500000500900000041270006007069000000000507
080409107904706000000085004235001780000008305070502000000007030000054001790800040
040039000307100000001020000078000009012000000050800204000002600029603481030008025
156200000043560207700000060000003050000129000000000100400000002061904080038010000
680930200000608050903004000000002065028056000005009028019003006432007000000500032
000400000003000680000008003004002006025003000006000020050380700008014250700000000
100004080800007002324000706200490860658701094000000100000002003410359000530806201
000470000000509046074001000000710900410390000093065100001003460009042810200007503
000640580004000103900307426040800000003061900006200358090573260500000804000400030
040080020650004000000020400000500890500090060000100375000050003270300000300016000
902408036004060000030005080800000005020000003370650940090801302710306094003500817
000015860862000700705062040608453120000100690007600000504081036000030574036500081
010000839007003100000204500000000000900800071240000000000000004000071056000000200
021750000630000000007036010060000020700009034000287000004095060010000080008010200
400007800060204000030600002500700000000108600000460007051000700200070100080500009
890603007017589000006000085000807090000400700008200034503000879041908000700300000
487030910020690748000804050604000129005912407091006500000000200758103000300400875
200930104030000650000000009001000030590000000000021900009000020070000800000689003
000105870678340001020078903003051602001200090000790154000000000004562030502837010
009001006000204700420090010000042070000000600005010000000520107807406090900178400
006400070000100000001600054020305000678900010050060000000700002007296400060500007
001900000000006000500000090390245006050100907080300000009600070610000209700090100
000000300307040890009327000586002700004000020030010060693201485050693000201400030
020459037059371002300000040000000000094200050000068070005040060040600500630080010
007000080000000000004080050070500306006007400945000700001205000400138500702940001
000000007267350000900000000000000000600083700400520000093207050024865010506030200
000040000700000600000001400309800200600000970412000000060009000007000000040000860
601070000900800700000200600095010407162708359408005006219080000500000064000057001
400090080000000004000500071806005000040000005000040060300000016000076800000083000
000276100401080000070000080009608427806027003700903600000000000000000000060000000
807600301000700904400000078300002700978060510051000043043007800600040127710900430
020000000040370500000209810460000200005040300397120000182760000604000008900810007
907050003560100000800700456310800960200960500009000007000078209003049000090615008
000000943010094000030000000609000024000060005100400008000000500803000010070000000
200800007609004000005130900007600800008000090001080702000000009000000400000921080
900000410670000095180002060005900840000000520000020039720080004030050072000070600
093170452405080060010200809070060000040850000089001000000307040160520003000604280
009000000500018000208009060000703050063405000005192000930000000004000500650000319
010074850000006031000000090701040605804200070206703000609102047400000510020007060
000010000754020010380500009030001450465000180070654003900070560807005931026100800
730040600000620000060000000070000000000000001105290000090000000080100000304902870
000000016301270400005006700000000830800760902900300000000050197100020003000907080
050020076000001809000670100003000000000789630078000010000004000010800790085397061
090500600106900080000000740300700000900000400000630000700003900049870000203060500
000000005000000000004000029200000007700009060010005902000930210000004703070000056
006300400000040760000000083200480000000060804400015000600000001004000500100650040
425018000000000000008306520007000005500030000002091008004050000250103000180700050
700240080850601302400000000105006000982015030306000017004000000600920800008060420
000000500020000314065300920000008000901000040500000089050060091007400002090025700
000060010700950406008073200150000738900380000000215000010600004087500000006000000
000000005007010004000005109179438006830500090020900308008000000051000000046000000
900000870600007402080209060850704000400003000009050000200090000190005000503000000
200003500007008460180406000050934000300080206070200943708000024423800005006002800
030000420002073851100000000900000002008007100000300005301082004800000003400005060
000000500000030000500000080804362100300007805070000000612008000080000601400000000
053162070704380061001470083070200010000047032082900000000623197000700058007054006
650104700000080000007060000000000060701000000962005007173000040000010890000000000
000001060000203705000000000020007000070000501903012000000000000100005084007040190
300805000006032000100600000080026500000000000070008090000060709092080640610200000
000073000000100009000200507000600005607008001050400070000000800030000050000801900
100004700020000000400007039040700513070100040000400000000042097097500200260073000
000049200000700000403000850600000900902067030030291008700932000086504020309000745
090185000800203000623000081002670100500000970769000208004020090000004800058000017
000013080370000400250600300710000000602100030003000000905461000037009164100300002
030000008800060405004001609309250060100000502075000000090030080003020096702600000
000120370306508041200030905413976850700080010002340000037000020004713600608052100
908030501000100008000800306300200049000000802500000000000090000670000000805076003
045700183000008509080004060610035000029600050000400006036089470598207031000063000
009261005735080601021000840000947200200030490400008050073010562002700004100650903
000037000307020010200000400000300000008600000000090040006000000502086004013002060
000003000030104002100080000064000380803006270710039400300000020000360145001007030
000059000000000095590000600020001000013000000400790000278003950034000070000020000
370040002014050807000000091000000200800004009001000003103500670000431925009000304
000060500001438000002090400030010900895004601107005342080273060010000207020100004
800001060000487001000009080030004812004002300002000070500900708406008150000003006
305104708140670009007359204014200900709001826000000051426000190000010002050402380
650030870024008001700000030047000020000021000203000906000500010070016340060840000
080000000902060050060500300073001480500300061090845000300020048620000073000003200
806070002009400060300058107007000458005700000032000601561397080240000700790002500
310800000000010008890420060709602000501000000030080000908200031153008040200003000
940000200003040701001280000000000100025300000074000000530860417017000009060000030
090000010250301409700040265300190000907050000580032000000700004040013807000065000
917800030000300179000019005300090000000000900090150020074900050000000891180000746
000010040105200003024007109000070501700050400002000090050008900008700200000500304
005000760006000000001600008000090680000800040060000120000010036027300405003904200
470296815000810700000030006000000070050000080060003020096100002234068057000340960
620907010000300097080000000900870000070000000304000001006000300005098000010532908
060510008000000405000009036504090600672040091819700500796203080100060350000400000
250069084000001060000784500510002476706100932090476058080205600025000007003007095
000002300030010500050090018300409050000800237500237069070000005006120000000000080
962701000000000000571400069080200900000805006020179584204010700100007430800020001
904506073003900061060030900010603000009200030008000005180009452007000000000060090
095004070000000000008069000050100600020670059086095004034700960000000710217006030
063090007420060010005000000500007800740200050080605070200850000008100300000000000
000000003900401080008006010000010300300000040004000000090800005653002070800650000
046908032020400509095013670009021068102846000000005007050000700903072040267584000
006480000279600000000007500040070000000000098700000000007045080080060000000390000
024050036639400710500963428148000692006000073000009800003240000462008009701005000
007091024450000000001450870000900700000813240020000038000000000100200000000009052
809300041032000608070090300010809500256100800000502134020003000701000003300900006
605810002000203000070000000150000090080320000900000800047005000060002000030000400
006800190000000056100000873060003001000040038008700000000204600040000300000070009
307000060094600020865030094000000000050791648000500070080070010006802000000140080
000000000000050008040680000650000400080020000204905000900000000160340000400000001
700000000052804607800000009000060700000007943007049000271005006490080100000271090
000000008600200001002000000500000419001602083300090000260570130000000600410900807
360004051510936700047051936620809000000507302005300009006003008080020090030000000
002015090000027100061000204000200760617350940009106583000980417008041030100003009
700300050209000000100060002070200000008100040003700080000003074460008503300000920
007010002801000400000075980004090000706840000209507804405200063928006045603000098
400003016030510482001400000090071200205300670000200009000900007902000005070805004
000003590069470308000000040030050460958000270000732900000098000040100039003000012
007043901100700040340000780030017400010006000604500000563000204000305190801270065
010004286040800000068000500000030817020187940001400362095203600007010000400708009
100506020050040000400000600098054102000000890201970405007000240600107580005402013
003601058641582300082003060004200730090067400000000809706400000009000542000009070
100265093526004078493081526001000000005640030200000080002006300040070002317508640
207001000006027000001000027074080690965704180800090704600009010100008409049003068
006002000000600200205000061000001007100000000900060000000105794700000000021040000
007000102002900030600500807900006001020700000000400020400100780003000060700049000
845200713002000850001508026050000001008010075010750402000005209003000067090070030
300067840027540031450039762930000004060001093041000000000004000570810009180000057
800000000030086000050002600040000800000031092007000000009800300085020907010000508
300000200200500006086900000609350000105080020400096000500008900003070060802000007
000000840708090000001840000000970500000400008000502000080020000007000020526000089
000700000072100030000003000539400800001000000047012300004207000103609070700500090
085000027000003800702108604506000000210004739073081000000840000607302540804609003
080040009000008000000020837540000098021000000000070206200360080000051060396000000
000006020060002907025908000000200001070004003200817609400063000000009530500700008
010060037002980040540023010100008000480000021005172980000000300000807400600035100
600040280009280050003051000000370100070100000000904070532000000800002416016090000
090060200010000539470359000000005000704900002903182405037008000000010003000000908
009000000730001098402050003104000000000419850000000049000007030000320015200090687
010300000420001000900042010700000890056080700002070056600003084030008605080567000
009000000003500090000000000900003000310405920084209060600004073090730010000050480
310060000750031062600975100406008000087310900100649057835100090060400305074080020
308007000000800007270010080003000000700000400000309020610503000000000000035000601
002010000010000000850970000005000092091000006007090030000123005008000001020000900
920031080000580009587000030153090260000400001402103807375840612009200000216370000
103080000000000100020000504000010050030208000061053070850007040679341000014020600
500030801100000603000017240000000060000106580000070000040000700290000000600005000
000100030035040800801503090000300000189700000600000000000230014000800000002491000
090200508002080000805009200053067020000000006070190354080000000200050610706020400
706900001304867020000043600000430796800000010960000304401086900000700100070210003
104060300700800000030004600900000004580000020000970060201600080050340902000001006
005064000000000300009030000000050003000690070807040006000010000008000000410908000
340125007000967000970080005400030002020096050580700000017849520030070089000250701
408306019073100082500020637706039040010687050000000008000040390009000070000960025
001700030050030800009028000080040760000200005000000002090000000200075000006003000
301400000005000080648009000000040109192000000560000800403002790010034065200100008
060035000200000000000000904700000045041008000006400007000904008000503070803000000
040000020003000000700000003006721300172040000300060000407056000209000005005000417
800000070030009000000400003005706004107004500040092706000000107070300905659040028
020030000938070000000000890007100000092053000800007010000080504009005000040000000
071300200000917000300008009009000004700002008400000007007000002000000000290003005
070600000000789630000000700010004060600003000000000103000800000200300000136490000
890450007070028000345760809510000200230140000080392500000000000061080935050614000
601729000070380600430010900007031005200078003100050807510207380000040700000090510
001040003603100040000002000060805090940000000100204600705001900000570000000000005
007003096910250800000010000300000000008000005605028001030000004870030600062000300
815060090000501627620009810040090100078620050003000246761040009580100032400958000
604000001930100060580407002060009508050000000100045607000000000810000200006000000
003094701069000500001835000010078690690040830837900210050060370370000006006003900
000100020000205000005970008070001206000002970030000180000010000208690700000500309
000005076002700000600004280009400700040002960057600800026349018000000600810060400
005000000070090360308400290040000030000536807536840000000700053000903080000000000
000607000000920000030500000190070263050000104200100007400050006705300400000490000
071008930902005004000200000015007629620000700000000305000000006006302007107000000
070000001502810090010000000135700940029100876760409013600000400000600020007350068
013090007920060053007350298089027040276503819030000700802475001090080500000030080
040615000000932870009004160000070003030000000710060020000000039000000010060000207
067408203480900010023000000040500102000760058098321400201045380809010560000890701
403600000080007000206010000000030600000700090007951000700000010900000040830400000
002540098000890000003600100500007060030260001620100003045900037100030020000405000
019305802008149530035028910600002003390067280100000750043000100000050008006291300
300090080000600012010800000508000004000000600000710000807900000102508300090020700
030067500080205030000000000040600800003978205090000360370580012050124673010730058
000980001000402030042000090614050080070000000080000300000030709360597020950200103
000020006000000000090800500700000060900002140514903007000006000160008072000274001
005013040100060000000025000030402005942071003700006000069007080000000002500000406
000000057800200400400005000020301000080020300000006902000000000700000000002054089
007060000000000604000000030000000410010006053753001000300120040271004005000000071
007210050002590070035704000013400000060000040004826500059087310020045807000032490
100032548602008907400090000003005100200003000040219000021086090000000001900321006
080000004216070000000980600308690725500000006090020000130000050002000900000100200
851060293020518406700039000019604000000002109207005648300020800100800704600040012
000000500046000008000102000000059080000710000700230495000023000832600007050901030
200093700000080090300700002400000500005800030039001800000608009000000005900005000
210003000000000000000845602000251700600000100500060043030002000100300000852010400
090513400000720096070000050010287960000600504300005020000802605500401280980356107
060030900000040300070102406038000004740003169090000803080460705010300200300900000
050090307194000850307200190010037000000000700000080415000000603900000008000840000
000820010010000800020600050070100008500006090000008206900302740000000080041000000
000000267000000040000000398500000000210080900370000400000408709900600000030000100
480900007000000000000703000000800735030000068968500000090005210500010804213490000
040850207890007030002000500000012306900080002021936000009078461604590000200640053
023040600000020509045600300030050800050801900160000700000400070571286003300070086
716008592200700843040000017902087004450002000100000000000679000800000076009000405
000820060050490001012005093605038200003010000201654900100000000090082176020106049
000435080060007450030000072000300040000070300003680000600502804000006501210843760
003000000000200030071853400030000064090000027016030000000060201100080059900124800
600002000090806502050000706000010000910087005004630100020000070000060001360001490
004003070000410200030000084420009507010042000090700000701006359000000000050004002
010087406000009007000500100000160980060000040200075610056038000400600000000724061
009070030000430280000082000180547096906208740070003010090050467000004920000020158
970200000000000000050008601340000000600001000000627004700030008000700000002080000
180056000040030198003891600010040000070080900000025081031060000407010800800004000
100803020900005706250016093000130000300008004500060037013500002400602300026001009
010000000000307100000005000000900007087400900200000000050600040000014002071520003
630000910070590006000004000000002150710000020000005000050100000169000000000000090
000008000008210000210005008000500980001000006800000450004070502000304000070100030
900000065040306900365000200500009120127000000090100000010405003603000402400600019
090000200070024000040000017700000090006700100031062000000006705060070401000001900
000060200900074005506000070000000098075600000069100003008906001090031587000007026
980000000500020009300000005000000070200300900000000012800000000000200608725000090
701809000080060000000000090017090000520038740000170000000001800105082000000006000
580000093963085014004000000300710006096000007007600538020040000605128079040036001
720653098005000007040000056400009170290370060307405000500906020000000705102530600
000006040009300000003018760080003001200700600060100807030807000700005304096031000
007000090045000060601000700500000302003050409000000850050009201370100005010000037
004019700918000000067000090005040900040900507280500304730294080000007040000000000
610400300008930106000602780501200008090561072200890005124700500300004007700000241
050300090600090750091700000000209005036000209970600804020060403304021507765080020
900005608260079300004002701305006400002000800700580000006700200823691500057300016
091000000600010400000000000000000800300980000900060700060237080000100060000056302
830000070100000000050007008080000009003400620700910000371090062040301080598200000
080060320560243910240009050006000001708000400004018030600430000000802060002671040
090000802100970000436010970860207530054080007007030681600129700009050408073068009
906000700004180000080609000040010206260508071300060004000000400073094100002851600
000602000507840900090705430004008001001037280029006370080000703965370802003284600
281794005500028049900650100070900510015247003060000070003000096728069000000310000
000804000804071900001002600089406000150080040006007000040610000700940160613005408
006000040000108960000060500003200000490030200000009000000010090049700000300000000
000000700000090000200000030000900028709000006000000907900200180081000200002000060
200001000000000240080020010302089005009067004000402000508740030400200000023950067
096023500280700009004906030000060000308100000609000470000600900030080000000000000
603000000010000005000081340000205000000316000254800003000090000009000087400708000
900003000600200000000004008090000820020000060704802090012007086009008002080300570
008020190200000080100000206092178654080060029605039700810040900407000000906301400
800050402240081975007420008000395020005002786000008009000000000000006200000004000
000250000030001802020007160002000490000100030000004000007000280008573010001000375
302080709000079103970010006000008000700000268000950031500190000000830000200000900
580400000000000590037000020000040030060507000004030700000064300000900000020003000
104206000026008000300000000000090000001820900903051000002109670009060000075000009
290006401000200030000000700000801260002300008001000000600413007003020906028000000
000007851002080340180009007029000413057140206040000000000000084076010030400002765
000300000040018700007050020009020307002007005003095240000000813038760000004000000
000200690169050070200100500000908100008300050000745200092530000000000000530004000
600001492000006037000004685870003954000009870004060320203000700569187240000030000
000030000400080701568000000000000007800507000750000900200000000000806000000000139
000200600000000430000035017107000000809002000000100094000700903000000500004021008
040956130059000700000207690010802940208060050960510000020700000490005012036128079
096000000080005063000900810000500080709000020030420590070000000200700040004100009
478021009125039074900800500043710000090300008010200006300000960009080157051962480
005938100000560030030142567003400000120070000000020000610850290008000000400000053
000000243400006700009240086080001400000000030900800560068005004095000000004608900
900000063045600900836790204379200086008937020000800007603002548001008630004300700
002070000019020000360001082906005000740960200250784936093852070020000100600039820
000241080000605000002037065009400030204018006010900500000000003405023000000080000
900000000000710030000000400008005017701023940090000203030051708156200304070004061
038290070500604008076830092000589700024063000080007000207040810000750600043008200
300006004200078000000359100560000907090560020002700000037605010040937256625841370
420090000070000245300005790010570089800003000050000020090050060600000000530060910
230700000090800010000001700000680000500100640600000000007908000050307980000050300
000900600000080900400000000040000200617235090002000000000002309000000020051000000
019600004000009000800730020000201090021096000080050201000000908000000060190000472
600053007020006030305200008450001006080534010100800040800010000091000084062048000
602004781780200049049000602070000000260800005930517200423000516010040807807050000
750639080000084005800072900008200359000000000500000700980740500005000007401025698
061529300830004090000000600706050900290067400100000800008706100604000008009283060
700000001460000000009010308100002400906037200000004010302500100000028000090000000
002703000007600000000000007000942700209010600000500200000108000070000800820005004
650000010030500000240000068010640000703050080000000000070900000000020731482000000
090340000807609043004070006780200000000400890001000052500080000070502400040000035
000000903000003060003600500500000070000000054000004000060840200020000000000327005
459010000003900080000020000005090000900000000000000000000089000001070530062050001
823000005940060023000302940000410090004000062007036104030000200200800010710020030
824100050970000002065428910000600523100005070002700000040010080000047030003800794
057000000608009704000400000000800000000056300000000060500000409970000010000940605
600007102100095047040000005000008000020300000908021006000004000010003589060000000
005000000900000005018000000000400500003000000007260003801000000500630700000870002
400005000000030009090600420040009516009001000000003000906000002000006140000320005
000043000430260008050108000370052000800600000000081300008300000100000000000000000
000500000000070904708901520000300062035026000200400300000060130903200846080003275
000002000000000000930004000561290030000500070200480000000000580008700000000008207
061705000003016000000430002009000003075190008000057000937000800500073140010008000
900170500087300000005900000090040000014500090506000410470090028000800000821000950
100040000040200013000071008017000009054900000300018500030080000020000040000500076
800005000004000070000030018000091000007000094400280000000706050700000041009040000
000900310100800040079000050000000000900031000000000090005070008001500070004108060
007000000010005000000000000930056042000000000600401008001507006400013059009204000
103080460009020001000703098000200000000005006905000200031908627700300080490002010
000070920000004001700020084000019000109000003020000010000500400000102000058400090
693200407080300015012000306200900003069030000350800000000680030000000020035702640
008709000006040180304080060003010000749000000061490500000108020090370850000900000
900700000006000019040000000020570000000000057050000020000000790501900030000320080
000000470000000500000000000018200000020005000730168904240500080306800007000007300
398400257000000164014000038140600005000080003985000006701058300052934600439007502
740608590030427006001000020005003482307000001020106079003009008280000900070062130
900000000260000030000060009005007690000000000000580007002905070509003046008000010
000000000167004000000390700009000000516000000340007005800009200900270000000000000
009068704085702001020913586051027400000430008000000002900300000768000010010006040
130000020900020000000100009601800050000000006070010290410260500000431960090080100
070050100000047000000100000803000790100300250002009000000000010010030060060000080
408006900509470000006529004800600049650942700002800000001395402000701590000284007
000007460600000075700000020400900000300804900107560000003040000000018790001739604
000032000030000000080500034050943000903208057008701300800190620326870401104000078
100030072090000500700510000000001000014900000039000000080005006000000300400700000
000000000000060004002030596007000000200000079065400302000003000000054000020080900
004109008070504160169078000403000000900800010057400000005300602091000740000005091
010003000804120307500600900006200000000090032021040690090300000645000200002000800
340062180000053900200070400020010064000000079000290000003021540102000600450000710
920004300038001670000030200000470080003000010802090700600300820040209100009600030
460002000170060205005901468752090080080250090090480052010345907900608000503009800
800600430600534700540027016054008692000140870300206000400000100910403207726001300
000004000005938006746502009290080000803740020050029680670001302010093008900867154
000003100503108700000000000000005000085000030921030000010009050050800200200004000
000560090060070038070381000604000810000036025050098043310045902900003570540829061
629800007010530260500020080783900000000080090050061000190340705008000000000196400
400080000100060070000001000670108000000900000000035000200000007000040900390007002
060000000000050000000900005070820300000000600002003004020190006846200010009068500
020600007089245013360800040605038400890000150207156038150300000078020000906000520
105900024790000081020050090672400000000000800040000206951000008860509030207040150
000300000390004500800500020000000000000080065100230090025040681608000034900618002
080000000000802003305060020003006200004083069006200038060400080040020005208050407
000000000060207390007500006680724009000060007000900000005006020040090000012080064
000620007479038650000000080300000005286700309004000068560003820800060904040010000
070000450600008070400001009003200967125697800960003000080100000014000080000836000
000000870480000509906000013005000006100620007600050400214036000000007100009001005
800002000100500006000040805030080920000000503002305000420003008080004000009057402
250008000307502800891070040000000103000000000000000408602085030910706004040130027
050010206003004081100000500000001005046090000231056000002700100310002000075109604
400090000360004100501000000030648000800750000000031600020010300000309020000006500
000071000064000000007000300600000000080690040040100070020000000490000001700009005
009030000870261000200090780300000000000000230000302001702059000008026015190000000
000030000847620050300004002009150347034000205020000000908010034400000620162300700
500000906210079004706458023001930568000800240600100700905000317040013005007596080
090000008600003002010608000201870350300000004000000000000037000030020086000106000
030600790200030006658297030546082003301500000082301645800700514000009320000005000
100090400920435700045710096089000001001879620000541809604107900800060100010002064
000028050240000003007690248080060030009042001432850070805000094010000005300000000
030050140400090507805000023900270600006030700000000004000580001000000000014000865
100025008004006000350748006030960000906050000200000900040010830820000000001830674
500000300280631000000905020001000000605000000900000000309000600000164005000000002
080400000094000800005018000407050006000060074000000000800200030003100009960004000
004000500600200000000400070000500090070000004000040107003167005000094006000000009
500781040001000500000059801020007604000000000150804023360900400400630005705100000
400025000090048020000130800740012060600500000020803005504007003070000650000000700
200098300010000024000407000586300010000000200000010008890034000001000030000201000
700080000000700000030002090300000100950006002000910063540000070009000200800000900
040002006902071830760083005006010359305026100080035267618009000000200080007060403
003080010007300000020701000300156094704030001060009382100003000430000009000000038
473500000100040000000010340020003000700400062000002070300054009000029600000030054
009070150807010900001090000046250380000000000083000520000900070000703800000100005
060004290080000150900560078150070620090050307070096000810040002000005081020017934
179040300000090540050380000000005813380960000000013007007600204965204178400008050
607000000004180007050600900041000090000037050000010020000090040060400080005000009
006780040940000007087009000000900000000274050159060072600800500708000000000090000
900460001301000400462071008010000003084603700623000500190006007007195800040230095
005409020089070010070135009600000200000010403000020107304062501000001000750300680
900060000008200000307800102070000060620004000100026700000430501000052076050007380
045000002000400301003087500801000000562040107390008000036891020080072040257000010
080000000000000000090000026010050240300001000500030000000000630800420009001600400
004000000109800000030605197506012004040069710000004509400000200010200406000000900
700000500002050016000000023400960308380700090020000070006025007003007060000009030
000900040040000000097486050930040800400008030560001000719064000020830007000070006
000006080820005703037008001002017006060820070700000000000000000040003009070960000
000000060700000000600030005000970000930060000000000003300280000000094000049300026
800600000060300027030008060400005000000934002512007000000013208000000300300580000
080206401200000789400700060006132040048067023000980506600005814014070352052001000
046700908000092040829000010200400560060203094408056002002048050001900486084005279
819000700053400089200080060987000240000798000060042807100050002092000000540270010
318000000002004000940081700706008000009100076003705809097000020800210007060000300
005090630001086000060024710387600040506019070000738265000200090739800020402070000
000609800004200000020010004000000005002700000000963000039000640600000000010000009
700060005080000600000035000004318502070094130030702004200140800010000200057900000
000200500000700010000000000902100000307000000150060209020001070000020008040000006
469008000100000000020000496900800530812000000040900020390007215000000340201090000
304200000700000062000000000600300000000094000000006000000000006960072004803009270
170000000304180000902300700000000900000079025800003006043000000000790400000000000
940020100183000060067000000718409500090652010006800300450160839839040070000900050
000300060400500000700640000080100000040208000371960528007025000038796200250000976
008040520910002600053680100647001002000000319000820000800000001001700000000213085
001040026000060000000079030020095703006000480030420609000080000000054000000006070
004295060000734000200600473500863907009500080860079000000156030156080090380902600
057900630090000501060517948000039007320176054000000200008000400540308006070051009
000500000001609002000720351200000805000002100107058200000107003500206704004000020
600050800000140000003200416290860040168473902300002080030005190810600270000910064
000000000640000070000400001000010007001800604009500030860040003500000000000070010
020930104640250300003400580030170005006302000907504023169000007000000006002691050
000030008050604000070010406500100000702300640000200803605002007000000160830061000
070040001610079004048200937000000019004002075091003040009500462020000000705024000
108000000000000070090300100000100000400030060005000407000057090309018740004000021
010090007800200030204000089081000740020037008007001002042063010058902376763050204
010047200504000000800600450106050800700080614090000000060000000401078390087906045
006410800050060107701580009000000002200000900060000000070341508090020000034958070
019020068050008970600001000041000030060087000070910520000879002007140650004500000
000300450600000200004021000007000689086000000500000003000000002060000004010000300
253007010006032070700801523304080065918000704025740000507010000062370901090620000
041008000065910030700056004400870003002090001000020095070500189098300540020009000
206001040340027010918030076804050021007062094001000537050000483009040002400005060
000000000058962003060100400005006034840090700000040050070300500000520000000000000
940730000003658914860000000409020080030590020012080400000000000020805009000001362
320408600000207810048000730000000570090002400010005000403650007560009308079043150
060040100004200500000005780900000000050700306000504070000006000835402691690308040
930106400761000980052093010000068501000032008007000392003009000070020000806000004
030048109000067020000090006000000040041970060000010000002004900000100602003000400
000009810930100407810000902000700320304000570508240000781002090045900701600000005
200070001104000800080000000050060290016700500020080000070054010005913020000800050
480070000000906000036080017754300000301809070860704130200000850010008000508000300
000000040000641902000000000506400720208000009000020000000203004050190280800060007
350000080071890504060040000000908000400000807087000015000000900700004003513720000
700005426000060000000730080080423917070000042000109000000040001000010060008002030
400000003630041009708360000000453010500012000100680004200506001004807600900100708
057002900000040700000005603040060039931500200000193507200006095000800360000059870
700000008602813500003059406100590270420106000500027000000300009000070000300900002
000080000520000009900020000100040290008792050700000040000000013005000900000860000
630009040010002060482030900897004005000000400000056089500901020000008354208003006
000020007100687350078000019800301926209800030300000780001900503030400090080700140
308602570062500100407030609000320957006970408000081300529010000083050001000063290
600000000820000010000002000003000004004038690060041800098007500000000020001089046
050000000001000670600000000803002000100400090200001040020000000016040000080007316
100002700560803004020700031000200640002004008000085200081060000690537100070120400
083000700090070000001058600000000300100800000070000000930600000420701000007090402
260004500948005002007000489000208700500060004000000006000500008030600940006079000
000000000000861200007004000000000150000010006100600070000080709000970000060400030
040030058073285000028001703050148697814000030000020080400000800000802946000900075
009030007025080430004020000502900000070512800000070015806307100350091648001806700
000900800006800040000104000000001200000030004020048500005000001040600300000007609
460000537080500964000006001008007000073654019046091370000035000350169720000002450
000007916000000200009002005700500062954001830000070400826740591400900020000086304
009045003601000000000000000060007000905004020000000007000000071000050060300720500
030009046519006307406007109000008015098005024100020930601800003702000001900061000
073000080040000063000000402090700246400000070008020900001007504050081007067950000
008001000000405003000800070009000710800056000000000050081507000003000060000049100
705108009061049007040507008004090070500000200302070001000014030409700006000056000
000001400800400300400000801600008010002000050000050000564007009100506200203100006
069800500000000820000500400000000140000030080034000050000000060040007000250340008
000620004000007500000400000000501200051040900000000000006070050000100602013080400
007890003600002400400050200806500100300001800074908300063205700700639012021087906
000300000180004200000000000003007526200030004700052090001005039390000450520000100
528073006400285709390000050000001084030400075806500903603840090000709001900006408
000100006001000297030029001000000140040005000700010008000086300005200000000000900
305629047000050900002001803023064500900000230000002469009503080000490305531086790
250109000000000540706054800001860000067302005040090600405070200620405089000600100
200908741040625008398470000039704120070010530106000004400500087000042603000800012
283001056900000000567003004304006875000320000106058432800409001000000000000000207
750830000300209540009004000540080000200000008010900000000000009005000600100000080
602000400700009000000008090931704600800190000547600039400001573210030000070806000
000057903700103284000800060000000098830206751075000426280465000060700802017380605
600000310000000000000000769000750001000300570000800030000000023003040008000060400
600009120389200064200004830968000200031020690020008371000003000000002480572806900
001750002507820004098000075006010207029084031000970408004060020000000150005200000
000706020300002008050081003509600207008270100723100000004920050007805000180000900
760104095090000410000000060000095040000000500509000800102370000084500000007040000
092003040070000000000090300009000000307060000800009001536980000084020650000500400
390700084040100672620840010732060195050200840000051720905002060400000231000070950
030000000805109600007000005203640080001030060500800093008700400400500370000000000
000950000050010063010000000000080601060040000000000000030490050500000000000025306
382074001749006283060200007090100300450302790020780100904050000008091635030000400
080700405030205068200090170806309250000804000307021084060050802075002006008930000
020098400134000698086003700060000000800000000000587030658009000000200065000065000
037056008600000070809730010006000004470610905590200000000020030700081040020007000
080400062497260301200000090001050008650800070000970450306700000000040023500020000
009700005740000930020090000001409500200000704090006000900007058600000400800041200
000086100500200860600310000406053021005192640010700530000000070090600015100000300
000500010000941008019003700000350000006000070503600001090000052300709180084200000
002300709794020050085009020000206503009003007000407200920000000050834072800000100
000000430400050010090403600005000006100008750060720100800002040000000500500034000
010840000000000428028070016290006180300000207084009305900100000000090001001007950
070000009080042106009000500001007802700000000030000000000700050007800000650003017
000120000030789100000050089260000410000400602000630970006000007050000001784260093
000004058000007930500609021000508640005300002000001805600413280000900004130780060
230004810008005097074600023700060204302009000051432908500903000007006309493007050
000089071070000080900470000000005000000000090503006700700000048360000050841007960
000012006400503000721060509005870000007300010390050060900030002050020948672080000
900040700643080000000500043059008000830002000010000800304800572500003068008275000
100000400007090003000000060085400000000109005900803000000000008570040031200780090
000030001070100004200400005007000000028050319000840007012004000000280076040000100
400086000286000100357091020062003000810000000003004000700109060640000010030600500
002300014360510700004080000100023695003695007095140000078230050000000478000078200
004900780060030000870502601080000000090008000050100802035090100009000300000250409
700008030043000000000350090020000109400009000090580470000030000060005000001800200
070000010003100200610020093800040301300207059400001807740096100006002700000000000
000000005124705080005003004002007040067000002400002030701390408006028570048501090
891070000050189300000245108180000000006000903070624000500003700600400839000062400
800200106300000000190070000002000000000000030080020000900700000403502068001000003
023601740010007200008000000000076024204500009009028000001700430342060907097230560
031094000904500030006000000000000485080263197000000600740050000000039008000000002
040000701000000000059007000000004007500038492090000003008000005000709138070080604
009500000080000700604000000400096500000000400000000036007104000000009875000005000
081097003002004018000000700500001200100060000000005180010700040000010000000058001
004000090360800020000120003270000359600000002000270006010730280730480015000510900
000605003406000078000080504928450000074310289000802045705100002041000007030070400
060000700002800000001700000014000900938040520000083614289300105000007089170090006
300450800090736000004020736431980600850000100000003980000007500000268300173504260
005000008080000914000000700000000000000600087204050100420580070806000402310040060
009003600007001900006000032000004350008005000000600000060050070000007068102000090
000000030000000000003001657000020890040065723000894065020300416398016500061000380
000635010800409360000180049520370900080000006700090524002713000008000070003000000
002980100140000000800004020604001000017390048903460000305840700060532400498170052
000094000493000080050070000004000378708060200501807690200700000010002407300010825
009001500075000380183574060000006000002008037890000000540020710307000000900003000
940010000573092860180000009005009010000001600400000090300000006007004000000000900
245000100009307205073000060000140690400009000600873001000751900017402086904608517
000400300090080007000009850067950420480006090009240006250004060906320084000090035
000150960000760000000000050001005000908200070457900300010090006002041095070000043
020007460040500700800000050008009040000080000096001300900120807087000500050000090
568000409001003800094800070170600005800071003000000907000310000605700000900506020
135064200004080135289135000000007300007390050000600040000000400503006070000070500
000000003203600000100230500500003970030760851790510342800376005005000030060901000
003902176000380005529060000050006003162030000080400000008521030000073004706049000
200180030060004920005007810000035060700609000000000070010003000006041000000002050
001900006000003704900056100310000000002001047408020030100068002706000409500000678
040000000291000003570000406010060300400030190030800000000006030657000810029081000
000600200900000185207005000001009602049702051672500040000040710003900000006000590
080000697967000020040000000600009000809500000450302009004000058008100006000008030
008000020003000000002080934086450102120708003005000060000209000200800070801000009
000000890580000100010500003000010087000780300700000412004050000005830006090040000
080041390930285400140700000200000578058000900000800124300000000000960035000570001
080029000003560418005480002001900720057146083009002160008270601000610000516000200
000000963007090054069500021030460010005009640806107030070012386201830400600700102
400002780000000406083069521900001805004050960005976010008000002040300678350080040
000006970004007080300208000910620030200703009030800002643179020090580306805000000
836900070400510608075000000080050000002000080600300040090400000704036000061800400
000000064600000003003000000060000042380000690402000005238007956506000400007006020
000400003000630500000005100000900007190374005700050091000082970000503000000000006
000000206031007805000009004103000000000100000050940000095800060000076000070290048
000300000701060030000000006000000259000092400000000080000600900610080305280003000
789036250500879036006254000000068001630000790051702068000080400800000005103025600
000815029000402700004000000900006010070000304600000090800000070006000005000008002
007326594000010000603005807000000400451287000309004000000800006008672935200500040
080140357400007000007892010103000000509080100000000509201300700605900001798400635
060720000341900002000134098510800700400060030670000904700008260000000300926070000
060450030000000050500030091706000008038900000004028000000000200005243089400700000
020850009000327000800006072000570914041000000070040006000400600610000000480002050
000001063000700000600298050000000800403806020000009300020004000009000034000007512
000080000003760020020040706006007051000000000270000030000934200700108000300000000
700004000130000507608009000010692750000103629062040100047000900000000800000056400
000570040527060900000309007001000000000000060702600009960008010000000003200150000
204000060070603502906020000002138000080000420000274800820061954405080006613540078
008000090000000700000800000010000805040078300005010240600000030001009000900000580
600020007075300000900500000008000070000000400300800520000100864006052000001000090
304500006008000000702034010006709003070080020000006900600000004007400000500800000
708600030060300000030087501806030000204568000193700800019270480085000327320004000
340070109780059030019400806008001024004560300000704000100640085007905000890010047
800500004070080500000247900940150730200600000000700000108000000020809050000060090
020300000375904000000000570830590210500410700000830690000001002200750140601000900
709052301800070052000080609000000704180794020074503000005038160320107040000045208
201090000060020009054000702007083060835002074100740300042050106080360027003000895
000090601064020000000001000085042009200070000900006400800000000050210000702908004
000083600893004725014500000380640207000701350271800400106307084040206070000400102
600704500195632047040050300450910000930000700086405100000001063510396000360020005
790140300050090201040850600000200570004000906300010080921030700430000000560000000
003050000601000000900604000000340020000170603300020001006000094010000087008000362
000002000000647200000095064007010000002504008005003900060000030200906040704320005
172003000950800127800172900006000059095006000010005368041020500508041002729500004
004200900507060130213597648000750890001089203000020010170000080040038701608000050
000090020000050000069020000000600000050080000000300009000200508010508007504000201
065040370030000018800030050019276084070854000050000720520381060000025031103090005
090260100260000000058094206580041000001000020600000010070000401010379802000010097
000000307007618050502000861008000610000200079740006000304002700000007134000041206
160007000090010070057020631305070260000046050006105090500090416641058020072460380
150000423090300070302070960700050000209003000600090000400507619573006284960402000
006000000040010067581000900000790051730001826415026793090300102108600005004180609
080907000003000070500012084000000046000024095006000700910230408000000000408000000
009084600610300080200610070742006193056093000000740000030900008060500007920000031
034596800509008007082000005010930000000205104200080009820314976600850410041079200
400020010009103004500006000000000567020075000700800030002501748600400900000000050
000040300245900000800000425392010007050000060000004000500429800000000000000080706
002390000050081000008000300001003050040007060036054000004079038690000040003000670
002100000000005000100608030000802000000019000500000080205000000007080020400051000
000080000059000630003000012000000009000492801090708500100000900008000004900240000
800030400200050001060470058458319726002084319030700084000005063510263840000000000
007091004005000961009200703000002478001000300870930150040380005908105207510427009
001000000000000150800035000000050910009080300450900768705010806900007200010009000
000034068040000000000090000003000000000040870020370500290000650000000000804006900
280000040740021690500000082008500471104000003000000006007000000060340010000000000
010050000050400001000010230000060507000834100001002843140095380090000010003000050
023000000601523847870090002407059008382400000159000000008006950035000701010935004
020070453001040000000009000710450080400000030200000500900034000130000000000080341
800060240760002008342891500589000400070030080004089070407003050650027310910600000
580000200009203150002000067968030005007001800150060020000010000000027000010098000
207040060000100703001700040500201400012080050000609030000010802708090300103802094
050000000169080040000000700000230409600001800300900150000000600903106008700000000
000000000070000385600380007060000000900030706005046008006010000108004000040609013
000000400702400000405806000000679124024080007007000358043500000901004080500900243
900820570070000128000005060630210857008004012010008400582300000007106085196500000
100003000037090045000005073400050930000908060000460050540007600600024300370689004
000000000002003000014020080300000800120009034008004502003410700400000096280900040
043608059050003800608900040000109725000006981080520634001805070005000060004001090
468002001200300000501080009050000000803060000900000800000040012012800004000000000
380002050000790008705300420200001097540079000600208004103000006004067030060020945
009100002000000000501000096946301005003007004052009100005006309390500000070003250
319052084074300005005007109040160000050000000190080003900578000000410090030020000
020000006000001000001230870007084001102597060060010700000100590000920680295806010
081900300570300100400000000000000609890000000200689503900000000047006800062800030
379800060004370000850100009000723000023040090048601703000000906000207015015006000
000002408520008100380109050409210805000005903008043207215080000007020080003794020
800000009590148372320090000080000040030400728054087693900004000008070406000012907
000902000907008004080001000000037805065090200270050049030010090050429030492000600
000040000001708000200000000000005087000870602874926000500082000000010000002093000
020000900030097005094000010509208143010000080862000709900700806386100000200000000
600070000000008409000060075006907530000500040350800000002000000500104000014000000
000670002600028900128009307730000109400005000080090573000000000060000005050007001
900400000002056900000001400000203000095007000080605104000700000020300000000000700
000076000700300000900020006000010347000000162126400809030200000082741093000903000
000000800109004050060000004695040300041030960730000000007010048008300000006400000
040006000000090300950104700000948603610000089409000000875009000030500000194600000
068700000029345168004006000012007030970003802000020070640208000280009600593000000
095004007200900000030000600063070500000038170000290830910060040300007901000029000
900000600000300020278050193806145000000000000000030080732000410009273000600904370
830029006095040037010000090300000100000010008000006070000304789709002000000000000
200000075080000210000002680000407102009020850130560700090000360000003500360005007
200009000057068400349100000000590760001000040602000950000030100905000200000020000
495380260003060005000594080007230000030006057000709002140005026000941578500000000
000000807007600401450007902700420100045013700080000240070000000600008300000739600
400900000030062500915083040000306420360200010200090706001000000000029080500800004
005190000000000000020000901400300005009502080500000093840900002050000000000000408
000060104400280000000400000004020903000740005580000017105000700640002300000600001
000004100075002346304700000000806070007009000006300090001090000000000000058200000
050008000001623007000540108000000010000175020007009006009004080076050900000000070
000000000097010030003087000020340007008201053000700002254000001009520060080100045
503000008000300000201080730000630291000002000009000000000060100032000400018000300
004026100600001034170030000953000000002714050000000002000002000000040000000080301
000000106085000900000090000070500300000600000609400000850103007100040002000000010
007200030304750000002413700000000307000000000000005000000000003001002000000037009
080020095000870300030000007007400000010967000000005900900040000403000780000008000
000048005700300904904052016059076840167000050800090107030509672000600031602013000
000007010007300000021400970046059320009030460030046000200000700003010000000000002
080000000000001000500000000258030090000002030003000005840063000000009850001000060
029410007806000001000000090000100008650780023080200000760092100000067000200040000
100000000208010059940020730397000108000081973816009005631900824002063000700008300
000000030908030700000000000039000200287090400060070000090050840605000000000300650
000000001310090000020060000850006000000000236200000800040020600502007000000004000
070009000003010706521000000002070040890020070000048520030060090709000162016000050
000003400040890200000016009000000040410000700005130900030040070000001094900087310
009103060040208009802050000090000000013024090420000500276009080905081206004072900
300509006000000208061000050805000000000631002000802000209000003006000020100000607
700010905108290003900003180060058070580000000300106590000000230090060001005320000
574030000000547300003000000000000907000283500000000000002300000306005200107020080
000205000900608051210000087009000020100450763000102495860020309390860042020397010
000000000000100000000080000009410000000308000000906100006530078008601300000000416
190060007804000006000008010000100070020809160000327090210700958080000740000000620
000000004000000030360900002000309500005700369090001020030000010000003000000000283
000750268002004000000000001000001050009000000250000000030560000600002139400093000
060000000504802037701504008276053904103409670009076000007300829920007000305020710
950012000030046950000097102703020005090103000048000000000034869300600071809701000
000600000100007003020030100041076200000000600090380540902100070005004000076009000
700000000000000000380060947493200700005601004067030500004009150008000076250746800
000090000025017000030408090510600084003980000800000003409020000080549000201830000
004209000000016004180000029900060400612748005400300610840057060590623801003081000
003000005509106000700400016000000501027001030195300700050000079208000153070510060
000000000060280400700695000002708004056320008000004000600070000000900002087401000
000107084617040305480000010040500003300000850250600147124000609000200500035700001
050039020080000056000540089462000000000081200100624590000000002000300008809002030
000160350000003800539008201800620705370401906206030104050004610040810000008205000
030000001040020030000000040060974000010000000900000000450000103380000000097000650
170600000080407003036000000060185004000236000851074236007040002000800050000700040
700810005006000000000700000040000000000601537000000100020900410908000000030000896
000073268057860190286000075563000000092014500070030820908000000000189700734200081
052000000010000600830000040900200000201000900000050000000070004048300500007104000
403801250089705040002030000601050073000006002020307000010080004000000001000100005
701609000005103600296500073624000900070402050080017460900840700000000201307091006
600200430030070005500009000000050704490000050000000060706500003000900000020000080
709420008000700600400080001308000065600370104000002030000004003205007416104030789
004728005700005064190300020009000002836002019572410800640080950083050000907641080
082304000130065708005070103008003090009048530003620407000590800001206074026400910
100796500002840006000003481015000392000902008039510000400009030000070000906005000
070862090009071008002300704146200000907000002280907000008003907000000100000018235
320056900409002850060940130200000000080070421000420308030690014000704200140280690
795080400100970080060300509006000901009756008080009050001097805608001090000508032
001040635060170080002500001000900000020350169000020043000000000204090810090081004
050900000030164000000800032090050200382600700010200000060380429000010078003492001
000500006000820005059004028006000091010206000000100600090000267000000309600000100
002600000003005090000020070040308061000204900000106000000061000024700615010042800
700800000000604010008003047020150000501000428670080100087210003050930084060000000
400500070070060000002000000000984500720000089000025000007000900000000018806040003
000008009004690007009001030005000000001080070608700001012000700000000010000004003
200000078341078600000600000613080000000000100090036080000000000705000040000207360
009805700560073200300001600005300800001000903000086405000700102030200046802054397
006000034400070902000043617000016005062450780090730260800000000943100006605304078
040026500100900006000007000000053400037000601904601000000000100000000000000060000
008000304079300100324100679700006583246080000083790040400030010915007030802905400
000050009500001700000037005807600514050700302030000978000910007140000006083000401
800700000300000040000500000009001534000607100100000000085304000001002400030910000
300920540006050008500000209803092100100403920970010830009000085601040793450079602
041090327050000041027000950100064090600075000000002000500000010070000000403000270
000203560000900700273050090000032870130706000006000300060890000021307080005000637
000010409904065000000400200000004000000600100300002687000009000093000004005000300
000000820008030000000000060003507009904803006650094300102386070570010630006750001
001004530000007480080030020608349052052006003000051670364590017290000300010463205
600109000400002300070360104250000000040020670060003012085936041024800000300014000
507000000046000020000000150872900015009010702060287000001000230008000900024160508
703000006965702000410000030030090270680200040000103000002307000040009310301800029
080064059075000016640090002000816040008000200004702601802000090709201064400900028
300910580000800000000000000100040000540000010003169000400200000087030905000090000
008624900042000080003785600027403090180570460000100002871050009000040007004000206
630014050024900000097000000009083500013040000450070103075006401300705800980030000
915004000000019080080020500500200003000000005391800000800030000030450000000068900
000475000600030057007000213080040906006120500030960082000006000060302709300790860
050102706008000395060930010009207403270603000600590020006051070042300500005000039
400000009051300008006105704090004000080260451005708026068920005200400000000000000
705000064000002090008030072804020000000040000302500400480000005000468703230095000
790063512036001700502000000409600281000010009201490073347006025000370108100902300
094060017013009680006001490079480050050000004400610970000004760007003040005000009
980700046270040005430805001000200050600050917040900060860000132050002684310084009
070008000530007186000003070000030500005280603306000208003700800000812004120306050
030000100000471030000800006009708000000320000000004800060009081002107000001000000
140090700896000001007045608003004020500620300629710080070000000000902050000408079
000060000008350007960128050000000000005030090000800005500000009040070001200000000
000850403004900520205300000050003000300700005000060004000000956009280300003600040
000090000090240500300108900407005000510800204968720100000030800000506000680902041
600400000040000000300200014069050480000000000800609000200003690906000040003506000
730001650140056720600007104003600000060080231000100900807003405456208019091504000
509703102000082000200000003003008000000070304600004008000001059100050630000637401
700008430002430097100097500000006010000000974030074086080150703200740069370069002
100006300600405001004001000720003000000140207000020950450000039217360080900050002
000297105020100060503004000000503406640709500302000089000370000160908002030650948
000060020010000480000834070030100057090000008861500040000600790406900005179050064
321069574000002090098540103030080045067250030500003000700305000200600000900000052
000001060080420100059687000005000600000000000002000000203100000040790230890000010
700000106001000000904062007516008002209000000300020005000019500005040201000506300
008000300000000600060030048004300870700694002002705000003940000000106583020000400
009060000013090702020000000600003050000026308000050004500002000000005000204901000
000932006000056100000400000000000004604100000007004009003270461000803005005601000
980460000040005000010020000020000000000090006800004000700300400604917000030000100
908000500005060002200500869050000401082400900070000200090008000700005100801347600
032068070009304850000001030360910700004080001501047308040002015080000000000070203
090000060003002910600010700756000090004600000080000500512004000007201400800700000
010037005005000000083052004000010500000000420000000000040060000000420030030500002
003000804009602001007008000000900023000754000000000000700040008300007000004003700
030057000050000300080006070070000000504000903000000000003705080040000100000010007
010830602807006004006400700000740000083500000700080925050374069960152400070008201
710900000008030100203100080070000010000094050800000700037009805000025071500000060
600000001004000500821350700200605379700000056010907008367094010002001607100760940
400000030000083000008000200090000000030000982001000065070005613000000009000001000
000000040200049000000000027019000080000060200700500060000200000000490700004007852
047000501158043096000000473005000029002030000060219358000182030001300004570600002
000000020041070090250030000060000070700300000100009806810427003009800207000590080
837000000006000000000000162001006005624005017090007246172004083050070600000850001
000060100063000007000702000000600530620400719030017820000000050080009000100006000
506090000900328050083000100079203005102086709805040002004072508001035904308069001
094000670000900080001600050000001000000002000009034700307056008008000005020000130
000401053001500000590002041246000039008309026070046010805920164000000290027614000
000000426206010000098406000009000000000100009010509004305002000002001030400000090
006000000347000108001070025080103000100040206754620930000456010060200000200037504
000400800030025014100300000000940325094030070053100480400003000009756100670800900
870005409300029700209000030000000642190642570460000003921800357530090800604000200
060002000908700000500000000003000005806005000150400800009000601080000000010290008
040060570305004600020000040000020796007040200802000000000700100703010002050000300
501068047068090010704501600800000000400030000132000094607000002000080006200040059
007200900002000001093700820019006080700824000240930000000083700030100205001602308
108000420700000000340000000806709000030108000000300100521876030090000800007004005
000008400000506008000000000000200005472000080060000000248753001057090842106800053
000340600000009003700800000008006009093000000620030000000095001007000050009070204
104300000008690401260500000070050318020138609003009000000000290600005100092013706
002090000000300008700002015029100004000059300000406500000900000000000000103000050
100570300000300680000600009000000010500000820080005490095000007800067950000050030
130006470724308050000274010000005708905020030087001004802503900470180065003040201
040006020360900004900700056823091075000830400019675800008040000036100507500000000
040019825790050003000630000810000000406000080000000500000107204008002030004390700
106000400009000671580000030091032000000001040040000000000000000453060000900040006
806943502049125807501000000004256000907031000050709040000000000003560080008300000
050920180084000020020080300260003070003579060070201003005090010010035090000608000
050007080000090027002080001003002100000030042000000000000975003007200000026800905
000902007000308000000000030000000005500800920000005006000081040320500860000020000
600020409400607003802400007007030090503106200100008034050941002700380040014062385
040806000097000008602000130475308002020754010001009407300000700000500080008097300
060700205000016307900002600000204150000009072742000080074105800009407021051000030
010800040000000000000400010009070030000001008860000901020085400500700020004200005
706340009480901050200600403021000008305004001008100000560083094000410502104006007
000060003000000040905082070000000700090300020402079500048000000000000300000004000
000500201075120000001038000100006007040790002000201000060000100700862000000900000
724083091691007000080190000217008056056010040800059007102000509000260408000005100
106009000070000018500000090090000001007000860000000000820010040400200006000000082
000060009600000010890501642000000083040350270008100000060010400002009008000000390
020006379397080416001700000089000060100970020502013000000001637073095041210007085
000000050315006002400105067200000700100074208000820095090060003000050000002080000
970080005028000060401900082000073024802009670637004059210090008060038001003001596
030500000000000900502000000283000100710000000050000800000000730000000098301008405
450080729907045308003000054000239047745000003000500080000400800508913070000850000
000010000024769810001300000038020000009103700072605380003206100000050008000004070
003780219020050807087000043300000005905803002000510438504608000071400000800070904
007060024000000007000005010203059070000000045005001000000017002000000009080004000
060005270002600900000700060000500039008309640030000050704006090600030400090047510
400060000000804700000200010102000000030905401000000300000007102750000000209048007
000800470071300000500000600263500007008000000040002000004008005010000006000000000
100807000076050400025100687510008000480600050632091040908706125201904000003010004
400100680062509000001080905300000000910830504654000230003600750206907803579018420
964000008851006002003015060710090200600080905500600807190400083007059020006078000
190030002000000008000200910000000000001000800000100063830000050506003020000600300
730000400800030000190840000000007000350000200060028000083000104609200000214003000
000080000000436000070090030600004000040000000009060070400010009180009000090000010
701400600020970000040086107100052900600004005000060070967000852413028009008690014
070400632200007500408030709080020100509000320032000840800000001340002900120009463
153200049000400000000500006000300904000050000200040000060070003000032000002600007
059001408001083005480600200140005002300900184000108350000710803006002001704036509
000200500503000400002315067024507000000000000869400003008000600300050289657892004
506032147471008932309047608042700060000063290600094710000400006060309401010000000
208500300900134007310020960007085000601247050000000402089050120063400708000879030
030900200060803041410070050624000509300510000090460000876005124900024080040607300
520807000800013000913520687000000009030049020049270000400000900006000002000006040
070903004000108000963450080840300962010290400006805000520000306704600000000500040
000300004738000650204000030029004000460001000070000400000100300380400017010803046
005000000080000615000050000009008000000007069740096080000273140400080230020000950
052104900000602043030070600706000390040300000000000000800005009000007200200000870
006050007082003905009000004064009700095002461007016508200067049670094850001805300
020754103004000692108269500900040006000500400007600005245000000080000004006400700
070020003015690480906047000803002000020060004000300500000070000050000308000000000
700020060460390000512680900620840000080001020090206483800409070000710650200500349
500000000000650001020007080000003100730006002800029500900000210600094050000200000
090020060070000001000700300030001008000069010020040690000008700360092000040670920
510000000392087100806000000000008504000700310007020806040002609963800250125396007
031002564005071089000065103100004350070010400000053908900547001000000692000096705
302800900068900000500000040000000105000600700047020080000500060000000010000300070
030000070682000300001300000400900080800046000007080140000010004168704503074520610
090800105040651370600703200075000406004075020089004500907000600000900840010030002
100400000000070105097351040000007500080035604000106000060700000000009070072504900
091060820000903640400002039062030051980000006000000300105070900040000003020300764
007009410300400000100060000800190607006305094901000085038050200010200800000800950
802000910700193800013000054000200509009310000627400108380000000001030070005001080
090000000020075000000019020000200016000000200072500900007190080284000130000428005
400060290928700060030298041000000130000000870000034000000000000003680000090000080
053827900004501700080009000408163000010752400200000000020000600007006500609010847
300086720080002013900340005060420050420800000010760030204130576657000081130050002
090025001000000523200087069463201000500809306709003050042000690000096230000032805
365078210700000000000030700080900650100500002000802103821000070006000000000281000
000000290000900000000086000906000050000000038003014000004200000008430001002809007
000805060060090000801020900000500006510682090028030410000104582205963700047208009
080900070095700406000040090000500638002300109030000050000070820000280904308094710
000020000000000082380076900200763000030054200140289000020000800000801000809000074
950480060000000300008000000000000043000728000060000800000000030003004050020130078
562037004000000000100025000000700090000098240810500007020000070630000002000000053
003006009740209003020150406300800090000000700000730002000025307130600005290007040
006214570000070980000980010000809062010740000309002040207000091500690420900027000
010007062000000050750004309800072946040000205275040801190300600007490080083006100
108490030005000092000506000802603750017289603006701000000000160000005970000908024
070910200832640059000823006100006704000079501097108360520000010710000640000701800
500070000200000800870000540000000098609020005050680430700000000000700000000000750
500963824802071930960842510400020001025009403010008002287006000004200005100090070
000020000000000502005900010150009000070005096000080200001650040000004107900070630
018792500653004729209536000000325816000000974106007350800400207000070000000650490
057096000008030705000000060001009030000600104000000090003000980715908000000060070
600090004020500019900042000004631790209480160010900040093250001100309020540000030
000168020000049000006203000623090008000000003400600700941000507000914002062000401
002750030034200065500410200309502070071034000005107040006070804003840650498005300
400000000096430725000006000007049030000617000809050170020060810760080000000000000
217538690050000700940007030600001082000000009701000003000000007069702000072000010
700030004040627003031500700604200000093070000000000600008060001009002300000853490
003000004100000608400386050000070510030000000601000080540700000000601400006050000
000040059418090070950030004500300000104900307080010005200084190000003708847009002
060000049093016078782409156000040590005600080004900760050000000076000035248390017
090001005700853902000429170304000000020000034060000007000207800000500000001630009
000000000600009000807000012216070080408600597079834060104000008702080040080001009
300507106106329047507086029734608002600010000002030050003000200260493005800061000
000409580850001049000052001065100897003900625000000000500000200000500030000700000
002806407000009000000000000600007904070000600004003008200305700780000009050008200
756901400200003567043000910008040025060102000512090004109030000605800040000065000
000070100007091000019800670001920405082560007500700800050600980003089040000045736
008602001002000890400000063000000020803200079001000080300179050000300000070000000
030001206020073100008000300000000061000164000000007800000000608000000000060000007
000010003000000700740800600080500009070308002560090300000060007000285900900070050
576002103000000057431000082050060004040715260080000705090500806768029500005076000
051000034730012960900340050042100600000420500010806002025900873800000196196708000
850003900360200000429000006045060270000300590730409608013700000598006007004900000
700500090023000400106000300600009000010378006070002900000000730000065108040200069
908062004060547893540900000010206009090003025206090301605489002400020500300605900
056004800000526090090180050080260030401870020600301005500003140140050900900008000
000081600580306049376000080060829007715060028800715064600000090004000000108650000
004002000060030000720010030893005000000000080601009527002000000000000000900200306
279100000004000138000005000000000501080006009900500764000000000002030000000000000
009000600010905400000010570006500004000000106200000700000008000362050000800063000
009010000000490000720000004000000306060020080100643920000002800000000001010300070
005008100800400005600007080106000000040050027290843016463105892001000003980064001
020809400000120009009003100546010080380000910910007046004700038630250000001000200
000000000000012804000000000040500000070360000090000705000045000037000540004070106
000860205680030904325900060940700026070026490050000001000600302030070658560300100
097582346360700000080003179010907003008000000009005061043006000900000010000059000
420000193000000472009400000000370006200005007000200059052010030000650000008740000
070060048540900062060008901200807100007006204100254007089703600000080010000000000
082006000000007000000400500000000010705000600010640000940005030050003006000060007
030010600000680000098040000000007090400000800109000407000000308080000060010000520
870109056000407309090000000409002570126000090580000002608074000012005000000201600
007000000000000004000659370000020006070008042200005080080400500050806400000500067
040000706810607050960400081781020030290004070000800009030000900009305800000049500
009010000000000020000000903000500000000000009905701206200059000508300060003106000
003705010005200000108000000500000000060102000000450087000390500050020390000500820
090530000800201900020900038070000100010700800400020090007080000000300400040000075
000780050010320700000156304320000500100000840000501063800905612200000970597012008
070200000600900000000000070000401908900730100100850200000000020800000003720310890
506973820004650000030020056000530900005080012007200635050040200470102090600300008
004036200120948030000000849839675000007000390000890070506029000378061904492000160
140090008902030010300000502007001080890063004010580000009046250000070000400150000
025108700103679520000400301000000650206803000900200408069300000708500200342781065
007000000300725000680900007890370405005690700070042000701264000038157600402009070
201005000084000050975000210003900086107600030508003009019070004750482001000009065
240300000590700080000095040008001007020000000000003000072030500805000000000008200
001000257004002900000000000300264090070000026000050138002105800059030070403000009
810970000000020850000000609060000000000090004043010500904003005008500907050000380
405080300008000540060150800390000080500008639000000052002040060000000000750000003
009400306000009000102008790000000030063000100004000002000006050400831960090240803
400310008312000009000405230270600053030200000000039120800000710023007400000800392
700050130000130270061074059004020685856413920079085410080041000025000000010090000
092056310500010940038209050900107834000500001070408290256070000003084506000620003
109007030005140728207065900000002345072403100000090000526030070000006090930010000
009000072002053040401000350200000000100600590000004006600080005800000004015400080
451000000380009010000010060000307100700001004000086023570000230800030007200090840
800925106060307000205010000700859062000170098089040701301090600008060314050001907
180000090600004001009300500200000000905000000000000009801650304030080900090003010
000030004208001007376804901095306270702000000060270500007485000050093762031062000
009003047000007090070100200600009000301720000000680309027000500000030072000072000
400709800700500040000000003000002010000170000073050200004007030207095000005600000
300090600201567000065080021000820010000005000020071000600008500800759003907006080
000060009020097000900003000005082107701905008842001590006000402230800070070300600
046000003000000000000000800009800302070530640030009000000324008000005030024600100
000002000237000548090548072302000085508403000970000000080297651005034297020601034
271098000000000000908060000007000008000085700065007090000806245040170083306002000
006003190400009000020000030030000006090000200000031500040000000015000020078340900
630405000020000000070000000150309020460750008900060000000000301000092750000010209
000500080003010002002000700054260930000000806000309000400600000700000309009700048
020403060049500208007001000000900703000000856070005901005020004900040000060008092
006420050009006000208019000804000020900000010000084000000002194780041300000003280
000003745030070000000809003020300400376000002014902037040000926060000000100206000
400890102006540830903100000605000000700930006001060007000000008004009000809000045
005080430000005079000003000341650708002431096069800314070006005036008007958704063
826107090000800000170900286000203678209080001708510329000600000002078005407350062
500000000004683091080005740001030005430056007050070400007060809260508000095701030
000000014400073005002149000008401609070008002200006053100060028824907530000204000
100005070900680000060400300003000002200100000706820035000030506600040003300009000
302050700070300000104679820000000230000520010023740008907060000260400100000000000
003265070000800003000300002260007130800001000000020000000000200900008007000000006
075001000820400900000000000001020007000000000007000502000106200000000004104200058
004008002009250107005700090703006080200000610690082000500020971432179500900805420
630007190098043002572189000207005000403076800000001060020318000080764920000900300
650700000000002003080350040728001430040000010105900008000618000816000702000070100
200639570050240090030050000400000010300000720500070060020000040010803609060010000
050003980829000000600809010000006873006730100030090004000067000302900046400000000
094080006000006470000049800005000000000054008980300560020030047006000305053067980
302000047100097008970038165001000030720080000800054090400000001237060409610540203
087040051040051207901000600510000030030506809870002010790020060164700000020164700
007000020098020300006700000401300065265104000000060001002400000000000000804000002
000070092780900035402300000000000000210000008040129500004501000051000020007204901
082010090059680104000000800000005000000000002000700309000800901006000005100520068
010208000645007000900400000001000040000650000030080015053709004486000002000840030
500000608090780020806200093005100047048000009903000062600500700109040006007060050
020080090000102000000090152000000000070000030900531040000005000007000009400010300
000040000007060900000800037000020000509004300000000059000073090003010000900000003
360800050072036804008250136400302900720900040019008072000000000057600409036419005
009000000300000150050008060700020040040001230000000008000000004000402001624000003
500040000040080920700020300000090008007000090000030060054018000070954000010670009
500010000410000009006090340040321760020000000000849102785000200934160070000005090
324005000000680004087000090000000089070240000053870020000000000700000050002700000
864002700917000050002000406280000000091200005053491000100009002000020017028070004
000000834400061529900080600080006903200095081050100062601027300000004005500009140
462000735809000060700000000020090000108027094604150007071203000200906000000000000
000000000100500920062800704000081000570000060016000240027060310000000608680000400
090000007740000060105004890300800070800000020070002010637400000000005700000003000
008200004040000000216704800000650000900000003630912400000020700090008000500130000
301040562000100049080265000094072003000001000010400200900000000060000000200710090
632009108749080000180030000204000000060000980008000207090050002327090060006320019
034001090051700630790000051320500007000006500008010326080003060273460080060109073
319020650872400000050090200008046390500182007064539000980204530005008042047003000
000001093200090000030000000700000002058060070020309800302080000800004200105206980
050301008400000030000080057006010000001005000000000081709602803000008000000000000
430000000080730100010082000002060090050000043300050020000120087501847930000000210
874603295000000047200000631960005300000087906387060050700100009090040000100096020
609070430501400609002000070700390810300010720816705090000063100000040060900108007
238009561047065000001802000305080600400006000600510000724001800000007000090008000
400100000008007010102680900000000070001000000006500132900000000045001096810070020
070613002316000794000070036809307005100008670703520480000000000000890040290734501
400000870009783005007045000004009080096050240000021069900306150000000730700000004
312070649469000000700000100157004063804060000603500084008396020000000000906700050
000082000020000013609000028700040009000000000082070004000020005003000671500000000
000006000438700000000008200190030020002010306364070050653000900900000070007290005
090710042084059071000028035009630087708000100310000004931060000072000019045000700
080000900009051002240007000800614290400903700090078104004035806010240375070106420
008010497250097006470000210007000000000000100006050000790008500084000000000700600
400001500000407000820365009736040050149082000002700904000204060200058300658003000
093082006000040082800000900768090050004000000900050008007429065005000400040005007
040201970200000005000000103080000060000007051674510009000073000008005000007006502
890401007000000340010000589000000800930146005700903400000078900507304062040000050
800000037000018004004000080015032790243700105970150420700000000100094000009000002
456000380970083065300500000083041500004200738000030000037408050005300004840000270
000291036200603007000040902009000001020009080070020693000900060000850000000007320
009000500000047060004000800040900300006400900500000400000050002000120040310004000
000000005000000700000050020702060000090000000650980000004830070380720000000600080
006000000803040006500700280200000098400008100930000047000680000089302700000100809
000600802000080004000410706500008000060000000040001200700000940000000500090000020
100902630005000780406001502852040100000700000001528469720405010610287905000106020
400010000000000007002000318810000000924700000000860000069000000008190204000000000
090100000070604020200308609080003900000581704007900500010030470538460000700010050
051000008020010400034860100017204000000000703060000940080437096470029580002108000
183406009025081006000009001800957132001608000709132600308000000012003704490200800
050007000089060137030890602608000070020009800970080000007040210564023008302970000
803061970009000001010000084074000062380000407605007100007409010400120056132576809
000020900060048000000000000000000010300005604007604002800509000000280079790400000
200030100051629400300185000010800000000204050700000090137008000080042010020703060
040000210000000000612040007300958172000100463270403950187024009006000001000081020
500000000602007000000000058200030517060070400100090000005000006000050204000000105
006401500400020008000000000040000002205600010070008090500040000934100000007000000
904008000008150020050904070061040003200700540540003700000400010000000000032007005
640010000159002006700000090281000905506108370030600802904500003800230009300496058
002000070040000000908000002123840657060210840409007000801900025604020301005300900
000000020000020815400510000071003200802601040040050070090280500000160090000097002
018000620600007500039006708006401085305962040140850096003509000461730950900000800
003000000000305400017000000100070000000600103206000900009000015062057000000040000
400000009003000100501030000907000080800900003004052000150007020006000905000000600
029300008603007209008900160050000092000200530940030680195070820706400905204509300
000014000640020900500000140008030070203047001004000352300069500815000694090050703
610300400003000000050000000100070504030000070279030000000108700700000800041207090
090107000007020005600000070430200009200005300905000000050010000009000508300800000
407006000800000470350002000000040080000007530008030000005003700700108900930000000
048650719006001430100800520000700060807400090030000187000180000003000001480060002
006201700037006000500307000040008070000400810008500060210700086060000000000684021
030000040000000600008000700000030290690100300050000400309610004405000060200700003
000002084000000970000900050009000607000005010400000090734509001000800700000003500
000080100008060049150700080005800601839020050610457093000036510000010900501000006
004700308000008094000004010000967000013000907097000540709600000360805400200470000
000000200302067509000000000508000400000000800600000100400030700060570024100290308
709580000000362004320000081403000206005039100000050439000840005000015923000000840
000004270040208061287001000802050006000820000000006000000080002000012000000000000
020010008000000056009600040100740060740000500200050000000080000900060000001007800
200160007700000000000007000470290018050034206000008034005470001007020003000003470
060503901003000000400082500028390004000008007000000000040005709000000805300710400
700002000008006040400000000000000007000401329003700000000807406000004900000210708
050040986800205340007080010000060829000070463640900075001400058064850001020037090
003400000002000103507100060310084759009301000040005300825017000000000971901040000
003000000840600009001000000008000000400008000006007803004002907000000408500380000
400309000600008000000020700003000005006594032000000807100000000007030000000900301
910003050060720109720004608000000003080070020000000000007000301000000000200130000
000000400800540002054002008430206009005009000900310500000900840700000000100635000
704600000081000230003000009000026000005079020000000970070203000000000390000000400
000004050008900000000000000236001905000300000007009000072000306069720000000003827
004870090000340000800000000040007005206509401093180702000013000402000310900408057
900200070012000000540000006000000251300010700020947000801000900000379000000100002
020100080058000179097400060000016540061547038070000910000004000042603050639750020
070006000069013500801407900310780006000640010690000857006508049000970001940060000
006080100908042000000560900007401005010000000602809000785304210060058090040200758
108520036000003800309080070403010060500070340607030150005368001204050683030042590
008071000003000610600000289006514900030086040514900008309820150105040070000100304
000000000000060000000300000006000500542006000300402080060087000000040010800293000
089000001071890506006704089890030715200107090005900263000000900052470000947080100
000900500000510080001068902005400800000002400100806300960045170708030200504000693
020308070470010000000000000348000902017090008050004600001003000030000000800170000
800000000300508060060120805000001004570039080182400900010000097490316000000090600
500809106902060000006000000700258060000690040060407025000500008207080400098100250
009000014027406030004008507078001000005000000306870145783200961000080400450069003
230700050670490002005000000020603908090000000100900200080570020000030590059000863
800000070030000001790080603000060000509041300600800000062500890007090010008002000
070000050008006070400173820009500060701200000080060930007000000805040203002090740
680002000070800000030004100000005900000279040020000000160000800000003002000008300
960020000000000006000960342670001000030800407859670000740010000000742800300000004
809002064106908250200641090300007080051860309400000005080000541014080000920000000
142060030070120865050000004008500012000000090000702406000301048004000000017200600
000091300709530008060200071005000004007659283000070000421007805000010607000000100
050000000800000602000008000008006000000070450000485000070090005080350000005700040
090020015104976080832041069000069004008015000006000107280134506400000008065002001
000068004700200310290100600410000209000013006070829143682001030000080091040300060
000900000040076800000500000000020006300000548001005300052030089008050003030004705
009057024500004000008930107700240060002000570600570209156782403034605700007090605
040070500835090000007058900290703054370500690400060803060045019080029060000607480
700000100800130047000004058007098501000503072153600489000040805500362000400050306
300000050008000000040025030090000003080106005000302000800009570000038104000200000
100830000085420000049700835000080043801043902400000080620100094030067000000094260
700004058000500007852300400000008003000200001000006000000005000080790060000803070
008070120007000390000000600000700000060021700000506000070065900006010400080400000
038700020000001000657400000000597010000300007000204300081600940006940080500002600
073040000000307000080005006300000509000000000000500000800003007000089035036070000
000700068701080003009030104090400700400000600807000040104978020000050890908200405
906080030010000000507010000090006173608130409001000000405008912070000006100064007
060405900080000340000798020000360000320004017905187630532000060800601000617023000
090301000300278005270090410063002800702000034005403127829004000600000008137000006
067000800300000200009270300000000000036000002020700040408100600170000000050000020
400080506630007891000000074569000000810090040240870960951302480084905023000008150
710050640000600197300190008030009000506000020000060010090530400650400000100900006
005003980301008060000500100790000821450812600000090305087000200960000018500080406
000080510930006040050000000000020800700000005000090000000000074097030051120074000
005000100026080900000010040000106000001800000208940000010000000000000002080050010
500030740030000000000000030053490670600050000090100000300004000000501009060080020
204810005005002800980350700352497100000500470700060002020000603063270000490031200
079003405050072030008050900005728140820030596001069080002000670096280300040600018
207390068930080000000120409006900304001803025400006007000760900672019053100000276
200431089030085207009762000703800000906007408008600020040206300001040000002070840
600041057075830040090000000040000000000000020830020700500093400010000500400080300
020030004000009005001000208980057020000000501000040000060000000004200000095704600
291300000540060009060000050100420000320000008006900000000014503000079200010530090
097006000000902306001080002000507031120600000000001608002000800400050003080000000
004000007207480010600000004000000000300005000106204050001040069069002000080056720
400901000015020007300000500240809150890503600000004000000700010009032000020040900
086020000000097060090000100000058020002400000058600091000000037873061000045870000
345600008060080003800030000080004000216800437734106985008003020070091850901008300
004365001000900000102000600203094000010080000600530000041000000020400003000200140
008604001000012000000000047801000050000000100007030004060000008080009400700080306
000062508020500070000000020000600007700000000000070002000950003000030004387001900
100003005630095002004012070000050000080000510540620090090201030800000021000080709
000000050680050000009700000700012000000430000000060210000090400400100503500000000
000031609001509080060007040308094700000075030075000000040700002006000003002940500
130960200000403000009007003200540700080020540000708020508000600000050000701034000
607105900401020070000000510006000720580007163972030000040500697700310000820070001
700000001000000006264030000090060000650004000000300000001000060076090080500600902
820470000740010008105000900000163080000090475000054306000530060307621804001900000
305000000098530000060000305830600720000902001000003006000200080080000600602098050
007000890560003270830721546005060300000510000040000107920675000050340900403090760
070504600690700400450900107000000510000800003500349060000090000009000050067003090
425060008700005006060080042132076800540102607000500010003857421200093080057010300
800070600620008007070020800710630509000800041508010200302509000087240000905081020
000000060700000000430000100054000670007005800000706500000000030001009720500080000
015804097960013200008700100700000081000247006000100000100082064670000003003000019
240053000030180006000024009760000010300076092092000000954008620020005083000000050
000000509059007000200350000005840000001030080800001300003000900004000700500070010
067008000409027000000000700070000009082010400190700000006093100000080090003001000
059007200700028596000056030200005000406700005000090002070000603000003720360001009
548000301000005700600302450482950036000103802300800070000208590020049610050601283
460703198002000600018654032000000064029800503000000009200060007000075000007012980
000063781643070050700925000560001892301009500000654300000500073906307020400012000
300705010004000050800400320001000760002570401700000900000050100003820506006019070
000350004500000002904070003070045200006807000000000300100500009640902007000703000
904001300730000000510870204600000900000000081870049500200010407185030629007020010
007000003000000600000500000000003005308050467001000309014309528502400936003200740
300248107601500080000706005900000210435000790002679500018065020000180600590400071
009200050030000087540000000400000001010840600700001040000010006067005008100700000
600700000120090030003040006000000005000400000296080017080170620000024009402000073
006005001538210000420760050003020907000506402002070000000000600200650004005003120
700480032800000100329006080007004309000050824240300751980003007470290013000540200
400000002000723000000009000040005260900600130072000000007000000008067003030008000
402059367905700001070120090048000106590600820361482000104090075800067400000001080
700420001190000000080000030004816309060900200900500000010007050300080000000004000
000000000000281406000700590050028014300100060047605030490030080020000640070009000
000500200003000740009004000000007600000002079000605003000006315051920000400000000
000000000420530000000460053135000004009800315864000720701029408690304570008715002
510009002008501007006084030650000000000615090079000000900470001407000059132950000
070030008039010762800600000040000000000007020000090007080020004000050800400000000
080000000230049000009086700900600307713900800008000009000800003000090004090060070
079504000310009045050030000600000470080040003000000900062010000003008020040000000
000000030004030000003209040045002600000600450060407000000006000000003006080900003
560489370040003560371005948007068034890301057130002090605000000023050009000230000
695710003000080609830009000500900000760040038000058000340000260206030900000620000
800059000064008200052460030000080690080000310000004007300905020009100003621043075
090070000010000070072010600000069030030000209009037000905026080006100045003005000
000000000900000380803000000504200730000405208680000000461000900059100803000057106
904615000830000600000000070009100000350009000106008009000560000063200090080401560
020007000000000000900060007050900701200070840700000290507000126000000000000016000
001000009000104002270000000000031500000005090052006083080000000000068000104750830
000000204006100090809006000030000000000490306900000005090000500050000607004000980
104200080860013000070586000000000020203000040006309057300970400600100579050060000
001208000000100600800900000005700061006000400007630052790000005500007100000000000
000000000936700000005800900000200009000067208050000007000000690003604570004000000
020000030093042000500010060050000000317960005609200071080503900700006240000008700
100546090040000008000000000000073000080000070371004900703400009069020810010005723
030427000200809163089006004000940810000601020000000009603074000750000600010000005
060040500970000240000000000204080600300400700000013000000000037700026904000830020
600030002501004609400090000000000005000001000152000000075012900004009000000500001
070000000050030000001600008000000084000000000000005060097500040005000097600708005
057020083060000109012380500000004952200800007740209000000607040000000736000000090
009002078000000002010060039000000300090000005000000120000020000043500907050007000
024030918890000035003000200000380172030000450207000309000060000300020000000003001
000010000006350190040000530800005041000401006000000700030609057500000400090580013
000000010800049700109070085506000820080506300930000156708090040423058901691023078
900000000204500000000800305000200000090006030000010000040050061500000700009400053
002500760706213000840009120600320047004901008000057600058006902467102080000000000
050800039468907020370020040000680000940510086020090000084000102000000800602000050
900007328517000096230096007000071080791580060000260970060005800075842600402010700
000000008000010300009000002001000000400960000080200091004080270030020000200004000
030180960000906250009030008050470326260851090000300810000090000025704030090500040
000730002421009703700000508050000924040658007003002600000004350800060000060210040
100400000050090000000063040300705009010040075780000030000000064000000000670000300
100008604003460712564001080010684527000003800086750100045009008021030475000500000
400050819000008007100000050001000020360000000205000000000800500603290008000000100
100000600500000180000780020000003900026407000080269010200074830400030200000502070
980006002002904176700002800090070340000030060000000020000500000067820009020000000
000030200095600040060148039007894000000063712000010090801409020036001004540000007
203070009960320050005896002000009000096000000520007900000903500000045006050760390
000958600009360720643200098060130080058090007300820040025680003030510000800003102
070028015050974082800001900047080500600740000900016734000000003000890020200400800
000000000000003014019000070341006000000400600000500003008205000034018000000000801
009004036603079040204000507000008019001700003328000000000012060100900008506000320
063084905050006870847095006396071008000028309085000740000800002570000003000043007
060802010000700603000360920279030060000080700080000000628910005000043000500000070
825079401604008790007040000003600008002930000000820359370001905100000637259063014
000007058000040000001003046087000400000700000503904000000000070090071830000000690
000700800860204307070090402000000000000801960906020070650032700008000230203987605
073040620260800005045060000052610000730052060610000042087004000300520800000187934
010694500005000069090375800060030002000027106827460000102000378950700200080142000
010059000004000070907003020073006000100000080600000007095000400400000000000000200
500078009000000000004000006302507000000000060060001390050080003620700080900320000
850600000006000850472000000020000060000000028060802010000010000100004000040020090
009043720820000000050087010090010870000006001100000600901030060005602109000000000
700900810209058360000000000400000000802500604000040900008300700600007281004810500
041800690007310285005906031734000900080509304096700800008095700259030000600000529
706009000009004002010000030900800060000090048000005100008400050200003000000900024
500407900041000052009265104004000000030509060052000813890602341000900006207030509
000063407006007009078509060000900356910356700360000001650002000000000000007090030
000000703968300020000000906300810095000000000080000070801750030003080000070420019
009700036500000010320000000800100007907000004010070380000012905001900000495000000
020070100080000000000080302800260000000001000063749015400000600500000003012037000
000137506856000130017000492034871060605300801001060320009043008000018050000250043
603000790128009003705600008060000070500040800304000510081005006450263081236910400
070900608080057900004628007000080000010030080060400009000000800009760000001002000
000582706002000003697040000000070008073800000810000304259064030000200060000138050
294700000600400070000006040003050016400007830000020005006243900000509108000680000
200703800506002000070805090062900000700600031103400000007084006450016379001079004
309000280200970006064000397082000504600040008500000609036000970907030000800020403
090503001005100000021079000008620000907000040000090300060040089009310002470050160
008059030500000800307000109910047528070020391000001607000400076700000003000070005
204007900006090024003010800300074000471856200000900741942060085800040600100508402
920500084004029005700060291002090040500074010470000900000000100309000000040013007
500040020060392800200005406007021500080000009005900218000504090976038005400760002
012900080000000000790530001000005006000000000035001800007000060046050000000000570
008104002010000003200080004000000000000030000100026000006007000740210300001060407
000250003500301000431807052000013870740960305050070060004020536305084900079000480
205000084093010520840702300708500003006007005902060800029041700507000000160070932
120300400040802000000904000000006100010007009005481723007608010000750000406020970
800107906000040010000360000300000108002000009500081000000050001007004080200706003
068354000702186503000000000200891635036007900809000400000430780007000024420978006
060000031000046780000300020000004900040000173096030000600003200500000300030000040
000004000000000030008001000000000043040020000000005800080290051000486700790000680
000008020000000000800706090000085300360200080509003710000030006000004001076152908
598020000163009024007006809720030600014080002800900001680000243000003168032108097
000540000000000013700200004005094000800050040009008005200365007000000000006400001
090186700020009000060570000000000240000000083050000071600010000000600107201954008
000060000072904351000000000006872000708049005000650000300020000200590063000030002
800070001006000050000000804000000100050000000000700490582007309390000607001000000
030000000400310908059020006396085017000063820020040603003452000005000300000809000
007000008000080000801000000100070000703090040902600807308700000200040000496038002
090841700001002900502900840009608410047520630068010020800100200920300005000006384
004009100078342000000000000000000000700036050000000000000000070809400000437025001
700060092100040500003002008004316200300070850000004000621000405400620907000000601
802000000135000082000200300300000091040009030000000068203000000000904000080000000
010300090968070005002080041806700520005060170031209000009640010020508460604132008
000600420063104000002800000008900200300000704251080000079000000030208000820790000
000605001000000700076000000700003000020540007045060090600000504450000082098050000
473500100200007900000001000086013004054608002000000806007982400000130000000706080
030200059010004706400000012071002903003076285200000601068000097004703000397000000
000070030170000060020604010986701023041250896203980000809060100000502309502800040
790000000060000031015000079000213640000090020001068907100632000603900705000105360
005003000009050003020800000000000020000100000000080005004000608000600000000947512
805023901723090005000840000900000020037006598000058000002000754000004002000060819
504230000009178064000000230910800400006000917020000050091700042085000091040091000
630000809098030072025890000000078940800000300000005200087100605056080004000600790
897000001006450070100000060240875639570000402900000005005900006009216850000584300
006005000204670000050400000007000004089004006000010390470009802800000009090002010
000001070009003008000792360693504780700930450401827090817209004000100020000345010
009400000408000750012009030000000845045060001001005203006000000320106000000000196
802100400060070832400030060000024698690001020004008050247080000080016240500247903
041000385530100000000800400010042070000531090000768000056310742004000001090027560
028501963000028000001936782800050020100690847600804100000080390300260050080309200
040800030001630070000004200060300820304720001002006903000000300000080000000090000
903107000008000007000050630000073000370001060020008040007010890500000120000005000
840000200700200900100008300085000000000002070070010000030020895500000020000800000
600000080051000600080000001030000000879240006000000000700800060104070028028000790
200703905005026340437510028674130800082407000000008060713000400000000070040370250
003002000070000040002500060000004002905010480000000601000000930000000010060040700
802000000065002700030005024001000000090307010000001480003000000280000030000010200
900630000000000090000987000793200000005048370140003520500800600819306000306520000
005004100000081090300000060000060053000007000037090010006010920200840000000000680
003096007010000690000000405000000001600000300100400076250060009300917500071240860
259030000031400950000902130500000040006207895740095613900060000005000700107524380
073596001104000500000001000000360910536010400091080060400800609000100850000000100
600070900100029605900000100040030000009600000500080000010008050092060070000700800
300020004000000200005000309008050027000000000500007910003570000052080003040060700
000040000206100704000003010007030000005001060603802140060008030000506800780394600
902070485580092000700054009058046300490720000070010000300400700809000013600005008
000208709009050000008710003901320070000870901800900320002400006036502000497100000
004608007960001052730020860080109740507860903009400206000700508000910004470080690
206000705000007000000040100000000010000000009002000070000006000000018947800400032
000200000200300000305410200082050004000000600000000180000000806800000701021800500
006000950980320400410905060000260007060070045170850290040608703098030000032000609
000068090000000730029000080205000046034000010000004050046000070900007000010840520
903000000004008000000100006070000000040700650630480097096020008052807060700060405
630000090195008720720905038200090007000800040007001006500000000410000070802100000
200003600084567910000092000971084030005000020408300079000000000000000000500670000
000070603063412090007000001004081570100560000756240900870020040600104700019050062
704300621206075300800620000002700050040050296508090014020100000001040902000030000
061204005000130080042070006000840700510062009408001000100008400086000000904013000
025000680000025070000618002000106297000270438009000005060500700000032800030064010
460000029570000010000061030109350278007049305300287090030705900720918000010034002
203000056419680070806007009605700900300198620000060007108203090030000100004816530
070056180001720004000900000700300800435000000000002040000000030000200005020060008
073010020000000010000825000065000009000000000100500004057000602692708300040200050
000000000670510030003000108036807090000900302000030000400005070592760000000000920
004000000060000050903458060495680312006013095000004086500800071008000009001900600
600034002300018097020709005580006700700800000206400010400680000900140000062007450
000700082482000001970040600000104000000000000700000530307000065000600090005037000
000690051005000206060053087000007028000031700004026130507408900920300064040019573
260140050300080017010503002000200000001704600400060120007400096002870000500020700
500701600600540720001603040200000000830006010090010007100002000000000002370008004
910020000006045801543819002005900008107502943009000000600000207000050130301278000
070940200026007190409000730902705003301200006607000009700413900095800040000020600
386000000200190836910836427000000000000000971000901350053080000802740510470513080
700000060090006720006050000007034010901807000530060070000000090010608000045309087
000209000259006701300781200000403867000002000090800512000030170170900030630175920
830000000000030015070490000325000000000023060016009000083000001250001000069384002
000017800400000600700000000050009010960000000000200090020070060000300050570100080
000000008800600200000009010000478000040003100693005000032000069007000320080310074
004008000015070002000560040000100200429836010000940680000200508900080070056700029
400821396000060000060750180081092640200070500670000230700238900046500003830609000
500000008468000009000604503050008000000009807007460950004007080600042000795810230
000807040500002870000000000039001005000400008200006403000000080008600000920070000
104760008602800043980000620750080310020070000000031005597048030010603509260000480
314079800020010900009520003007900000062001030000430069000040590090103600706095080
001008000083000720060070080000054190000807506006009300000000000604900010017403009
000002531000003060010890400009304800000600792065200000300061200600000004298007610
503076402970020538421083067600002389000000074008000000235000000000030000060010050
060030708000870609078904021002086034004017005000400172000000506027059003956340080
075068000000040570320057000008009000402503800530681090069730050000005062001296300
000000270702435908089000300000000000500800769007000083205004000000960500916200000
000063000050000000060400002000300470503007000040900003000500000010690300005000080
000170483004050271170004600009800000503009008020540907000030092000207004207018030
018020000030000000040000500000030000003007200870000900405000000026000005190400000
200000000009003000186400000000940005090070002005600400000000910000030007027100004
306000017057009400002010000005908000089420005004070069003000701071356008928147050
003000800040208300920000000000301900000000060630009000000080000000050000800034200
900080560004005900000020300005900000000008004800000200000004020001050009000007400
020308100385910002061000500006000010008700000000089070810600400000000960070045380
060083071000540930800210004943020000506004002280051009620400800798060453300800120
016059800083104059000830104060000320700640501100020608691205000507403006000916000
000408315001002008800000762000800009000049000004200800015600900060900100008154623
500070104000050000000010000060009040000506007000000260003001400402060918910040670
005008000200070806600009000003000000000000000901200070000007000457010200006900004
000050008000326700507000020002030100365000280071002030708203400654008392903500870
800702006006938070001400000680270000150000000307040009000080000900000000060020700
000302070300009504009000000030080640980006700006030100090603800000000490000104300
002000100000710009007260030070520000000001006005930001740052060201093087000840502
000100002200070130401020907000281700657009008812060003026000840070000000000602370
802051007651000004073040010007000208280007009304205070506010003030000001710038562
000005160000000347002700958000052003760900001050067400000580230100020790000000000
000300000300000089540090006000405090020978300008000542004039610050204073700000000
000008050040001020000000100007600010103000006000000085002900600000030079000100030
004000900902604080087002050000000109000020800000109500000200000000068000000000200
000082540300009080080040067000004600000000000000906000003000004401003008897000000
000900008680000902000180070000700000007098000003015004005000010972801006108064000
000420070002100865007508904280047013000050749090016008000030082000084197420700536
945067280001950006076012400000620810000000302002048000060491500400035028753080049
000012095000900004600000000000000000060070040785000000090000000008029000506000019
307000149000302056865140370000900004000630005058004600000400701080021000702503098
028000004030000200000000301284003010001040090009010042010000000592036408040005136
008600071100508009000017082009700803600032000380050010003085100000046007006070908
006100009700040002020007000000000740003000000060500090000001080002006410050000000
138900470000000950605400001024000698000008000800245000050700060086009014000000520
000090014930124060204007900182460309040709180309002000750900426000073090090000053
200004000605120000308560021130000000060000310507000000486005000050370840703608002
010800005000500100007001298000103902005607000008050700000005000040000500950010000
006900000050020000000010000090050040000079000002040009007000081014060000905000060
040978020987000060200010700708030019063109000004702050852060040000005000310000085
003297000972580000065000000300020050000050000000701629000000100450073000000000070
000160508084270000006040200708600031609400700003700692040950300002014950900300000
500708000000040100090060003600013040000000030050000200060300090900000000000080002
976080002250060801148205609709000000431000000000000030695800023020600000000342500
900140830000005146100007025090703502082000000013002600070450001000001200300278050
460007905000400300000000001819604200000810604074003000706090100040000002000040706
010040025849050001052003000408700000500300082093804076600000007270530010001000603
704960218009800374120037050803600002006209100000018040387540000290700400600002830
090068057300010420570009600912034076000006201000020080000402060008003910037000800
000004809000389005000000000600428300000000607000000000000000000500843006438000000
040702001090650200023819065000000020210000000030201598300120059560307002000096730
302070000408003000070800000000700000000002000047030601700009016903000870006000293
800007000063400100000003400078000294005009701000700050000020847084500900000070503
000000502025900360603250009000089004058060720046002000481620050000804230300095100
257000008934806500600700390302040006006273400140685000801507003003198075000020900
920010004804090050000004000000070080600900700710060000000000379000000201079020500
080190047047080590501000306005260813402008070003009002600051000108900034020406158
003001540170049008905308671092080010607000000510200700738060052209037004060002800
000001000043900100010354000000043050038000001000610080060008000050070000001000607
000005300360921405480637201074190050010500674800700903008006500520070100106200040
708001200004008050001920600000106040003802000076400980240609100317240000009007000
809421376210760590637080100400000039001000054900502610000039085000200000396050720
007000084481036000059004700700300021120807360063021007374605000506018003800470600
009086721002000600000210000850001000000603805090750140068070004003060500500342006
419050200032000785800030000701000390205003174000041008000190000190000030074028600
700801009400703851850009000004507600017690000600234007080040002040000985072005346
090000701032000689705980000000030017071002000003010000054870002006040000900063145
000006380038000000400003007000050009907040000000008040059007401276034508100895702
029504000603009400584600020001005600840030090090806130067010809008460210012950064
200840060008007310000300805050073100306020050801050673107280500005701200002500030
000004007804095136900003002000509213200470000000321704400050000096100070587936000
000301520030020700095047000000008031670100405010090860100050370703000054546873912
200000700691407300050083100502006407000900000070000600000100000140025030020008904
000070680806000703030068000605031902000297068009856304900605030002000050564103097
150030080090208000020000370809602001000075890700009406000803504003006010040790200
008021040000046503900003000270000005800000010490805000000302104000600000020104600
030000060007000800002005000370000204000060001001000000005006020000054093900080405
040629001371058060200700040907004006150280007020307154480000000015800090603075002
052070030000080506810265007470000000080000050061500000000802060100004000000003280
591037002040008590802915740100803000050000080304060170020000007907000000000300020
071003950034500027000010000050032006000080000000000010000050079700001500840000000
310207490008060005020000006457001020000000800180602047000708961070000302690000004
000407300000006407070058090000000000700080264000000503090012005400809600000000009
008000000607009430000700020000500009100076005025910000000000050003058000580091740
000000002170000060005200000050390600600005020923008050800000200000900830000000540
003614500000072401010905230000000910941053672600100000730261809804007000062490003
000000400020004701040180236700021045465809020000040000102000590034090002950010060
760801500094000803000009000008150907920000000145070000000260300000300009050000086
900000720100070050302500081000030070007410360000000000059100000603000014000320000
005806007604037000093050806940021008050070300032000409528094010469000285071200090
754302001620901475800070060980047036400006008300008140200000053100700000030020014
700000000604005300001080040000274005200060800000000000060000034000020000000407000
500000001090000530800306209005263004000004000048017020006930410400600000309140765
000005678060000190005008003050000309030000840480030507001000000006070000000000900
046070080000009400000600010000963001039010058174500000400050629902000800500296004
006100040172084000508060071400910000700408160961002080010205930000093706800671450
000009000009000000000000090415030800000080000600010329290063000500000000060040900
200010004801000076905200013008001405402600000300025680700109562000000000190060030
400020597070400301300097460600015070007603005000000003000002009005700800023109740
000020000000107023403005100090010300300000002710006000800200639030850200000000051
003010908052090000987006025300000781240801000708630000500000607670450002800900500
403001208800405000719000354004000835627500400508100700001008000080050002005010080
006085000000007800009000000867002000040060000000000600078050000003079500452300008
607814900000060014040932765270050049500309000003620108900570003004200071000000006
003000050000730004402100000000000800500400610060070090050000260000060000000001007
100000000700500803000600010007183000000090000004000001079031000002800000000007000
687005400000010086194708203010520030039070062060040000500000000023000675041607009
005000200000306500002009870200004008806290040500000000000030000780002050000005087
000400002003085610460273000800659147000000008004000500040020960106000200520090000
060008000170060085850200040500000860790800050608020079900510000047080031310000098
000000500000051008000300027000730210520800000030000000000002000000400750000609000
504000000008004009097208040100002000905000008300005107400009006759800000000020790
062003090108605000000000000000800020085234970000010600250090800000060004810000739
000008500070100406060000321049027010700381004100000200500060040080004000007000008
800532000000004000019000035090600500760305109030001000300200000005416000000073000
000584092020760008580021070000849020049017063007635980400170035106300040000090010
039004001000003650046080073003420008980300400200000007090040010007500009100009000
000500009206700010970008050040070001783012940000000007437201500000300028020005030
000070034000000502000006800090700000405060000000002007000007340780040010000000728
080100590006000001000050480347900658000700009129005007730090860804200010000000000
020040097000000030534017600060050712010003549045102803002830901003501270100006080
450002130031500009062000854043005070295000000100003002609800400300050010000000080
408016750006275080025940063049103000870000001003002094050890300987000015000020970
002600090000970000300000000900000678504000020600200010049000000706490005000060209
004007006700056000020903080006030050000002009007009308508024000002000000130000060
790102600536070201402306809051080924000001380870409060080000400000604008160005790
000850000000032580804090370308541690041000008960020001070200109280410003400670000
968405170001800000054107000740360980600050247000000306005010038027600004000500020
003509008950810032001004905000080000000000050070056000004608001860002000000005096
007009000009008100000007003065000701000003950000600000594800307080000040306050010
001800095049300002200405016000760904006924053092000768900500600000209541054600080
200010004463500190809300000040000070006080000007040000000090000708000026000206000
090000002080312407000000605002470000305029048000050000003000000078001904000700001
753000008900005020200198075406012009008009607390007000009060284637280050000050003
400000870009000002068240901034000008000364029000007003040530090352001080000480000
134608000286509301090003000009007180000041090018900705840700010001080679060000400
507000008000010700003400009714000002300000900009000000905002040000790006800000097
091004000300000009000900430130000800000508003058319040815400000206100094940000500
080400090701006005020007086000200050050000200000001000000009008017632500000010002
184000000072000004930400570001003000360000000800007365093802007010756000600000010
003809260000605000260000000000000028020400900071008006004500600600900050000362104
050702010726000530180305070030007000070050360405603790000004680867010423040076001
000400100109500004000900700006030010400200000002000000600040000003100847007300050
070500013000007650005100040000040300000000064000000001000000097812070500009000008
000080005045392008600104000290700500050209000700000000000000004904003000007901082
000008020850002307290736005710080004940060050530429670007000000009001500305090002
459700301000003000130000070900008106000300850000201030200030000000000010300000000
031204009709130462000000001150000000903050200000070100000090600300416027000000000
002560004487000000090000200360940008070010000820000079600080300050000000700000000
000410020092036000500027638070000000004090000200003000906058470410200003000000000
006850942090300500050000036000003700008524000003070004081745009740239860209080000
000096002095000000200030950020480600000000000084000090300009104000000003000003700
000005009008000070003070800072510906045000037869207500037401600000703000004000090
000020000049006200000480350605001924701204600900000030008613070063700090072058000
003000097000000000100004260004360000000000700000000006002600970600900000900400050
028003670001240500593001028050610847100087000040500169034100000005006000780324900
003000469002964573409300100001000095795038004600590830000602900007800200010040008
000080000000302060030160080003001000080000006200000350000230000140500000300000700
500009070000000000894070650080020500059000720206000810600500030005834000000001290
000090031200500006130006002000000050001070000302104670009300000700900300523000068
000000039030050010000903504100030600090000007080060002020007401000000800001300000
100964280038051096400000100045000800020300700000507062080003009004280007070005008
000300041194028035073000208007900100359010806410080500001800657000100000040500019
009080310000000002031009005095070100310600700070302000900700001743106009020950037
060001908897000020100090040230900000019080300486530090500000006600005209000006405
002030080036010052010000006000000030340020095905000018080050060600300000000970000
175008000040639000000005002800007025520300019907250000000800100000000380480000007
046000000000000390230000000600090040100002000000000006008006003300070000062530100
008007903750000000000006000000070400090068007270000000000903160006045008080020004
705308290000754080000000540078090015010080900200541076063000700000075360007936024
000076200760010000003500600000030040372050869500690023000700300430005002297040080
080300200002000090090041680000030000070904000000160003900016000805000000164580700
000000800030602070094085000000730000000000002000091000000000068000800700002109034
090040068400000073000970145104306000000590000000814300061002050049001730000009000
184030009000007080009040500045300000000058207037010845900024000300100402402063018
050000000384592006006840020500000003890005417000900002600000090030200060028000040
000020300070004000002007001060000703009305000307040010000908500005060009980002030
500300800400008020000275030001000005007046208289750000130069080960807003700031900
000159300005400060000007510300200000500090804200576900900003402720000003000040005
008000690490007000000000072000900000000108009900700081800000700000000000040002005
800600940034010650000040802709084260348060000200795304503000100080176000100509008
300800064000406070000000050000060039206900001000108000500000000003080000010000306
003860170500027093700000056100604007007300600400000000354000900200540000000002000
000635004000001500350400000049752600527086010800914207008020700070840021200060000
000058204060901080085000000090067002076210803200089600604090008000605020000803000
470060301002003000800000200080500009201300650046001730120030060009100070000600002
037000000008030042420600003500802070760013000842000300000000008000000000200980037
304750809860140275000690010000300006000260480926800000098407002000526000000900040
004070050000500000065400700018002060000600500070051000940003020030200900800000600
102000040000000100000208006674009200005400090098501074007946030069080520001700009
090581360850060009600040100020006003016090800904200670000400710245010900007000520
001007603007039412000420008000200000006070059084390201000740005402000000090163704
507003900068019500920070360200000000005000089073890415050028000830901006100500030
200009700945070026107600500500160432700200800000080600051720943600090105030008000
000590130029003000100000529006900000080000010700060000000000000600000005008309071
409063005087492001000070900943681200702034800008000300204319008000006072000040193
480159003150370600002080900020000100091003465004790008940017830000900002210600549
908001630006490075501020000060800510789035060300640987000000400024010300050200791
320000049840723000506940020900000030002106950000450000290001460000000103000000008
500032018008005027030000059020608590053007000016009274090104800471080002000090000
510006000800000102009050400250000094600000500970000000160008000098230010307600000
000200600100007530600050009076005000000006045045000070000000050900000010050000000
060038100090420060102000000000000380300002700000000010470050000008000000600000400
000000095300906002090020073060000207740093580080400009001367950809201000630080000
368900000000500000100803240080090001700006000601080790000700000006009007020008000
083604200605020070102008504500007030300501807000046051450070000900000000030000000
003042000020657100500301040100026300000008604064573019602030401840065930000180060
012000300080005001500000008000000010920000083160008000271000004349710065650403100
501009060800000030007050829183000056042500180000810902300000600615000200270000300
041000859700009006950000320872501003000000091005403078009630700000785014580904600
604000009200180006018700000060000100490073000800000703000407000000021900700000080
000206735060000090030409062300900000010000000002050400000004000000002001020005900
730500000008007510000800000007100000306790025200603000004000306003075281010000450
000000605300000000005807320700064000960501030581700900000070290296458003170096400
095400706000760985200900031500090360180000057630275000902084603410037090700500000
007005039000000704000000100005000001970004002000050007150060070700000003000007000
020700000090010000013500790000000030200000140000000060000470000470000051000300000
083000006000389500107002090000030742400068350001070609704006900000500000300010268
000203000026859014000704003000030000003090042000000008500001076000000000190000020
100397005090526010005401070006008000047000000800709300009200608500900000000865140
900850301000700000000006007000279006000403090700600000200300000603900200010020600
400090010013000000500100480000958007607201800800376004300080000208069041000000200
750000000000800500198000000020001008610900050070000030560030470900006000081000005
035094007000000000600701030090460001157300084000100000000906008804012009963807120
000000000000700400600000380008600705206537000305009000060070000080400000050300600
801205000005300104937480000700002359093004206060900070078100020050038000410009830
681950000237080000450730106040800000020000347005040820390270015006403078870600093
500609030100025004904300000000004700400507000700060000820010005370208601600753020
002000000000900002800000004013708005060300040087000000020034900706100038008009200
000001305200974060600003097400167000006020500380000706520710603803000901090000054
000370940000950068009180027080600200300290400900418000007040030008009500015863000
000980020003010080800000000000040008607209500400060000502600000000050100060000200
050002403930008000702304815000400908009250704000030000406003020005000001803005049
000093582020006490034000000580071040710600358400300070000007004001000007070060035
005008009004609000607302000000000000040000080200005604410700850030001000700003000
500600742207050000080704130003010090150460027000300850460000910305081260800046003
000008000000001500050009000380057000000802900090000803005406001000085000000200050
850002603007316089063005000600003924030020061090000358080670035006001800310290076
694570120000001000010000850070800002030126794000040000820000009007302400000005008
000090046800600075600007000100000489035000000040170300701000090409751800300469510
000080070804000000090000280050100000070000801000200000105000090000004600008700015
486700090000002648900046007060300000000004506004600910007030000208060105301008700
431850000000103000000209030103000900049005000060000351085600000706401503014538007
050010000000900641060780590648007900302159406591060700000048000005601030000072009
270304690010008045350610207000801070001000950037005800006000000702003108500100000
000003005000005860405067103000782010080319500300540000930600270000904658008001034
000000000400027090001009000147000030600000000030004029000080000800070902004091800
090000100000610000006000480904006000002090016000005048009000030007002000600950800
074085000006070080589013200000109000007804000000036000005390760190207000062008193
005000004460900180081400570100007825528146700397008640702014000800009057030002010
000703000007014560410050973030500097000900300789032400008300040000000031070420609
600000854805070109003004072000405010456000900270000060062001008019000026080006001
201340670500080003049500080000802004000413000410700008058100039930000420020900050
250600000010050360900700002001090000680120954000000200040000080078041005500803000
070000089010000003000000206094013805060400030000000700950030620300002950008000301
000005089573209060928061005000000940000170000802000073089010002061052004030804607
007026009000000080491000032903074000268013000004208091080000970130709508009685200
000600148000400500100300207080003670000750000000020000800140000050208900004037000
614008000005002000023001057000100000300006000000000003000010078800905060030080090
000000003003050000900030000800040009650000800170020050500002006300000020000004090
002800000000203000470600000040008000031700005000000007503400000100900003009000010
920645800003000006040080200100508000390064705500302040030206070210450398050000062
000201760120700300670000205000135000000000100500604900000800000300002800000000000
069003000542907000080205796003596801810004050605018000038450167000071003100030005
062009000504002080089050200103400028040280300007010006970040002001000000206008100
050000400070100500000000790486390020000000064002600900000000640060000000900001000
000043000008019034064785090197020006850971000030008017240000075005092000600150009
304010700700040501000000304130900002000027130000000906090000613000600000000009800
090504001500020000000000030005402060070953010401007300068795040300080097050300680
000200000207000000053000100000072016072000000136000000000761800000029000000000000
921875060004200007507003920000900408792004030450061090010700000870400013005130000
100060900000000000836795000000041080000008500280050419007009800590000003020376000
004001300000300007503007000070003900010004000050070000930508762000700130007030000
020940186704180030010235000000300400000002009900471060800000590009708000302504710
006000009000900160090000870000805604040000000080496000000080000300000000908003000
008035470204600000053000890942500100700900600080710049300070900020300004417000003
000100605006007001100000870000003002000700904400010500000040008600005003002070400
012093008000500960000008100000035806000020310030900247009000030054300089001000004
083000061900000000600004000008500000000800506060040009500630480036078052870900013
060000004902040610400650709004100006005000840600874000007000000853000000090007500
091003000007981000040027000064200030105039004380000215430000102000100000900000756
000820070907000800100009000008062007206007400000003000504308200001000000600000010
005000000000008309003027080008402701600009020000000000000005030080000000506000010
008006001020890060630105008085009100907600825310080000050070609802004013009051080
900020700008100695007950840304060920561009030000070006040013080013005004005000060
291003645070040901060920000900108300700360002630090108380059200000200030100036459
273016480010058000804300061090640053000800079508200010060004030481520006000760108
840021000000035800500078102000000000000000006204060000005206030900000008020000000
020650907000000000004890103010008302750030016300100758601405070000001805040720030
400000602000008050000000000000200501000700090710000408000000005007039260000007900
590000040006040590207100800000064000002570308000013000084007003700000680000406009
008902005004030080700006900200500600030008500500000200876021300000060001412300067
000230010230960040000000003003000002000400700008790000870000000005000090010045007
400900030060037400000080956100600008002008090080005003001000304000000060020004810
000000000020000000560942700040000001070300000005004000402700000100000370753000048
029008410010900700003000020300160070900030001050000340064019000000700004000006090
032600514400000090600401207024008000106340000080000400069004070070500140000800000
007000094800500006326900100000305000730000410000009700063020000000000060001600240
950080000001000000004009820100000000300000000000000000637000080802706100000240000
006020007020571640170004300640700801300000004008006000854002070730058920200000085
000000050003060002100003600020309040700050020006280730090000408400900360360100000
091002003782040001040500780407000805000427906000000407060208004008304069374160250
004560010500010040090040500100005607058000100079032400800900000002050876045806001
050000000006001957001000006009070000008002000400009000100093684000600000000000003
040960500025000060000000000500000200100000000062400700000300000000001009000040671
042003070000024560600000214004036007000040300800200450906070105000010008300968702
010003002040280090026090304200008900479005016168000023001930200094002008650070409
000000073007541000000023450008000000010060025530000687000300918000000034000090002
000100390010000000934000100000900200406000500000000900089020005000093060640050009
280600904490000000600403012900816540000030060010000000107509000500000600000007090
950300814067001920800900370500010080010400507408070031006200703200700008005080009
000030600000605000000000000050489000070021408048000010004070300005000007007000000
007200900000391050009000000003004009002007500000000007000000640001060002006080070
006001070000000006200030500000500060000000800700000000000005000450102607900003008
400198000530604819091035467000410080000000701004009000087050630200306170603001205
840130090906000301500079000050790060097480003684002010060000100020913678319800205
000008005000350007053000000007080000080010730000760000020030800008100603500000040
007840000600300408280000093009008017800700900000003280403080070560007340790004056
002007000070000000000016000300040060000600003080730000000050080001000090038974000
978001060026897105000002080000084003307000020000039000260070000039000000080903002
000134007040700906507000001000000030604010000790400050010920003803500009009086010
300009400090471382417008000509010268060500000700086000050940003074102806123000974
000000003040931007310070800000100000971600400000000100100560094605300000000010080
100002090002009000060070800087040060910000030243906570708390600000600000051708349
905830176008000000060000043200400768050700901007000435093648217800000000002305600
801500000900007080720010090060002107307605009040170058683004710172030900095021000
720584006050009000003210005000403109340900057000708000517840003680300501039100040
000000086120006407000000900900050000005704009000000060037002000000000100040000005
030640078000027003007319406000004000604000310000501647720000004008000762000070000
000005000000806207004000300800000060040000000090060000150039084000021009000080001
000000023000060070900203000300000000870400000000030007041326000000004000003059004
060130200049000007030000000800000003000020000706000004600000001000080000005090680
017200000600830070500100000006050790030702408000408000000080007300000920700920600
001400000003000000004300100007080050050090200000000091019806000640507902000012800
007065420300240010090070030000750060010093800030082000003906104001007006960000350
000004308000050000040080065490020000010003000000540012086005203004000000070000400
100650700007002006000807001060780410210369500080204063000500804028930005070020030
150603090030402570429100380576300912000000800304000060003820100000901600010006020
002010700500070020000002005100028006008640951040005200207056800000000000406081070
802700609300000040000482370067090004980300067004610005003006028096208010028040796
050000800000004009000000000249000080000000020015000030084079100907310000031840000
978001305500090160400003000105930007009406201004002000040105902651300400200084016
039405700000000090071398000054002830260001000003000670700000200006100050090000100
010000047000047006307006502103009000475003009000470060034201050000708034708000290
007050020000000407000000050050200900020906000706000200070300009000000000080065300
006700008010000340000810000500089000024071000680300100462130859030000000000060030
000018000490025810003004007000080009040050681680940350100860200204500068908000130
400760000000900060000000042076003010004607000805019620000090075000004096060800104
071000020920003056000089001107300800000070635600000007700000060010002780000000010
800000642007000001020000075200000509508000004000800230002100000000000000000507000
001074000900031467674000003005000908009000000306789521497852010000000040003000080
000300008000800627000002000905007100002000580600050000003080740040200091000570062
860000000010400006200000091509000010100900004040810000006078000000002000781500602
000040000020070000960050042092360001000105000010000063000010000000500010800700635
046002001300604700520000004030498005900200000652070498065007800073800006198540307
109070000004802500000001764900500600000700090000000145086090401000600000090007000
500002903800003564900004802081097050000056481000401200700648020000705008648000735
287900006001000030000000200002800040009003001004000000000100700100700304090004000
070002004061009070950080200020060005006300007030200400000800000009107602003020580
000830065098005012650712000073650000000020000040390058462901003035046000000580040
700806000000000060000540002527369480040200006036000207000090000269083040308700000
804009307000680001010705040000063000008070030050418700007300900901207000400891072
006100370307060005002070060003406012900037000008002030084600003235700601619250040
000004006200000000503000780650902008078000001020080650030000090002000065105020430
075000406042000010000260000100420600000000802084700000706090004010000500050000000
002450600754600208396201005000000021015004000000500007940060002060000004020000006
000020070000000009800000000700080005300060000000900006000810053000500467203670080
005000060007003000020000000058470036103050247070000005709240000600000008030987004
000300600209870041600005093903580400021600000708004906800920060000050109092000800
000000000000000130690001520069040081000100000000060347056000000000000650010006009
040000060032009800090784253003000016060000000050000007000470000007050092085000000
000400017070009200400100000500300700000200900200000600008000100604000005020000000
790820064000160090160000000009000000002000009400500012030000050007000201040607930
050000473020073005000185692190000048670508209405210360040051006067030001000006800
000000000650003000009406200000091450103005806500000910000230701471060300000170000
001000800070001209090008006604010000010020060020080000007006920000059083009030010
009070003800500100063100070090000600001008000000001098007000300000087450406000900
384000005100005000700000600627000480900841060040000500006079300200000000038000000
030004010070900506200500000000000309820000040003005000006400287700090000350000601
007000213120507009640200580065004000014802675302070100031000050590301028000056301
904038517517902603080001924006053070000804005000097040002400000408000052360700490
001000804820000590593400000000250487000900002000780069230647910046509208900830000
000210384004905721000800596000000439309526170018094602003009207000000005405072800
600900300704106000890000056150279003006581270927003001000000010061000030200000000
420010380000005000000000050070061590000000800680500040090003027003000900000900000
402103005900075402000000910291700006000000000000001000007500609000307000004060007
065032400000000050081670300003090001800500042000080000106009080200710503530428060
506040070048070020001500800083000902209000500000200300030000000000830050052090038
000000800000000040601490000310800000004000000006000100163900000050036090000020600
200050080000004105165938000000810009400605830001407000010789000798542300504001000
063098001000107002170000004601800040892745306000010900000900405548070060906004170
300000040071040000000325000100008002407060000000100804520030480600002100010080200
035009070600000050000850010300000007006040081018260305003700500540000700709520000
490006000070000020610700409000602000009008000050003296705200168000060703000057900
600000203045200010028000059867941305104005008000670001453062100080097030719530000
105700060060010004000608000352400000601002040740060300810200096007006010400003000
007083491800910700004650320240000000971065042600408179086000000009800014400079003
900257148005084690410009070080090000007000309100076000801763050000918700000005001
000040052902030400400200387000300064003080009800010070205074001600000000708069235
000502407740060000502700000000200008073000502250000009000000900300407010097621853
040000000030600210000830000600051000870000000002370906080063194000010802000582073
045080000300000200200000040560107904000400000904800020850301406096258000173000850
000000062000100000004268000007000320059000010000000040003000195015300200020000400
205400691190003070000609002050004800002890153008035240680050004000302706020708000
208006000070580390009004500302060805004920167710800023000601078847259030003000250
090000050304000000015200600529036010470000300006070290007150009003047000102000070
001200000700060290309870516000708000405012000008040020503007000046100002297080135
050803076893604152074001390000025900409007023325089001000900000930748605008000000
431805906002300578507029000100067000000081060056932100004050097009203801810006040
890010605300060000000098100170000039003000000000009700000100007006900000201607004
000052300079460050000973804000001905025004086000009430792040500603805700008290000
004501090982460500000200000408050120503007000200000056049015082006780000020034605
900000006801000000536004000100608000000700100050000680279001000060000300300000209
064570000009004570000200064795002000030700142102608700080050020000000050356900401
030005108821030040040020930200503000305010600418602070080261050060050087903007200
010000056007654090000000020600000070050060200020075000070036049360000010400207000
004130000060040031010600042581064000490023510002015009000300005007500290600492070
030000000027050400010700583090010200080030040070008000003000805701005034002304010
000653027907000360365079000836000701002400036741060000274800050650002080080590270
500006000160930070900570106018060000396000000050000009040600200200804610030207800
300000000094000260010040038009602105008000903401390000146059000023401007070208000
500690000090020000023400600302004900000070841400906037000700083800009000000100000
000800500980365042600000080760053490000004807004070320850102004000080000002049600
001007060000108000000300800000901080800070050019000006100040930400509218000010000
005803627070050000834600900300004090000190305109000700260530478590000016080010039
050002000000040821080007530670050008800700005000284000045078003006405100700000450
063087000400300178000004300009005002000908050010020000000800527205040800190502000
700000000009407020025601000000000000500009008070040000000000080680000092093000054
070030060906002000000400020000010906005824000007005800503240080000600090409100000
900050080803000000004000602090000805000580901400100006530020400100006000007000009
030750426005200080200800000086530000421060300073012008000300010000609005058104200
010064957000080004046500000080006019000000000090000000050802003637010002020600095
000070020007800000804300006060000230002006104000020500000004090098007640100009300
300060004070009030504010026010056000060004182900021000000080000100005000038000009
008030200600000098204000030302100900001089370006070001020004863060020019409000000
100004800200007603070160004000008206080000509000050000000800060850001002600900000
240000107803000000009250000450603729000480013600709080007000008500370900020500300
950070340060200010004000000500800004040003000009420000090000003000080460006010000
008520076420000100300890405004000000001409003003007050049200000002000040600000502
008000900356000010000008350290070600070000091004291800083469020100583009400107503
040703000060000173713069085090050300038690502450008007001500804304001050026004091
008000700510073826000006000002054910079008000005090200000000070001730000020000100
806374090000860700040059628000700200719500036580000910008230104000900002000400050
050000090003002800000000300800500010000006000005400200500000020000928000089650740
400010500000000800730400000000000350000003000000072100000007010080396020007000000
000000000910300800000000020574820003000030007100075602206000000085000310040007209
050040002080000604000029050400000300090000260000000400000370006007400000040290100
002704106704001285000000407050173000260050371073060854040907628000305000017020040
000035080000100500005000700000300000230008000000001032000060028004000000800009400
002010076318000429000000000173000008625000130980070050700042890030000004006908700
908006400007009502600000090086025000000074030400600001800002000014390600790008000
005006000367100900042000300096203000030580000510760030021600003600030800473012000
700060800000000574000000003367100005009020030000300000000512007600039102501000300
002050003010963027390007004020500608904600071060270049009380010570006302200710000
009080760002506090070100000020000900000090200001400600208007040010000002034000170
002000401000760500000030060040600708000049000001857000090200000070000000210000804
000064508350200600764350100507100462000602000040507900876030041000800095900400700
000001030000054060003000080002090006600048900000700000000005017000000600000087000
320000149940020000070001000800094000090000000100000400205700004700010000010080060
460503000000870001720000090007035000050000107000000000000080710890010450002600900
000548070907030000000009020371824095428900000050000402793400508210680030080000040
508360470040009063306100980839600040012040008000090000060210050000906700200000639
579038002620075800031406090000000000340502001205010360087000425003250900002709036
010200000308000007000000901005000800000700053800536000084000002000405000160000500
000000026700682501080000070078020410040070005600341798800400000500703902000008000
800007046000150237000040008180000000003400000000009480000604800028790604000805000
000630900000000100000529007000005000000000000031008004708000205210900340000102790
200609800000800003080003000004002080801304062090080000000000090000056400008097050
350901200090200030026503910000412000200005093560000400705094102000120800612800309
009000030013609000785000200036090001000006000800050002000000423000900700000342600
800023010000000200000000000000312056086700100010080409078034501050000000904200708
070500194080014360009007200900860041000050000014003680000000000090006000850300026
000000000000748030407000002000060000000802340000374596309000000002000003014000060
036108209040006010008002030300219564120040003060007000891004006603980050204063090
000028060030010890029637450000800070390460280000703006502389600671200900000106504
070000000920080105100040000012800350007050420065420079200790560000068213000213704
000004010000090000406270000200000751000902000060015000908006000000027090030080000
240100068000740009300580020000960802020031900069020410402000687053600000070204390
290500040037000100006090000000000000300804007900000080040000075750000000000000364
094300010170000052023007009001090000000000093000020070359201000080935260602000030
009600003600300290301002800004000085070000020000500601050000078800465132003070064
000200000009000040007030800962000050001003002000000701006000400000002100100000200
700030060865900300000008097030070020007040000100086750000063085000710643000800000
000700600006954802078030490083000009060000000040000060000300006000007108031569700
060091050400060901000000003030900000000000000200600000080007240620300010000026000
702850030580009472069070000008010004900728010106004720000000160610900085800000907
600007005004000007001045803000050040003800009000000080002700050700500200546308001
486030070007006000931007000000700609005600102090000000000300540000009020000060091
806010090309046002210070400090060530060750004003498000027004016081500009900601070
941000007320080000000409362000500000000900000090000020283107006000830000710600008
000000200003000000004203008500300000089050006000029007000700040800000930400030085
070009800000706010049020000000007300000100057000064000802500000700040982001000000
604001800002604000901000605460103258090000000205007030506009380009008002308000000
006001204103005000000867903030450027900000081200018005072106500009700160018500740
010004009720008006400920105000002010060493507250000930070005400600009052582000090
050980327000000009090002000000060200000000000042000600000100006300070500000003702
050000100000000040000081390800100030603200500501306000006807050900030000008009000
005900000009040003000000000853200000100000206002007050008000000000003607020100809
620000400300026900000003200201000004950604002400100039530007090009000627760000045
009003006800001003530706921420075090901302605056000040000010209092064000000030064
080090010000040000000080000709020006000800001308907400806000040400000000050034000
000907650005080000009060002231600405450100709706040210000031000317496500064050300
002000809009000430000000060000000000000400006090800700000900300005700600900253100
070000000009008007002357094000700041007000000010000205001000800025003069006082700
000004300000000080040053000080001004000006003060000170150467230000005706674380000
008041000057608002040000800100094000800123400790865300402500013310470905089310204
695007000030000010000003960010008050063290007007030020000000030050000400000085006
040000000600000000000000100006001500095000301010540008104200783000000400030000090
000807000008000003004000070400000100000709030030005000060310007000504060000020000
024030000300607000906010503400200050695000020032569104280000407749108630000070000
000030124000805039009024870040000090000008300000090000000003002000000000000000500
014290508000530000000001090103004902009305000600080010001607850008040027276809043
709061040100040807250897000000000700620754009475189206302970610007608400001000900
003072090000000001012089504000000470600040002000000000206504010050700260071000905
005090708706003009100007052608205000439816007572000081000000070041760930200000004
200703000103890006004020130006030080000040000008100300700002603001470000800001000
800004000079100230000208094006000000094502380000001000000020800060070015087005600
604000000080050006000006001000000060000000010060000270207008005001700600000035002
400000185069000000800004030006000857000705020500040301000026010108000000003801070
006070300089000754745930001000000003030002007078100602000000070000380020000006005
400250071060900030900083005093060500500030800040070093680700004014000759000001080
000370240000510930007060000600001090000900023790200080008690000002700000300000070
025400190891570463364180020000000316000360009003895042180000004500000081400000075
000000520400870001100000800900000060200795080080000050073260045012900078009387000
100068000000004678680020000000000519000003000802050463000006050300000000720490300
070908351000000000351072940067000035230800090000000800020086509480510723009020080
000000057039000421700400000020907500051200000007500200000800000006000800000090045
109004005200619400800023010008000100700350800000000074007200000000106000300000042
369050700010360058052400960901006000006005000740030082008000320004603800000508490
008605030405002000002170006000000107000026080039050000657200000004003000183007400
640000080003000409007009000200108040406005018008406005000300004784062501001704000
000006040700980000305000081030467020090013007070800500000200105287005030050034078
000000074008070000060021900017002000080400107040000000000740200470200000000085000
800000672000040000001627804010208009405010000200000300700050126102084030050102000
600800270000000000007691003000000060900308020510040007003005000060400002009703150
900000000200000041000400200800150460006000510000640802600030000100060070000015604
634008270891000000000000010000890000480500607150037004000060000040100702200003009
000008000007200000400500200020780050153002048700100000304601090005800300092040600
001429000004600070000107090000870010060090240003254867605000904107943020000502000
000706802800300600070010003100000400067000009000000500350400290000100300009000000
003100000090000000000200003000300029307000800000054010000085000430000985000000060
070005200085300000209716400640058030528000000010060080754980006090030005361570820
081406000300180600000700500008000032002000700000030000000310000000600810800000006
000000000080040069002000000104700005020000004000010627006000050000000078978035206
000430092000015400030090005451080027720050306600020054968271000040000070100543800
000000008000082040000409156000040600006900000000256800000800030005090001307014080
070935402642008950593400001380502610050040030100000000000389040000007008908000176
000002008003000497008970203000000006009068015286150049852000000091300080000020900
360450100507090800020000004010820067209760041070100928056004203802070400104000000
034000009070980004009000000203709000408000000057010063000000095000000000805140720
070020050500000102000040680290564000460007029018302546130200408604730000050086700
000000009060000025349100060070800910030000000000067000001070600050638400003000000
070005048809300000010000000004007030201000700087030000408090600006400300093100000
709030468000791002253064107000000024000106975090003600070000810000300006020910003
002007004006004000000000057308090040000401802010002000000000705150200009000000400
100000002026100800708006015014872003605910207002035001060007320407083050200060049
200000700000082030000705000005800000040000002002400015000008040001009000806500290
000036420070800000603020008200000074561470000340900500100000005050001790000060040
025090000001042000980000040040030016008050009092000000000000080800670400000001005
000008000001003070000100400008907002009002000420800900800090000312604000900031600
000000098000100267000900005050070031400081520000050000000000002000010604010000000
065820400208930050340576180090205030403060000002308000000000300020690700006157248
040902050050400390090081000900005730400020000001070000019000420004198506670040900
000000020100080349000094100000900504920000810503000000000000000030000000210000650
070000300050304907046010005069501000483700020500030700820003050007000042090840600
005006008702803004801059000610300000927080450004002816103007680080034070509008001
007000900005008107000010260030000002060080009500000001048300516050000700900600000
105000603000003100032000700057600002320790860006100970000040290200807036463921007
930050000080000001070100050000000000600304900100760003000930080309501074005000009
035008026000030070078100000500800607003017002000092040060051080089760050000009700
708040901043100050921007003200015080480002007507684000005008062062091004870063005
006090540080040762100700800000376089630080254018050370000907408800620030090000020
400000300907020050020000000630005090100600000705000602003800000804000560200000000
002000060070005040000060520003000700060030000940050002000000090000092000230100085
800107520052680709000030068280069351035020900000013042000070200010050000000940037
570001930093567180408030000030000851085043600000000309341600070029875400000310206
300010000008000015100002000257308601001725803980146027630201089502907064800400000
046507300020090105100030004004060000000300009700000050003000400400700208009000000
006401700780060021000708900020070800060300105000800002600007000200000004000000007
048000005076900001000500480200600130010270006094000000060008003080350090000700000
200300017906010024178020090752609030081000046460000205007050060504060000003200000
804705012009000403006040050003500001600100300400030700798002000005410070340087520
146090870023578014758410000580640120000000000031009006802060431010000500005130080
060000200000290000010800000000000000758043000000785100087000502006300000001000000
350010000706050000000690543681970002079500000200006094040300009103869400068745200
098200051000106000001893002000305000003089420087020013074062109009470005065930070
050600203003097000860030050076800900000050070020764381048020000007400532500900048
086400000050023680309600000097000002000790105000002098000204009908006200410030000
004000820000006000620400010200000600793681002100000007000000009000169000900000700
004913000068450901100000005095100040080004503007009006476200008052000000003647009
600700049040000080080000050400900070020008004070004025200000000060010402300000500
010070005300000201050000700104900000078100092000000400040050100000090500005018004
069000100100040352052817400004300001720400590000170000005020010810594200007681040
000042000907500030043080050008097100500800000790005083800070020400900700000200008
000000004060050820201604057000070206708010040126040000005000100610000702802100090
106500093052000104709410005020908370300001080000637002005063240603004057200005000
002860000846000001700020000030040060000097050009013400903000706067030800028070300
000060024100000900203098617768304050000007000000000000000000000300209060000000030
010000768905600102000001090000490500000000049020000000200579080507806024000243007
300080290942001605850402007000609000509243070400070006185000703037000469604307008
943001708720940000000028003302004060805000104000805300400010200510206400206007000
090204500356800000000000000030008200705693000004000300410000000000000700003006100
860000000000000500274000003000510709900060080501970000608030200700600301103720840
000900005503000010010306420007024090090000802040000000050200100002108650001000273
700000090205070030608920417571640908809051364400000170000830050007010080000500600
006508020581000006920764080050100070070680192190040608000003400400000230207050810
006000007100860302325007804030601000600000070002900040700410086260705400090286700
010030087978000063006000041690028030400790810021000070060200050080540000105063020
700000340105003007900600251009036518300085400000900003002347106600259000403801005
256083901910602300080019260800200530000305807063000100000097050425036019000000603
000004000004020000000005004009000050500000000000251049000008000700300006002006470
020600350640000002000902860300149006800305000194800000705000000209400500400050000
009000400000080190480160000800021003035004600000735009900200000056340000007000200
000002006000005000000600004005260000000001305000507080020890000000000230401000008
040300016100040000700051009010020090970513000000009005062094001490008600031200907
002040800000001070001050000000070020100000064230000018010807000027000000060000080
700803040006050079405010000000000835008000700060005020009500007100000300040020000
006002304002100000014000080091040078670000430000700001869010040540009000100000009
382196070000003600609000002746258000003007820800001700000600057007300401001070008
003160502402008090916024000200403067040800020680902030000600200000095300009347610
670001045010050670240037000008000700050183400002705030020316080004570000060008520
892030076031000290670800000059000002007109060060280000305700800720918543018300020
000000706600000040040000090000740023320590460764082010000017008471860050030920104
800654070000108604006370000000900503600500001005700000900005000734209005068400200
000060080600000070834270961500000000073050810000703000057020090206008007940500020
097000600000600009000000000000000003000050000610007980970502100200004007000300008
015430782903270561027100394000000008002807050700645000230060045050082007070000020
036000420400050000900200036000000000600000090100460853064070210009000000080000360
863200700507608120021000000205700000078000000600100009300500007706423000100007003
610403507003705061075100024000002040080309600039570210060200700000001482024030000
005670093193002400007930285950008604070340051604500070000090000748060029520480000
300928150982045367050070982003504001000002500000000803000000498000701000230480700
000500000070034090040000005000062010420001000910000000000346002000005000250008403
030001520140200609820369000000680000268000004309010800004000307602007005010840000
605000049007000620009206817000000760061040000000000080106000000000060000008000006
960810000000372490007000100000090060000501007000000301000000600006000000000009000
870100005000070000000305070000000400000098060490000700002000000600502000037000002
400060200700004008560027000306250091901003080050000430207000065100500000605082910
080000370000003000307080050130005000060000000048007190076010040004000801800000007
200060813031000700760008200950706080007840900008059600400970160000004007509601432
050000600006900120081460000502000070700001406000093050100600002007050004025100709
029015040000608000800003000107304020000000300006000001205407036740900052000052407
000000000800000509095000107023078050000500000500030000000040200910000000302080000
060450000030062008050701600000009000020004007080000209103200000000100020000000010
001000006068130500507000210605900000472500090000200608020450160000000002106020800
308005907120709060049368021000506209070800010006900030650200700200080000407003102
006200800010070000050400000473069280200000005600108070300052140107030000000000000
800030206600000040305000090408000629000000350750090000000050730000020000200900005
820000000000000862090062000000608004009000650605104720500030000000287006070040000
004073065378600900000090000200069417905007030041302059050008006807200000002904108
700000500000003008008000040024509670059700000600030800400090000137000000900000002
082000056065802040910070328120409000000200000640507102401900007590020400278040060
000068000000000068850400093003005670500670030000000980001000806084000000000800000
962740003005001009300000007600400200803659000417800000098576340070104982104008065
802579040009004820630082790000050304090408170048000009081005036063041050200090000
586910000703080010012703086074058001600000000050691204020400800005860120069107400
010000083206980001908001060025600004000700630693004000084100000102500300000300027
790008100600150709030020600001072004040810072027964010008507290069001530000200400
006500001003097000000040000640009030500108700000060209009815073150400926004920005
760024090050008000000000706906080000005706800000005900590002100100057028682403079
300100820471582030000090000000408000002017004004069073039745008040026010608001050
097004230000600001050032000260009580080203910000000060000000820001000000000000100
760300004021076030093042600100050090540030000000000400004705300008001500057003046
700002015000100070150000000000021000005968230000000090208004700540079023000080000
090400000436000700500700000000000000025006014000000900078604003009100000150000009
793800000000000907000730020064003000107000040020900300005304700001050000009010850
020803070000000080368000012050298000892007100700400820073500608215000030680370201
005000400000400051406000890680000900000030010000020600090006270000000000100005000
000016020600080003000003000070000000100020009020600050760000002000000004400900007
010075000000000207500000196000004000100000008000301025004010902080920000092007000
009053067153460209467080100006020005010046700020010000001530002002800030004002890
300640718100350000000000000700034006040000500286005403012073649400800057507400102
000000040050090002600800010000089000000602000006005100005900030002567000000200000
006248000731009002000070956010006090000001007007002000053924708200017563000365020
507091304196230800002785000061008000000009010900163208050012400010840506708950100
000900063000000700000000001750400120000000040000200070564028017100040802300009000
190300080000604500406500000851000000200050730000000058600005003040000000000000000
345000200061700003070050068050136027013007900000504016000000000000075001000000790
700000024000012697001760000080050400010006009064008003000600008672800000800034000
270000903456003001000721006000835219109400805085200400500100602910670300062000090
143006920009004508860092301000419030090000702000070090000028000074301200500047600
070000028200006100014098750000030007007000349009000061940780010103002805000000000
000082570000000030000000800000008053700300000306010000003906708000000000000004060
200008600074109300900000700026000900000025843083700250659203108710906432000010000
000407600903100000000093000500000800700800000381204067630500700009308500050040300
000010004490358000060049080050071640018004953200900000870002409904087106620090008
000000000006400085940080060000300700000000520030807406600953070300000001000000350
006120070020070030008436029081005390005300200300080000040913800913052047002607000
402000001706428000000060040807045016109800035300190080090210050071080309008039020
000003200000000000000204000052046000000000060000000003007000000035021906000067350
004062005093000061120030000040000009900804002060903400000007120370000096002090780
000020037730040926009000001000005208000200000800000470050080700307050080006000000
975003000802795100003400059406208000020010364150306207000004000507000600200007903
000000030359007000061003070000240010000750400000300000010000050087020309000800040
050290000290610400600804729000329006320061570060000002046008000100506800978130604
000000900070800006000070401006007090007920040000006000600000009000098004100040000
040706000007030000905008600190200003003400702000005094210003050006050000400800070
203160005691057000508020006730200000080000104412090300059000000060005073027000098
000090504000450370005200008901002003080910620020008140098140206050003000030009401
000802594000060028702000013807140000415236070320087050900004000000723980203000106
600002000000000000200000001452000706000250000908000002584060200160000054000080600
807403500000005007090000000030050600000000051000900730000009240908342000003001008
657304900300902000000657300009040800100803570000500140460001008008000201231090065
506000000978000243004879060700000008000000090302907000420308000600000030803000410
004000006020345000070000005000020000082000001000000209006400800208060540705000000
000000200007290035000430000800000072000000000710000000001009000000840560003001009
000700040000003000000000386300000620064837009509420700045000000790500000000000400
300070001600000007000010008000000035020050000153040700030000070067201000008007010
861700200002000037700004108000000401270009005100500000000001800619385000000070910
000005010580001004000040800040002601060497320000000400000000000097500000050003000
000001048010008000007006390000063000009480263630000080000600000000100850041800000
000007100000138002180050090000000200006203740000000000012900086068520004007000000
070600040000002100000000070560000080401000000009205000020010890310400020094020015
000097000000400097000000008000580004085000000000600503020006700000029000000745029
008006000000004000003801005094032000050000013300600000000000000032008700600003800
010600234000243500300507600090000000000800400034100000050768900007900305000051000
503000201012057498000001000039000500005080000006000003401006000200000040350040700
028000007067120300005400010070080009001009724050200031000040053040003076503706002
400500000600000400900734025270050304000000009050000006803207000002060003001090700
100094000600280700400000010300000007967050400840679000030005000501902306000000800
607052093130076000045391070300500009050914360001760800700040000000039000963280000
050043000617085000004070050540327080300100045000594000891002000000730008763819504
000035140503000006002009003000008401000000060005304020354100090000080350000540000
040800003000004028628310900060030500090080000000059067080003056430605080056008439
280105000000000000000406000904800170052061490000000200007020051300000004000647932
706002841108065920300000000000000100000000000000000065030900000005003410010000206
618420000503000740070059180000008400002574069045000821020000613000100078301002590
900010000007600002000700960002800000000269000500400020060005497000907000470020830
003000008000370002004000300507000000108753209940000730605030084480500020020000000
002091000000006720060007009000010006023870001109060407086700000000008004090103802
050000020160020859420050000631090000000136200000805000000600900006289000080500346
000000612530062000010409500000090004001504000750020000005010400070005096000748020
400820007030094100102005060740109000203060010010032706691250004805740600000010020
800000740004009002501006030086000020309000068000008300630091070900020600247860951
002000030090002001000907080000000309130800006206010005000063798003008254970200100
502300004000000080800046702067000000100000000050000607010000000000200006320000070
600000108002000674000000029053108060020009800071000000760430001234900006509000043
000000000081000002030000900307182600800600073900000100103000090600000000470000580
003280000005000070002049000000620000000031080086750000600800000058093026900102000
080657014067020000010093500096071420020906751701200306005700009172000605040000000
009000050007100000100004300000001508000003701000500000050009000000085039000010005
100007800000480160800006500004003920082060030703090641290000000001900000060701000
000090061006020000000000200100700000000000070500034006800000000003007400020369800
304070009009004720000869000001007090007000001020081007000100000008000000000000000
021358649003904020049170080896700230417023096000689000000097000000210300000036004
000060237006020140700008050000003800028005000300080010003000081100006000274800306
309087000008000006140003780216350000935008001800162050480200500090810602000900010
000200004200709860040800001680020907000005008000601300062000589090000003007000000
800162900300705100612034000020006070700008000900573200000359800007001000000000000
600800904003007801805900620000793000020000003000102000000070000000008000200500300
900400620000918040400206000010000082004805030850390704546182000020030456793060208
302007000657000000010932500003000090006000203900000700080070000005640000000000000
300018005040000009180560007730401502560870914014000700203007090071609000406005871
900806000400030000325701400010683295209170830000029040048060070030000080007018023
670028500003000200021050006107203900000594071005000020000000300210000407500007000
004000900008579062759000031025000070406000520800295004001007000040800700090050080
007400216004600500016080094800570003103200970070341060001007000409036008708054600
600510028000907000100240607000002000812009365709035810030094070084056200070020000
896000030030908052007040600015800020600050380003096507041003200072415803068720100
501020000020004001000001200079000020015000430040210780103052940700008600090063002
080906200000100400200003596005600804000090000002000905050070309028400600049061008
060004000058020010000070620081060340400000060000200001026081005804000000900630000
049000260002400080805062004000000070701000000000000035000820490000090701000050000
090070004042501007076002009005403900003920000028710400234180670109650203000030190
003002910009050040402000350620980470895300002700260500210590030050030000340100095
100000097080050016075136040050013400004090000700000980090070604306009050000000029
600007000000041800401800509040008050008025430290403600500000290029700000000080740
391000602700026030020300000900080300485063091200917548600000205000600400100000000
470006008653000714820014530000020009082400600007651803000000042500000000004160300
000000070704800200003010080370401000900070800400965002006000008000100000098030420
000003000000100009010000300085001600000006000300820000178000425500000000600050001
002500148600004020080000000590400760843000010000900000000005000000000200000100003
310000025200000040078205106002900004064700093950000072800001060647000051501600200
056400003203580000740100000007902000002318000138650002670091030001005000005760201
000500180075000200000020000080390501004002907790001860030040000960105000840060305
008692010030780092020410005942030056173050024000904007007069000010378509090000078
024017005000000871870950304003005000049001650608000000090100080507009000102508400
402015600500090200096200000270000065348056920651900830000708010827031090000560780
006000000000010000902050010307500000000120000020047508000003080000690003070005600
800030000030250006150000970405609001200004000006300000000140860008700104040006000
502000000000000000807030050004700800070000000008240500200007030000002600700003000
000003000086920300003100000300612090600790803790008006574800902030009400009004000
400903051309105800001084000950001072702650008040030096000500104010008005095006700
060000900709000100000700000000000008000900007406000093010679024697200050240031060
300700851000304700096001004000500093084000007209010008000100000068430002050072000
800007090000600000306058000005004031002031000130000004008000000500300060200000000
000057900000000603000000700000040006000610500108700009000000008000000070704091060
000500070010867032060200000000000000000006200603000010006038020000102056000005080
709500004014000005005012670476009001930005046020070000040006000600258417800701903
600038050000609308700020100000000000278005006054000007420901600830000501000860000
028000000073000000400009002700000900130000406004000070000010005001000000057000100
700000386863000000000000901001027000070000098300008000038000060090460010024800000
701040000093750000000893175030010000012400003460900051609075400004000000305000008
960000845310580007045090000006009500201000786534078201400005170100340608008000403
040065000000403750500008000000000000460000000008030000007320060030500890050070000
004010500103000000500024000050000600000069400000000072800005023040002816030000750
700000906500000187000800205000708001045020000007514002462000008050000090000000620
400031000000800010350796020000025170137960000245317080700600000864003091020100046
700361089895020030300050200284010053030200007670003400050000396900085010000906805
010900040050806200720003000503690070090700835247385960000004658002500719000009004
002000000791000038408900502600853910010070300080040007003000006200008100050400079
000906000003700000000800000510060003300050000000200095000604300030001000060002000
900217050045098100000405006734000800500002703010300500000500618059000000081023405
940060012000321000320945080800092547092574003070000120059000000400010200600200400
745000000019000004203070090400010803000205000090000000000000000301800940000000000
007040000056000004000005020002009000000020000098001702000006000200897000000000003
209060000054000070076340000000003007000072005027000930003009501000000002790010000
000900357020305014000001000400200700069450280210009400082590043004602000007130028
080000070920000431000902050006810790800000002000205010008300000094000005760000000
000000300734000000120000500507600013000005682200003905070800100000000000080024700
000400703946037800050018000000020004370001600600043005409075000208304507017002409
030000025000003600080042030001000000300050090805019060000021070000000000973000210
060000510020000003059000200000100000200054001000020050470000100000600042000040090
000000070709200004004000000400000006020010095070000000001000432040091060000002050
060094518000006400209805637006900751000157260000300840410070926000081370030020000
080407056096000002402009010010074500007000000000280460060050000800700694000900000
200007300308200007005300004000000460000000900900400005000000006100000000020006500
002409530790000621000200009036702900040680070020500863050136097001020080009800006
503000706704500002008000000002000007000000060000000005040030000089100000005009070
001002845000019020237084090000000380000000609700008514300000061614000008500140930
381500400590700030720000600003040700000010390800000020002608005050072063038059010
050090100710000009600001500082000037046070010090000450060010080000430001900852043
400079206930216080600584000500063040210800760006042890800607050100030027060400038
200010008000003000100007004030000040050000103400090080704030001000000000000000930
104635982000080000900470000000000010013856000200000000720003800040960020809100305
701860450806000190050719620203004010008230045547900000030000280070128000182600900
700005008006000000095006247000060000007053680008007002000402090432589010500001004
960385400000020053538001000050000609210968045000030020620000004300457100005016908
040920006308754020210800754090060047473000000682000019800603090004080073706095002
000000060362050010009000807000305701000400000580001400030000000900000008240600009
007301085016058947200000310791080500524000630030002700050030000100806400060495000
304000060020016700001043080180004000065079800030801640740902050500000000093180000
082000000030907800000820005000000670945600000060003009000700134000090000070030006
418000000002801000070256148090600431301020506006100000085070009600508300730000010
000060000081527004057004000013056492940180050000402000000205000005010608100000040
100000007300070050706410900000800009900200000000000006007000000060000000591000008
000030049400000037300000000080350000000009001090000000005084000840201300000590406
000060010090032000000000000482003006009000070037016400000820004000074000000090001
190000000000700000760000030500002800000530260020908400005201380210890000000450106
002000050000000000450060070100087000040010000000020300000000905010050020500000610
090081007000005009000000030800100900001509000060408000050800600000050300340700000
097000045630504970004007080060050238700800004820060500900370000106000720372100050
040007280071025090050004007000050000000000000002001000800090040000403872100700906
439000000006050040010403000000004800000600000600500001190340000000205010200000630
010490050400050601205001490901000070040002006807006500004028060100060045006045000
300040090700109000010203500583001620040000003009805407000028000430700000002000701
007851000306040800050300940700002004600000000180600000000008000003069000070000069
170000000000000060030000080007030920092475108813609070000398000309050417060714090
006019000504700080080040006000600800000000705000020009053070008000030100100084000
041000000000300670670090301010700593080000000090000080820940000000000805100000900
000803400007005000009000100003008704900700030705000060000080600004000080308049000
020005600480900350003068029239000408060040032000293005000004091090007500645100073
013004600700960813020380740090000000058700030036815090070400000300007004060038500
109063008006700001070090603041002007200607140008400000005029000030800019000070000
003090742180070056020000008006400200302000070708000090000006087800300060000710400
700000501061000800840160003000510000010730028000000900050400086080053200270080309
020010689806005004000000502001708000000520840400603005000800200030000070000000001
010000020000090007009000005741080000030714500060000000000145800004800070896000100
480002060302000050100040009000000691030000500009450080000000936003500002804003005
070009130000006080013005200091000004000000008800500913100300800000091300730000000
020007080080200000000000000009000004000180003000050000100000090042900038090300002
060000000790050002030008000070500008800703560000000730980430026000000403005002070
000003000000800000005000007009600530027030400000000072040306905060005004900700080
400000000790000400800005792000007058608004900900068024009000003200800006006020100
004350000053002481279000000060000008007000046901000030040235079030007614000601000
605209080002400605000570930800000300006000000309100000407005008200010060060002017
003006200050407001700001900010003470300700012004080000020300700000070020000010608
000090002090032080430080605050000900820006350070054800063040710000060040008000003
002105000000300000030802000050000040000007008009000570000400036000000015000063000
008000050560000107407000928020006080000000001059000030180000305074090810900800060
000109200000000074008047090000500010060090400810400500906000000380700050000000080
802710003003500100000063050000090000000000900000034200500070000700000000020001000
300500092015900000070630104000003000000000300000004000062000040000400000104076038
209075030700000204600000785000643000000010003036200070300400800960500000820130946
007000000003040602000580000030005400009006000075400003002708106000000000100350780
001685049000003000000070000000100580010054970085700300002068000000000000704020600
060000205400009010130250700000000000006300081790010000029070450000405902500020030
030010208740008350800000000007080090409002500350194002604825900000006800080000046
905201000000000123000070500020000000006190780090007604012084930000009201000712408
090000023020500400000020100010000600540070010008210500004738000800100060000409000
708049060000000000020700000004060000003000602060000004000300040000097000007201030
000010060020000030080040000000400700000506000000080040908030000040000020310004005
080500090900670100500004060000807001009003007800001600050049036094006005360700400
060458307045002610000600485302006048051080032000003000580007190004030050003800004
000020408000910000050480030304090000000000509500072080040000800876030290090807143
092000500705090603010007098000000000600000970270086000403059020000060709950020060
006020000000301000000050000094007300800900700650080000300000070010000000062000501
070089103800300457001700080710428000306105800208030000002000710903017040100542308
004030600007000203000005000045309700931700405000000091750004009406803070380007006
060003271380000500002064900600000000100006700827001069201630090036079100970100000
000570000000000092640208000030015009000030004405000000300000008007804020000300051
530600002460790531002000400040900250000000090090020100000100080715804000004260000
720000000090041672451200030013000090060000300000150400000019500000700910000060207
085000604060007000001604007593000080046000905200035400027008043000000276310206500
600000230020040050900000006850000407700000060030000000090521000307080105502370904
981400007000705090670000000700506041006149200009002685507610430090200010060000752
002870005001096807738050060020000500080000004310002700270000490100007000053410000
400050008800000900000700610201000050050021040043000102004000000008004563360070020
463970000070000000205463009700000000800030000030004008040590023000020040008006795
100456072060070810703800406000000000035700100600523700050007900070041005409630200
900080364004510000000003001000068000000070800006000120500007640003090000040005003
601405003400079006079000004090000030210850067000000042530960481148030620002140300
000900000020850176000100040000008460000000030300001500900680004000210005000300000
000059301000310607312004005030060000080200000401000053700020100020143760043090500
460020000050300407908000000072050300010000600384760010700010040040205190090000005
000001580030002607005007001000705016070030009003200005000508064857000203061920758
500000000010000800008017000005000080000000003080000400700000000800700050659041020
005000024000002500000000100002017809000890005490006300006789000020000700000005000
004900000900001000000504700000000901096008070007000200030000050000000000800740006
000060005080000009070100000005970610006003000029041008290010003300000001060005092
004615008020090500006382740260970400030100000001820390000700904000200070380049000
200010080400800030009062074800643007004057098000000000008009700600001320000400850
100370405954281300603000010300800001498002006000500040706030100040627050030040070
302040690107960000960002010010094300200705004890200005000570840003080060401600050
000863007000700010905010368594008030008037059007054821006070105001000003730500002
000469000009053000000072000000030200700000000500700901000000030000000400380046095
076000004408000531050000709342087050097160000005000008004000000701000000000071305
570008409830460020900720010708093000009004080400180690287031000000000001100500872
000600304600300090070005620037010400062530009019400507040900201003081006200746900
038021006040705300005398012800007605120603000003004000000539020300040107000070503
049058700237000005500000000000096000008300400150002809000640008476009200090000074
140960530006000018350400000000019000502834090900705043000058004014207300000100000
309000000400070300050803002706000038900080700008007005070000600603700000001236004
070000000060800000000379000020008000600000040008000001000000104000080030230451080
004030508370200000805604003050400000003008900010000306080000700000000600500000000
100900500000004000000000600015000007006002000000607002000070200070020018020000706
618000034000340081043016000050700049390050000007003805400500700105680000786000000
500040981108605207004001000000100090050764000002003700005002300900006002200309050
300000870867030015001080009086000002005006790030205060018000920002108030000092500
032007040001604382460328570320045060600003000500000037140800720000750006070461890
040020009052090000030810000027000010006000000008401000200940060080050003005207900
900031000000000000430600870000056090070210000000000002000000425002000930000040000
450807016789016020000004097027000040096043270000005908040782000000401700270609451
080059003900030020030200015065040000200560730003090106000070300004008560506420801
000075000000002760000004300750060003321080040046200000004700096095000208002000000
100000008048010700700804003072086300300000069009000502000098006007600201436000980
209000000005070901030120500500400090000000050070008004090504010100000035054000209
000002406106005020000460800800000700000058030302000005900100500603040000700200100
900072103003090000704061895400030000300207000002046030040010580100700006050024319
061904700023006000000070000000035007002000908006400020000041050000060401008500070
009014300000000000203000008400600890307090000900005000042000070506001004790002000
305721690070000050009450007803004700706030010020000030514002903900040200200080001
070000001009800703000700500590000400000017000701905000005180000418000000000600000
093500040000309001175864392000080000010006000060952008001600257900000104702008639
700080400500200860680345000308050000000009608000000000020700046030020900800600005
300085200000000080000702300030018000020370015000264903600020008790801600183006020
070200004002003798300000512090000300830000000005000927040300200003000400029100803
006008391870000450390000872010600900760209014900140008130006200000000000200001047
000000807106020000000904003402530100000008509095070000000701092010402360024300080
500720306000000820807000000490000263060000000000060000000200004600000030030450001
070300001400780000500046980300010070160000032004238006000003004050001020001027360
300084029602000004800000300204970510730008200501000090070310082408697105053000907
060500007397000002000900001000060158000058200000203764140009376006010800200370405
970680003400709260068130070000408397001073506307060000000500684052800030004000050
000038079976104300080060200600000000058009416390001052420000007700002030030000504
200590000084726000015400000701059603000070850008040070002010300000060907009300060
000004090000500800905007004682300005010945268409060300800400602000083010004600080
371090500500003000000005300102004000060000000000001407700600200000000040015000086
300054080080100450050207391903005007520710003000009504138040200005000040000572038
003210000040760510000940300430002000000430206602180700320590470001000623804020190
010002503305000640006000709000000005500037000090025137000000350100900008002001000
000000000000030206000092000300900040000000600965001000078003005000087000200510704
059074000100009403004000908501700342700200105240001890030900700007602510015000006
100030800030897000090160240340000020900000080650300000706000408089000530523400000
108003000002019700000060091060000040000000000205086007900030000300450020070092000
500020084400000970090140300629401530000583096053009400062094000005632740070000020
030960000900800120000000604000421906000706830009005200000600050004070008500138000
008760000002800600060090018620480701000520004000100000819007420053040180240910573
247000806050600020080004593005800060008400070020009030000007001000000080001086740
500000020000500003000002009100080000000200135000000070000018040000020001301060000
000369005030010207501007639007090003010008064000003708000000400170002050290030871
806000007000000000010800029570000000692000003000602100409000030000460702057030960
070096020000000060196382050003020010700960002004050900608047500000010003010608074
087009250060521783050800069003490026020000040840016300400302897000064030000080604
200090000080000900000600000800000609090000000000160080000715000051000000060040170
600431000000600004403027000300070005089006700200500063000000000020165400030002000
700810046540000000000405000004003008000900000000001600005070400010002030037000000
050002000239006584671500090000451238000670450040238070010820003300040000582000140
016050300050002000000000407708001005690700000230090000100000073500070020003009060
058001200603070480007000600860012700001000000000000310506007000004063120002940000
020007040000610309000390500710400200000701000406000015000940850930820000002100000
080000006600003002207100080058049000000508024429000050000000200070410638000300509
002130070000000300001000602003502800000600000000340000600000000308495060000026000
002090100006000539950000020207500000305109002690020803008000000004000000000006285
079400800004000709600950204010070005090000083205081906100800040008000300050010090
090310070500870000007000000700294000063500090029600085005729360002000000306000000
090074000000605098016000304000002003000003050009756000064520030900067000000039060
900000000420050006800060100005100000002300019006700000210070000000009057500000001
002180030000064070000052800108230790326900148005000000000897001900040250001000000
705000000000080709000005006000000900000004810800927040316500000000006007000240300
064000003050904800017000004002149508040578002578030100090005420300020000420000000
000200009000076002000000000006030001000069405000100007000040508052091003000805006
009000000203009756007200000400605210035002800092078500000000090080050000300901405
000010970046000000005382416000709800003050020070000000327640501000001230000030048
100000803680000000490300002930000071000093206000105300040036028009000007000704600
608000070030009000109008500700001603086002100490300250810503700000800000500900408
000490600000380700007020080000009001460002800010008906020000009000000510085070402
004000005000100000080000001008050400000782050060914280840205003100000002000301800
800004700000500204402000568000400000100000003000920076001000005706080140003040000
460820010908700003007064900000657300300190056756000000100406200209001004674002005
600050240000300607034710059000020705700009001012060980429001570080090036160800092
208674000000000000000210706000006900146700005000580401020860000001007209030020600
860070100050826000400015080005000000200700003000000504570681492008040307924000000
020091040000734060003200009004908300800300000700500986500009030000000600062000407
000000000000000070007009200050201000020070000040090002075082100000760000090000600
000000309062090000000548200019003000074605001086000037650720003020834160438150702
000804000503016042280900001905001628000095317001000400010200570007000090009500100
008000050910057006020080000080001500000804001000002004000043900004900700090708640
000000290629000170300062058203640001450007002170320560780003025062000000030206000
000005000000080001210400000309510006058040930402000800000900350700000162003261079
000400230100000000000300096001700004020000679000245183060570000010000900000004300
070580020060000000845016930000000710650070090001000605007400200006001500004000301
000800900600924007000000860561080000040007650700600408970501280050268094000749500
000905000000703001037620000000002654605098012001064930302000009090207046164809320
000200000002003501000050900000804702000006000040570006000040215201709000003000009
700600050000590000050007000500000620000006508020305090076003900315009000904702010
400007203190020040000050010500930600038000051004571300000605000000002065610000030
000400270792100004008070050063000500120040090000010340000060900654380127000000000
000000500000500080001684300000000000807000003004000800000000008713450009000200700
080030000031000050602905000320000098000000000009320507060000480007140630008000970
709806000600214000000007000006005780090000600007000400060040070000302040001500060
030009000520000070890100003310006007200000000908000001049008100000960028700010000
030009000000008090950001000005060300093000008080930000020003004079400800041086907
007030012019700403350921000093200600170000005846050200430502060761000029000176030
500001000004536800800920506600180000080007002407652183010700260000209300269000708
970200100000086900008037000000460000000000000807309000009023001040798030000010080
652007000800000000000652098008103040540028001073500800400260080001030962209781530
200718000030900000070000020300502006701000200052601038810059700009260300620003054
002016008300480900008025360000069807807250006000800040000500020500000000000001000
102004070354090801090080043408035002030009080260000050000541009070026000541900068
415009806862000000000260050000000080000000000109800002503607014001395700706142500
700200000000406900040907010000000021001000000000312000000100680504600700000000000
000000900000500704900000062004200000008000320010009000200700003031000870000043200
000590000005000008003078902000840000150007080008001007001764895589123600460000200
080006307073000050060020000612000000030580000005000003000009000056002000300645710
000000400005008000900070008000000000500043200000010500000681000600009000020300081
905000000080093000010400000100080703050000200040000000000069020603040070400000000
700000900050002018803005607060003002030279000200180035001300000040010000380000106
400800000700003000500906423200000900007090005900100800100409000600502108000000649
000005231500301000000000705050000690800000100000908003000080300080000400230040860
010008600040007001607000004200000700050000200000203005020005097000000000405079000
000900860000473001059000043907000000015820070028709050001200930700305610093100020
800000040000300002700600003003050060502006401006140500050900080040000000000008070
030240000000000009092000100007400500000030090305001002000007864000804310040010007
000039004600805300300000750100600000560000020000010500003000000006020000297143060
050000004029000301070924800367019508800700000000540060230005600000130495090087100
730108009400730810100096000000080456380000002560900008213000007040009301000213004
130090008070013025000040000204176309009008700760000004600004010502080090000300000
000200000000071006200000100805000000000805201000000080008007010000040795007026000
385000109000080000007040080400058370809370000670014958008020405000000800090807600
008000201000093004507610009004000000000000010031000740000000000003079020060000057
610027004009000000007009061800001200750002086032864170480170009000003010006290000
000000003370082010090700080500070000000041095004300000000020569050007124400000030
005000620708236900602040080000703065007004108056080300094070000000000007000000040
100340008000806102008200473000160000020000000600492030200635000810020006000980000
006300001032010500800400000010053007300209000020184065100006000600500170053000680
700003800080040003300006007079000600000000000008000700000309000800020000003000074
603025804052849003090600050520900730000083500038560901000051009410000200009270410
947060300086310904300904008000723009030040080600085003000250037070890250210400000
801000000000000370003029050100306000289000000360200000720000035900500000000000010
000000030000908041007352890006731000000800070700005604000074302000020000103000060
007012600000000020040000009060754281005000000000039000000000000028300005150206973
001079000792000000503080000400000706600003000000700530370000080200600400000028000
087200900050900700030060040000000801000801076010076300806000102570132089020009050
007002430000300000000007200005040300000970002000020004008430970306700000009008043
093076004780002000000900060609528000310000085000004690960007400020000900000001802
000000150000703900000100083080006300000090000164005290000001000005007040000000001
029805001100000804000000003006003009002004000900000030600009100090000070001000000
006820000002003006070000082003000000500618720061037500000309008000400007600002905
000600300030007456046000000200089000900000000000000800305800040400063000000000000
080000009000500603000002400050070060019050000000000000020807000000905000847060000
590020018002000054000500600300000005040372890901050200803401506019200000200830009
000000700210700000473000152500207400600001070300409800900600520002004680008002000
000075008520901004100643000001700095905416023273800000706020040410000002802094006
000006030053290700076000982760031040900060015030900027020300000005600170017840296
000089630004170928000340017750000062090020000000500800100490000376050040040003000
098070300560003084030000670800000200050060000100800090970000020382907100010028040
100000362263091805500600000000800030630000000000306007000500020820000050904260703
009652000000004900803900002060173020000806103701009040080000465010000030604708090
106900300080010957000300601000060000610000040978000010031050090500000100894120005
002084005004050260017002038091020054050000080280043107005000806040000900009000000
000000205000000000400280060609400000800000407000008026000791000300000700000003602
753140000068050190940800000300000400070098002894023017010900003500714000600035741
000000003003060000000908000057001060000020040602005008200000400000200000700810000
000907001800050060960000002009000000310529078600000509006003005083040006105096700
020003190810024030003809000000000709000000020050900804197240056040635071605090080
000007800000200400090000000000100680056700000010000000081300000007000500005470008
010932805040600900000000000400100038000460000000083000500729380084016792790000000
000501728010702304008040010900000203000056000087234060001820050830005671000610002
217034900400000071008002053009051000080070120000003000000308702700000000800007000
004001000703860009001270068460008007100009040300042805030407000000000720000080590
006000080008470021012090000780000030000000740003780056000600090200037000040000870
010002000200009000063017004047200000000080500109700000090100305300608070400500000
300104052052380000009025300804901276000800005005267830003008090000500603000600080
000340607009560000560001030030950000026100004000026300000800705000005000405000000
780205000100800040000001000070030000010000030000080000040010900007453000801000050
890056000072000000000020890480091030236400509000000087000012003001030900000085021
018003000009001507507900410900100703700000000000306900090020170100630004000000000
706050000002060580800003609403070802000630095057000006000000908080000060070000120
714320800003685741000000039008710020107090083900850176081907350005008407400000000
800010040015294060294800001080600590529003617601500400060152900000000376900060005
000693054085100060300084012000020391007900006000806070013409020802310009960058000
000073000673104908054020600241789000000240009709500000000010390812007060300405802
000570906075000080006302005034901060800007050000200700098003500540000327320140698
758609042102000000936000058487005300020704069500120007600000095004090013095310204
180030729653702080700008650200079500041063090807004030900407300300020008000050900
010000000072060050600000003030050000000900080007000015000006507050000461106000000
306500100000003000000781020060000000081000200240000063000054830400000000000000010
060028043030761000000000170204300001300619020600004735803076210100800000070002084
000090012007000000250086009002000100300000080000030005600900000000005047000013000
006054200270009400000000063080620005050800326060591040000400070007030000000200530
030067005800003200000059001600500140507100000040632087918040000000000910752901300
975203006001007020000100057018405090329000000700030681207018504506000030080600209
368407000020068400050000300674000000500000004000004510005030800040005102000040005
006050900000010504054090100001000360000000000030000025000000250000007000007008003
521000006096501070308000501000085060280000004003000205040009032050000040032000050
000000080009052016036087050001000000205004078700029430007208040403000002000005167
010000050850000070000008000005000700007804000630000000190000005000000047048000290
030075002000040000000000436090000060001000000000000500900007000270860003000390200
000280009000603028000400060040360750520008000069020010000706280756800400012000600
040709080201540000000002503079200306600070000010006070000090400000000000500007000
070206308000805170000000060000000009007308500000000003030000000000623010000009000
002900300000430002400000890000300000300617500600850030508000910070090050100040003
000000734060304000370000000789005000120040070040700000050206007030097500407000020
000000203800070001027000608900506482000400709000709000530160020016000005700305064
000086073073109000850703010900060300627000085041005607090652000004018000002074198
906000030000032608307090004798460000000800000000200800209000305450007080861005000
907061000030005470080497010524070600700010200000054930059030100012040000006000094
103490000000000002040070380000706030672300000000014000300100420700000009018040053
800000040070000000000360201020090000695837000700100006014003000000780400200019003
020000054130500002000002703000000120006210000001000000010745000050920000060800000
038090000000000006200500738051004000300100480400063900003006070500000600600000820
000000230064000708003000040420500001908004007370819400000005000840030570500108020
009168740000390080106750009250030401090016000060270803638541000000900608000600500
040090006000403000900100432000000287028901600300000000050080790179040020832009500
047186000302009080000003000030002600700318902000000300406201000009800200000095060
371900258000703006000080370003800010500027000700009584600098100000001607000006800
100060007560900000470000850280000100604007000000002000800000000900000600300008000
800704000570000020000600500050000090030800000080500000920000000710008050005070980
000000006025670000760480530930750018004300600000000090007000340000003000000007001
000000000040300080173000900000000040000700060000001800600943000081205090430000000
670410008504000270000006415305007020006040097000021000280164000061050700053080064
003007080200900003001003047000010405000435070435072010700120006028096750300000000
830720160900401000104500907250000000001002670070043000400010702000000090700600510
379100050618004007500009801030000045000090200000000103006005000000010008080470019
090200000607008095008045600354006001200534070900000354060100040043600000710403569
000300142000068000930020006300090070704003500000200608580010067600030900290470053
083210006217009000040583710000900120000320460021004059490832070832170000076005000
000000015450690000000040000040006070007020000100000000510000040600000000000159608
000090064090006308500300000008100740000054600004608090000005006003800907070403800
000700090009005000784000300005100407006002080030060900010600000003801000040500800
140020096500093000396801020085300000270169000000584270700000000614000739852000614
800179060000003008050200179080050000690320000400000956263480005148795002579030001
003080005070400000960000010782000009000708050050000080006809521807010040000000007
001906235000023008050007069460300500100004900200700000006000004500470692040069350
028001006000000702500072300450087003070000000000045807240000050103060274000004000
000061300005097008700400000000605901010870002006003000000100700000200005901038004
004080005078005649001040207080061004000000508040530000000003076130000052000800000
000300900100409800045000100000000082300000700420000000207030008004000000000000270
040200000078054003032807954204306000050001380000000001706000138025138079381609000
000849500005002900480075013057060409300000160020000000243008600506420890000006004
009000400301000000000000001090004000280090000000000076000000084804009010107038090
030090000280730000000280070802010095300000080040060000020000000000608000008000000
000060000400000000067000320000726815720000904000000002910030080070000063030870491
050000071010850003034000005307691200002003000190000000023070000965020040000060080
400230000100467005200000000003900000010000000000706003070000000800000004091070000
700020430004570080000060097907200653000790008040035710500910004129800070400050921
010800327700051000640270105200090040050306709070085030027049060405038270006000904
000406010006002300002003600009000000720000060060200004001530400600020000050060000
080004030109307208073600094010000082607890340908030075031580009090003006060000000
098020400010340000300789000605008001100054309003172006009000038401800000806200100
019500027000090800000276049870600300000020900004003700951302000328060090700900230
000432000000905010000710000003000690600000000000090270367000000004000060000307000
296014008540037092003069040659140720300000481100370950000900030905000260400006010
056030709040700052907025003000873506708069020090002030070240310000900004062381005
046009020000000900003280400321040009600010000070600030030070645000000807000406090
007500849152000060400306512940600020010030670000002003004963750090710000000000006
200000000097002500500004000000207000000508004050006000005040907070050146060020300
096200050103800700000900002050608070037500006800309215070000000540700000309420680
800023090030009056090800000000002000341980500007010008200490005000657203075000009
100790000400800000600000074904600700056070809000089560009015027003047098002060000
700015060003600000800007005000250004000000006050984703000700000000000000030060000
000030020000020000087004030920108040000305000400290100090062081001903000070081000
000000005190507060050006300506300094831409602940260180000793540000000007009650001
015300267930720801000005943607051002500203078400000000000000300062070000100002705
000080705010000092000040000000000009673400281540020000900017304004000160000004008
090700306004030001005090000000000005000519000000078630920006003350007468000300209
020008600008060010000001005080000000000000500000050370000040030000013020063902057
500203000203079004170006030008007040000908000600000080061400029000000700802060000
050007008704310069000050240080590003000270010000186000130860492200701085008042000
090070104800900020230010060078060000302004091916503807003047000100030070004890356
000000000000060531300000700000000003400279000510040000007300020000000085000900610
004765009500829000002001000800003607069200003345007208600002500000500000400900132
034068109017040065000901000069027050002004608045000720601702080023480906000610207
230510700100070280790803004007208000001706020002100000003402600609000042000060000
100050040000000050538000209080030904690820000005000800000580000040000080800000190
900702000027618490080300000030007000060080000005100089000070000008005072010000030
001408500290001000008005000706040201000806005003002678100000400020609000000050000
300004060076132009904006120003009681700000005060053407405000800007800000000005000
000520800080000010250000069002054000809030100014709023000000037000000000000070050
507100300009875040610203000800001060000062807090038150900000000400009000700000010
000825037004090008080034000009070000003000070000400900000000700000007003020060000
405903000009000004070000090000800100000000030004052000007081000000205300000709001
401090000705000000300705060002800005000009000000002608003000006600050000000000359
908060400100000006020000300000500060200740800000000002000000108800900027000000030
056004000000000060009680200007000002000003000105000600410009006702006000063040020
040513007010070204000200000050684010400900000020007048007400159060190003591030420
800200009000005800000000000000050260300082070286700090000807000000530000008140000
080050763501630804000008005240010000008004001100063092013000000000300640804090100
000000030000316004601000000900601048003000000160030200000000000000000600010003092
006000035914000700030760914050006249200000060300290058400007000500000400690400000
200600010700000205000540706080204950000060000000750000000076004000003020048000001
900300605070052000000910370000000053000005000700201000000006190000120008002480007
001005000580032000200094008905000030300009200000410000600040910000800000043000860
000008020650302400302400000060030094030000100009160003003000008000023040004780000
105000078030807519004000003800009102900003080020008700200004050008192000400000920
050000009032010007400007000000006004004000000000070020205060041041000003960040000
390007000015006870807000000724301000609004010000800000900500006003008020000003907
092045070465000091008900504000000009701000306020003007000406700040007010030089642
000905036000020000000060402000030071006492800008010009870640020001009380059800004
040000802903068007006000109439126508000000620002800304608040000001080945504312006
084107000001030400050008070137009000095040030468700500509680307700954610016370040
000005200570324600423000000000416090004900050009030106357041008000700020142690003
807000403030000006065403082003270651090050000000308270600030000078000060000004800
040030600000475020020060005068750030000080000005390064000000203000523100050900400
039005001000010003000034000000049020048150000001307800000021407100003509004000000
503042000100300842020017300317680294900031000006094000200400160704000508631520009
400301000100060005280000000060000007004003020800740000048107600700200980003009700
026007000900003600430080070050036910010405803000921407000350000003200041002014080
300007080000023790000000000000160803060000007030470016090080075080700000250000000
004000000002000135000000000047000203058021000020006008006900721000000846070084350
001280307300100080000003000013020000009070010074010020106042030200800196730690200
100000027490302800700000500001000709000003486604005002049007000500001908306900005
760840500000250006500300489105762000000003108900510670040025000009180060250037000
060015004240000005153804976501000068000150000000708159020000400975431602014000000
080950630050000408000780005305107902000560714040020056106400020000005167532601840
000346701087005063000100050298000010405700090010200530009007108800000376003812000
096002080010000090400000000000050640008060070640000000900607003000080000800004000
063201508050463020001750603370106000800070400040029000037904000500000194010580300
012700000493005678807000120200007403046052807700040500005036209608009051020501006
304850600070000000020060000103020760046308050000074130062740015437105020000006400
673205000002000067000300090065800701000730000307526000001003002820100653500982100
000200070000050080706000004060300740000500230300000000080000007070000002000000360
200000000000000830800050070007432500003068000000901000300080050000300640048000000
000009502720000008100025000000360009300890000004050006518602090903018000070003001
708000005031960780900782010040820030090137000073004020209300540504290378380001000
604017000700200000820000000000002056000160000010003020060050000000000000005009600
600000210213000097097030050070301008136400002500720000305004701009000005020600489
005029601090000500000850090000000403004900000008042109500091006000678300000504900
300470000007000369000309471000000002020086007070140500009000050600700000200600000
100054380490000006830001940004080021000600008058010004500820009600030002080090050
010850047200003006340100080060500409050000100470621803620340000000007000090086000
040000900830200000001407000583006000070830002000041003000690000300002050210000300
000050040000300000300000090004502619508601000610003000001000000000005061000000800
640200300002095046950760280479080005806053974501000028200000090018009000705020013
100000987070012600600000102000600000200050000000920513000000000310000079060009001
560003901910406000702000540003027069071080030800340007300010058000000374685000000
050030096906800130000090508604509201895002300000003000009210740473006010182047059
000080901000000800000001000150007000003006195260905400000060510031408600002003008
900005000080046100107300006030060400005700200000050000041030000809000507000000600
250807900000900540000000870070001000003000608800003705705060000000100000038040057
000470000000200136020000500000054000000302600032000050600000000400023065000007908
000100603007000400963080107079000810180706300402050769004200500000940280001060030
406700180281000000039001004000000079900020046048970000062590010317800495000307200
009615002501208400000090000007400000906020300100003060008300650605100040730950000
000800745800450600075096080000004200000000800000000000600040000300720008002000000
016070940095000320230409106500002070009010003000000800000106000060340590374005612
000500400040000050500900008300800001200070000004210900080000305700098000000003000
370960000900000200158002000700609005000700086680501000000007008800200090007010002
090400603000090240000000000200000830080100006070000410000000008000004007050008104
004000006000000254096000071700010560000000018000060702007600400000020000600000027
074003000090600072060040003902500087001020350653807249509300004010005600830174020
000700046390650200546000097850902004600000020020063051000200470403510002000047100
040801250720009080168000439400100872087000300601782094000690008390008045010000900
900000100003085700060100080000000200000350000006040350039500612600000078000000000
039006800000081203071009000000104000500008000090602000600800000100000634920003008
000003496300600000000805700400000009000560010000900040605030000000002001000000000
090000008070802900800000040000001000906000005000006407209000004060080192480010670
000003028207100439000802001600000000709206140000007800900000000100000080070020094
062070901805001002001062000000247800000106000000009016010708000028003004900614000
000060900009020030080000001000040000000000000804050310600015003000203004030000090
000060840000842900008000000200000008184020653506010000802000130005030007340000500
100320500030050169500000003701000000060000010000070900850049000400000005600507401
060900081073805400800200300000000800008152900609000205026090008000301052001020709
051040000004206031200005080640000003002000000000080000000000200900100347020000090
300000050060047010020860070200070000410008736673000000004082360500090801000030940
064000800038050002720803000000641200000200000900300000000008000081004730045700168
000069045060070000000008000946000000000002000800040000700000000003054000050701003
100304000340500601000000020000040000008000009000000000001030050000050010825010900
090800000000402010000500800005000040000014756904760300287000090650000034000050070
890671040000090160000000830059080020010904008000016095900037200200800700701500904
000090025000000900000200007107600054006080000080000269074103002000950000000008000
000000050160004097000560400910000000320009500500000001000090640001006003000008710
000501203004086000001304800100000006057002080400607320009865137000049000005700490
000000005000500060890706000054327008203891000918005000086000000039650700702900000
054800000900200054002460030007089210895020007000706895506000040701058029020174500
400963000085000906000800104069230000001609200308050600032584001106000548800010009
014200050007086000600000000009001040003700080180002509000000000702900060461007090
720000000000720060004083000030006004045000601010905783408372906100408237370169800
070850390091000000000300070014200003000030000050700000580000000037000009040000030
000900000002001000008500001006700200700000006005316809050800000800290000000000083
020000413004025809908310000000070004000400130490501208253087900007109350109250000
800002300700000000030890075000004050003000002580000400250370000600000030007640000
400000001003040002000003900000000074000000106002030800290710000070380400000004000
700040006900680370000030090050000130000010000300050000000000008120000000604820700
800070000700052300520000100000060000000140700072095004000030080098000000005019000
007000080006802701502010040465081070821030000070600000004000310000000000000904800
500000106106547830800162000000001050000000003010425000001750060000380240008010090
510090008930007000000000906709000000065900100100536009000080420000000600000100800
004560900000100004001023680502001000400000810106900300018702560000056090603809020
000090084003200000019834006086010090700900000000060102000089260098020507032157849
480000000300000090570003000000000000000000058800007002040080070000420000100079400
300070000700049000090800500040500090000007006109004058010006070200000040080400600
002190004000000000007002810100006905026050401009010600001000090000000100000080007
005060093390800000100000080008302000070006030030000006401000000950078020007004050
000546003504000000009000000007000804000070320002004009903100000000930080100007032
607050000081006000005000000910730000800069074000508600704305901020000800500200400
072090060800600000040273050700000030463827010901004207200400000504000000000000005
080050320090201086000006090100069700009300000702008000003120060800093000004005003
020009070000030450007504000000205861000610034010300029000400208009106000050982600
000000204030000700700000000005038900000000100070000483000504308040309000000001500
000000000000000003806100005039500080000000100200847000700000000023405000105070000
496000700050000049000496230904503010003008400068900300001009508780041000039700104
007050006060709025051060700096007014145000072028501030030070200070008453002005967
300090060200000001701005000036174000070009000009000070010900000600010000000000400
000000120000800004400200000000000900004089007009000010000400006107900805002000701
190200600080309027072000139004005710700080000050070842000900000000001000000800000
000000076706000000000005009040000105273001000615000000090482030007000000000000000
000300100203010000500000000000120004004000071000000830000201705130574608000060012
100063000000000000000940000800000500007004300000080700700409020500000007000070490
300809100790000030206034900000000254001402080024900001180206090060090817900018600
000400009000050006590000403647000200080091000000700008000305980453002010029600300
529008146400005087000004952010000460030500070008000000000000004100000030080001090
251809030006105498408673201584090000012000000007230504603004070045900020800360000
130000070670000080000270000263000000010000000047000918301000006000000020700100090
601007934000600507027034081708050000000100008003760050000300809300810270000006005
003005000600000000075649010007084032080300050002007800000001040000058906000090301
000090670009073000007400090600000035000016000400030210004309100710800009000000040
700056108008003090596000040314069850679000004000104000065801930000000081401300260
100000056300602700000197080937000100512070008060000370006200800000030500000400900
070008002850624070462010059600087090090200700008000003940000105185060030230051900
300084000000520000025000080508000001602100090700005000050002100000000209009000000
600000230003000004497000006800179020302000007019632458030800000280000000574000802
008640000041035027035070000016009048482316970009400630007120000003007400024563009
012000000000100649400000030001000325806305401000001006500900000600200910103000200
900050036010407000028060400704680000002901007000074628000719054000000090009800000
000100006060000080010600000301200000005900002006070109040000003030000200500000004
400800000050064030083000002005020300612403907348059601090000003800005019500912806
000000000850030790702500341084309075000020004275064000020603007900200400460097020
800002000540010206060000801000034100000070000102506000004100062700400000080007000
980604000175900200620175090700806420240750086006200070008360007017008000362400008
020051683000836702630400005860000031075310800000268050501000070096000504200000069
921000000000050000080900000500003007000000002100009040000046200864200019000701000
004036008006008794508904020871049600050780409400060870960800047200007963040000005
004000000937000005000000002200000004300200000509014028000420080895000000002809000
090000000002907003100000700809700000000000000070002040500306000000070030600200500
000002006000000402005006893000000031073000060006001020700009610000007000000000300
247900000009005000050004019864372095915086200720000000371009840082130900000248001
906004000370025900000010304700040000000760008000100003501090000090400000002000097
900040300600130290107920000004793052000500104060010070200000500001059026350280000
800701040000820000001345608130084076584600900600130405050000012210050060408200059
300850007007000000150040030073120800006000200021000790010060000000010609700030000
000000004702000100340100000235614900014978203900235600807003009090827006003400800
580400600743000500002000030007000000095080000406015070078000010050090006300521900
900421573400350800070086214000000901600000020109000000001074030006000745500063102
030060900100072304007305806000207008400096070723000160000020035305008600002703080
125000600009064015004000809000051003603007001051000000500918346010400000000500000
502410870800002419419006002007003201001900680603250000024790005008300024360000700
580090000307050010910000002090004050000000200000000000000009000820005400070083000
290000000100000203000902100740000000000100700006050000031746000580000004000800000
527069140431050009000043000976438521010600038380520690000306000000204070100070080
804900005753800100921000086302405009000070048400000237000608020600009000239040000
140685207600900003900003800009000000000000301801056009760300150300500600000060000
008030560090000071310000000700060010000001000020000640060010007005002000100005000
960000000072009080408205030350190070091040000040003000030080200000500000620930000
070063024000070130000002007400730080000020009028095013300250901004017308907380205
000394058403080600005120409000008200230400871007032945100200090300070080579060324
407000000509300064000000005080000006090800073300000000043009020000010007801000009
007460001000500600006080000364000507209150000075040000000009000000000004000000260
803042000900056308760800000400009073000028690000017084030000001050003000000070800
406000075001000000950000010070006081000097006004000000000000054090700008000620030
087001320304000000560204087870100005200083610010425000050300108098506032700000400
320967000000000976060100002050000600040000207009000800006400009038502000002000400
800100000062000409100326500080000900000000600039000000000600800003004100040002300
970008305600200197253010400300102000020009000000086000009060070702004000506720904
000000604040000000037456002400708006070000540300040020600004200710060008000070000
000030800075002000028046070283000400054020000000400002046700090090050038037209640
009004050020700000430005010004052801000600920095007604800530100002070503600020407
020040000801000600730600000000864703000000590007000004000000000000450000100200000
061385200008042609724006083640500802087094005010270490400100000000060900090003700
026134080000005762008672000400001200010720430200006001092000103130289040074000809
080004003764005908105890000029480600007061390051000004503700461416000007078000509
007400910600905083059080002390000054540000007000650130000000208000040096080090370
010043005004526000500781040250000064800460010490200730045072093000054070107008050
317906500090250700020103060000305070000607048000020150008532607000009300050001890
000037080030000600100600000549710200208009000010000040300050900900000850856000301
051800000980040500000000090090400070030000068600070000010000080000000120074100000
005000000060000025000250300806310000002468930001000040200000080003972050000800007
024501000500090000009302500000000031070400006400060000003054080040608003007000000
000798500500130007807000431000500610004070020020410300003900006200000059000002080
760100040000060010000400600000040000040000108900000400006070000030600000109034205
054076090067908400081005700509620300073501200002807900095760800130050600026003040
002001000000800035000000000000004600000000040305000800700030150400200000250000084
403080205817000900620049087004810026000497008150000704340908050000050402000230009
603080000800190530000365208002000050700000940304070000030627100010000760000800390
500030000074020680000000000000249001150060000020000006000603040003000000040000000
010040000006002005702009000600021000900760050051090000000000000005010000800000090
830001400065004830009000160706120003900060002002439700200980071098000000001502308
001700000930000008008300060680009005015800009000005002020080003800043020400000800
000080070007302180060470200302900050091800007085000009000108705004037900000069001
504000001800000004000500000079201008008090000005080609000068000006009000100400006
007008000010047000000300000400070010000400520000003600000062005000030006060001090
703060000000000085080000020504010378002030504300000190010000409000005007009720006
000000836060094170750800204290017000004500007076080000600908050000001948409050061
402000000300017000000000005006839001071000000900100040000090600600450190003706004
010000000700000030036020010043000106001003200000000040100305000300280001080000003
000045609004800000000000420150000036000080000600000290700092000003450000260000000
502000009000300200000005400007000040410703000006010000001030072000020060000000500
400037000237560410000000200740820090100700862006159004014002008602085300080314620
009080000000096000010400970040000000876000500300000080002040008000000203100503000
010580000430610000000030010000824000000075000020006005960708000003000758700000900
010004500074052000050908700000400000407200000000000940003009000700500000540103009
300000020090000105008700060901407008000080000080000400010070000034015690600000200
306009840408536000109748630005302700000000084917005203000020000090800100200900058
005719060000200100071006500000000000047000230000070810700100423000000970204000001
890106000400080165510000928000530400009860003007409816900200650060094001008075349
010200000020050010060140920000000634502060100000009000140000000200070000057001890
203000600000000700064000089000356800600027000700090350000970000800000003000200970
000000040400080600200000080000005836000030007000000000001960000680300100023000060
060000002200900004000070060700504000540100690100009005010807000009000213000000908
078000000062000708950300600100040000000005007200130480003000000080000050600500000
705064000803005004900803070600250010250040309007009520400006050386000901502491830
500302600200086090007015200896530407002090053100200800060800310020460085000120740
082059000009000602000082009004908705730200908918730200090571003070020006023800571
090201004010000706400769013804002050900305000100407020200054060000020000001000930
200034000400087021000052000500200080302000000804000002000071200023009715005326400
205904300800031205001025004952468010608100952710092000409806507000040006080007000
000706052010235089000008107074001005000093740000000206002389670000060020467002003
970020350583000004602030007006000040000360001710204080008970436300501709290600800
005030010030108050801004090500009000000305008000001000600700009200090001008010000
030001040042030100080049630260005090700302500510407200000908426809600051020050809
093000000008100003170200068309800007816570300500004016601703004980015730702040000
560402001004000070108765302085070403300580700602040850003910508056000104000008237
607915804040020501009300000000500000490632050170004000904200000002107900000400000
010800025087000060000130040020603070300407000040000030050000002034729510070500300
040200700068150039075004602701490506000605307602703800004000073090040065016009240
000790306306000070000000801600007290087000600290000007019003000520648000400100000
007020510340006000065000200008000079090083051514000820001890045003017002000400000
490001672000000030301000040570040003000602907000070804960804020854003790210907005
508000009000400000002000000705203090400001000600000023016090000000004016000100900
020007005000504008014000730000080200080000050000000100008349060060208900349100800
009070000706153409000000000008000900172005600003864100095420307000030005300089200
000000973037000010001390405000800000000905104000406738009060381024108500308000042
194070050605900270200800109400000000000000080768005030070500020051400000040760000
706801320109003000052400090000000001000000600200000007500030070003000000067015402
000005030300000582002007019020580070500000001000010050000000007010048000000000004
768000000520031070004800000400318000010609002906250000005000927207500060601790000
048100397379040010061000580000080000610007420080300000100009860904028070800001005
020030058706089002000420003004010530200360089000004000003608290050940317902100865
000001000004850000210907006020310000391470000007562000708620000009000003000094000
100800705060000000007090486930000050602070800000930204000700600380020901700000540
050040067400000000060000400739826040200400000100370000000100070970263508000004023
006903000018000002003070560840069703001485006009000400084050300500300040030810605
800065702000300140000400690075100800908050010400089503700200006004500000120000957
080700300030800740070000806000000400500000003000030000000003080860500904000620001
000700300057063980630010002070090815000000060900100700010000600800500034423906057
300800900090010000078006035006081274700650803180407500007000081530148020000062350
007000000000009006913080205000030001000900608100020000058000007090060800060050400
300075006200800000009304000008093104003000080000708000901007560506931470007580010
002003086760002000050768020200310059310005060000206000000000090089007010000680000
000000000003086015000510000000005062005260000004807001058340000000050100340002059
081050903000934281040008065002000009437091002810000000000367094090580070070049008
000052000000000020000070000000008300030019280800006000000387000000164002000200000
400002000006009000000015006003000004017000800000038100030827000040600000002100000
082900056914076000560008400496700123030009800000213040009000300640030900870100004
506000000020005007008200000857000000000500000130040005000094000760000490000050000
205740068860002000007068092450370810673800054918054306580000000006900400004001005
080064205000021900500700000000006028005802300020439500208047130001080079070603852
700000000069000003000009070300095004000000005010020006007248000428301050630907208
064080000000259006005041800089516370000000100000030000090100003010028000000065000
800400137037000060504000809450001980900000702012090053208509001040800000600104208
080005000090008005006230008309487500005301007408600030800003104000076053030000080
478000000512000840009400001803000190061830005000006380086040509020000600190000000
000000040020400500640058000000000000704000000950002700005800006180006005000900003
000370504007400002050008070000040100002030740070001608040002300600004281128690400
320408000600103009004000010005000000189564020000901450900005001218000030500812060
604003000508007046009400080300004800000508020000200460000090014060100200050082009
500016000000000000000000070000080402429500360380020100790008000051000700000000800
000900000670041003010235096007104050005706000941500000704318205500070831083600047
000009067100582000004160580000200006240016050000000030050003001009605020800001600
600010002020306000009000000000003908900074000062000007007600100090040003148030500
000000867429800500800010090007001620040000305002300910000090040000038000100260000
050801000000030007000040000200587006001003008070000900500716000100090005000000001
005480076090000004030000000070010000051000760200307509700020008060001405502030000
632008000000600900918740632407006009129000050050109087000060090001000000804003000
650807020094165030308000100006000090012608304043290000000042910100083700020900583
180069070307001000960000841000306000000070090000908530030007064708694025000005100
090070060100950200020300900000012600360009002000080000089020130000890400002100000
000060400700005100002070900037018200000007518108000007304709800080630750500000630
051000080390002040000090000460008000000000000030020400940085000706300008500010000
049600050000010009000000000000900020620100003090000507000800170070300080000060000
400000050280300900000960000056040070908100630721000000604208000070430000002000000
580724091007000650910050700130000940002000513400503286300460009700830060600109000
903080602200090010000000009086000051004509867000008000000200000009000004400900180
500037400604900003700420900047000030090000700305740689008004096060001047003269015
020030400030400000700005000006200000003008200100304650000002000300706000005040000
001500000000600800306000005000210500000000182000000634200390060000720050050000000
000000040160407900570090100000000610001000200009003750800240000052600071306000020
300700604946102007870000000001000463007360028004021059003010006069040005100009042
000608300300092006006000005007009500402800007000063400251086000003970001040125860
058004070709658020000700060060005147001960000825401006002090038086040700097380050
009764000000000009000050060000000405980005000000306900000090500040007090000008630
000400000850300076007095000000007000200000000000000000000008053900000000135724000
070500900251096007000780015003210000000065000000843002560430081008002390009078026
000063000000408001000070600000001050000000340900000000069300400520047060008006000
020000000601020040004030000002000830003400006100003400000000050710000000000000368
219300050030500010000109000380007006007000300006032007070600001000700000960000000
002000000100000000070005000010000000068019070040000000830050000900700300020800019
000210040010000307000003600030002090400098731000037200085670000670020000004080000
620000009900000007000009206000000000000090060009000408005700000400000023000004650
067000900000009860001060003000000000010070000000006002084500006000601700090087020
370900050500700040090051037705800400003004001000005000046580020000020600200400700
920340015100096007037005200098060100000173000700950000869020030070531689000080720
059048206004076390260305140572839604800600500000020030430760902000003000700052003
207040009100698270806052004070105000031000020468200510380020050705083002000007040
600000700000005000004013000000400009400108003009037465310072000527904008046080000
003460852601208300000003000002000007050714080100082030006805000900000020037100090
340000008000000090190050700000010800000780009000000100009867030000002000004090000
007016493304287601006930008602040007000862500010300086003050000900023860000490000
007000600002008095080700000070002060000090000060507008050000000019020800008070300
870354000354009006000000504035620047000905001020400300702500003000000600000002000
140700058820010000060502000010400805730658029580201300070000900000020010000000506
000097006970530800300012097009000070200000905040000020000000000007000000000000050
000006405082051300040307800200000000008040000000780000000003000806214000300060000
006108005000050060500070012158430200620010000070900080902580670067001308805700009
006000004040000905050003008000030006009000500060500403000000050005024000710300042
000200004000000008000010070000000600029000400007600030002900045040000900900000702
007604500000000900000090004000103057000500290000000000100435080000870001900061045
006050090003007402179000035600000000300005100050460080060570000000000007000000028
000000670020000000830200010090004000084003120700002548070000005009030060000509080
056000900000394000430060108000000000070000000000000360007000000000000200892640701
000006970564900020087000006000002010000000807041000000200030760000000009056000000
302017490070046030064325000508794000600080000049600851000170003000403020000200710
638002400000300902012045630563081000040003000001407563120500089000000100380014056
000016000090430600061070243100004000000160400049005806600943025200080094030001068
040250003020030000300000000004000000060000007050004608000820001205000000190040800
001400592900710406006509000403080170719634008000007643090076020004950300000040010
406502080020000600013400002749000000300610974000704205000247000105080400070153896
076005000040678090003040870000002080009000007000003000061000000730000401000000000
001400000063000074090500018002190007750328000109000023005003140210007086638040050
160004002700010048000003090091400073000060809607980200906140305410532000352006400
087012403010043800009005060050000000000100009000009280093074020000000750000000931
080001037915734002040200059800003624100400008000090301690510000004080700501000900
000000000800700003004900000030000060000074309607103000090000026000060000076410030
001036400036400012490720800000000004002000008080100630000908000000317000008254370
600000100005010900000090000009037000200500047000281000003928000000700003056040000
097000000142900800006012000200100605650803700700000030400000306005040000970005000
100050260300007080200000009020908030005400900900000420802500000670802500090003800
000301000000070005270000000520000009300910007000025008701000304000000001930000500
000004000000090080000023650040030000007040010000000090050080030080300060000600048
100000000030001200400007900300010000890270150001040000240006801008402500070009000
600000095000000000002050610000000400700004502000000709285739000900461208004000903
000007506370000000600000070000001400004035608816042300040200000000070000000000030
040502003000040000000937084090006700000750000000090000523409018000081300000000097
405000080200910030080043000000000003000070900000602010070200050050067092890030000
000000000840000023050010000000000006080406750900001030098000000500839000470102089
000800045003700820108300700014900000702080050300206010000008000085000072906120584
009080041100507080608000705305064000046710850701350460050000029002800004003900578
680700000050068000000005000020370051040002600063004080570280960096050128802000000
000100000007260198000000206070000000014073960600408000006800304090340670103057009
603582090800097301904060500200800913740003600109020070080030106060008030300000000
000006000002504030905801070050718009080000000009000817000153700501000900000000050
901000856300000107060910204010400000405000071600730500000040020206009413030000700
000094010300001000000200340002030408003087102000106590000040020701600080984002030
300000000800360700075004063009006502408030097000700080080040905000178006004000801
100000005465000000000040000600000001000200053000060704000308900006007530538006000
000970062001000500700020080802000000004000208000080009008400000100000940500000820
075000000000070100216004000020040000500300007047005000060980000700201000000403009
074530806350802700080004003907000100000397002065048370090053400006001030020486900
000948200002050004480207005000001307000000020790500408058794030030800700900600001
025934718000080206871562490093000500010600000006009080000010005500096000100208009
184203000000006810007000032200000009010002078060004305000000001070340250020008090
081060090000010030006900500820000000010670000060000010050000100000001600000000009
000000038000381400000060020005000000000070080000040307000020003380000500054730610
400129680008000200209760053004002000096004305000006700000607000803250000960000012
230064005000005030007002060000080073000210009000003000806000051000600947040001020
008030690000000500030000108005000000071029006406000025253900714004300000060000000
010003800700806000980024007300000000000008016000005000007009000000000071862000000
700050008000476003531000006208040007070800409406307000800962000000501002609030001
430070106790601008010800902000160000000387000800020001000090800080000005000408030
000000690006000010100007205700050002000180073001070000008731060010009000605000001
002300000030450900845020000000174598407080030900000007009030054500000000000700009
126034005850006400094080000070650020000700806500400000610300900009060000002009060
000100040910307000704568129400910030600030054000850016027403005060001083000695201
000080700020007013050300082568704009090008030004901000080093001012005004000162000
000000021000261009201439780000127000040580000020900003710090504350708960602300078
000000801501070406246518900000031790010020645900050003000000500600000070000600309
700490000430506172560702940610200500300600009094308001800020300950007014000900000
050034100200087004460000000800000900006791500179050000600079030000000700900000210
003102500000800036000603401267900050005260000914080000001030200030020000000090000
026000004970008061050010009001000807084650302000870610007100006000902003600037000
207604000000050640600018200000000100000000098380172000090000056820005030000000000
300080010000000084000910600500070000000000908600059201006001020010000800237600100
019000600608100050007000309083050000076013092000746080020080905000390020900004061
000021500605043217700000400107862053350000608826005740060009070200000194490200065
400500709000170002070080600091724000000601000704030000050000007940008000010007020
000294613013005090204010705360500420000300009509000008106830000000140037837000106
480237006700190000000000200071680025000000000000400010207060040890500301030040570
000010760030746095004050320300560180819403500700190030597000000008004957000900000
100000000009006000560410089017002056008640917006701300000060045630570091740089030
020008004000000000300904170200090005000400001000200080000183000008049050000500000
700040601000290300000000009000060500096000003007130290070001000005000000900020035
076380005050072008403950067000003000320800600000016002000405000590000800001230040
700003000003600000600048200060800000000060002002000600006000020000085006200006000
060200000000300904902000730200080007000002548000000009007004180450030070000000000
528007094040580100170004582610000870930870040050600003001006209295000400400009000
006108730010400600007562080025800403001340502034207100400685019000004806560001040
040070002000000000000060300079002608005006700068000230201040500703200060604030000
010706900000012006000805042000300000020067010709058230006079000070280403000643700
008000001530000400700100000087020109300006005000003800090000000870000906003000000
000080100000000000003000060001008000380507000000006800000000326007023000200009010
020006050007080019000000367003050070012060000000007000371648900090070000000090030
700030004059007020002000067000342000043079080000000000000060000021090070007008900
090876000780000000000910870020109000000000100510700060000040097030000040050090002
610402800000051320000709006301020970070310048000590060080100030150200000036000051
005800630840673005637052800000000396006200450450069001760040903000930700000700510
860010004903400050070800100000040810080000000006081972004050097009000080008000206
000420500000000010605000020000150000010003400000080000091800000080546000000970230
030000000072860310000391002060007204095208631020603005640109520200430000910580063
103800900900000800062040005080090060010004009700006200630009000009001000570630402
400390060020004903090500000000000890056400001084030006502708400009010687060003152
000701400917030085006580000600003071502000000001000000479000010060005740000907020
000680792000297500907010386300000400080006001000804009201048960070521040008709120
300000594400060007712590000000905040009608032800002005000700000920406000600080000
000007200487906005000010070000030000000005008075000090000300007000001000000600520
590803000000000520740025300005004006000670050960000030070000603000300200630000080
307890450680400070040103800024010000001000000000000010000700038003064000102000004
800007002050800000003000008000058103400301076000070054001024300000700020500080000
300875160058060900010000070506002490023094056040008210209500001405006309061003040
000000071601023809800007205100008907580700100060310004490271058002800090350640002
000246000000300426006000030600070040002065080080410000010009070500000009060700314
000480090800926005200700100950178004780602030420005007600800000100500003378014900
400600295020000006000000804062008437108003029040062581314000050200805100095304060
004378600308060000502194080000030500050010090000057000000000000080700000700000809
000200070900060080700410093530004129010005000060092000180900060604000935300740802
000060390193000006000000005410030200062000000000000004030000002000300600000401000
007200065001000003850000209000000000000007000000006007000708030043090050780130600
390057420057140000002390500008500000403968710070003009030080040605000090004209056
000000070261457309057938002619500800080010020500304000000700408706840000840003067
005080370000090000900205008008109002236548010019000850100030000090654700500000090
000974030016002000007300582078006005109000000000400000000600100600500070031000400
000060500901000308050032000006000000103040200000001406000085030004000060012000000
000000062754000130802013000600700508307000000008000000200300005000048016080000000
708004091010300006000109003500068000076000059240035000050800002000073000000200700
006000070503002860040009005000501000030070601060200700304827016720006500001400200
200536407400000000000007000302105000084062005075904362050841620801600000000750000
000003009640700800801900527000000900000008100004200780300040000070601005405800306
000001063000200010000006200000000008000600000006040100019068000007000086003004920
084907005000001040053000000000010024042670800001020070070184090400000300000003001
007300008086000050030060070000285090000030080000000004000600000001009000000500006
003000006040002003006000409000000004008000031020003098132098600060030900807560002
000000008000000300000500900000200003270801009000090000960000830702300006008064001
090000028475806009080000050060000004000005201210000000021000000750208000900507000
094076000000094000006000000600200001010050008209407000308040050001000380765000014
006030801024158000508000032050001700007000060691007000080000970060470308700000500
406000029050470830100000060200007000340005000600000050500729040020060000004001207
200040000000002480030009020605200040081000002720014500062000000140600037000091206
580406270000200800000001460090000500000002300000004906000005100010020008000040030
960000200005906000000052090070300002000000056000567000600040000000001000200600000
140000000008000002300006900002600051070000000500000690050060000683709000490005000
603405000820963005000200090360050700080000010509074300050000000470000006230500000
502760009934105700876040000000030806680000030000800004008000000300050080000480203
000800230500001000203000004000540100002000000400008003064085000800930006000070000
800000960000018000005000104900030050100000200000000000300000020000082000008900041
100000070402967015096000003800032964203000000009700001567000090020070100080200006
000040217000800304000072000003294061090010030006000429004700006027000803160430972
010900827940078000207001400000600931600310000000002000070000300130000082000003000
604900120020080000970023600050031046030200000040809730008000060007062000062000000
780204060635907040012530809240000003003800050500309400020450036000028000150000080
000100000007008500002000040000004070200000006705000400601000004520600000893040700
000705040042000100001024006000000003409060020300000000004107000000046000073000000
000090020900000000320060000038050000002040031097000200040000000000500600000470000
602400013000000940000030720843070009700092030905300107058713002100020004000045000
091006000400308709002709000530000064079060083140500007050802041014630002020901000
800704600206000479970000000009002001000610000000000000000060700020007504300900026
302819000007005000000000200004000020000080570000900000000300090000000007000192600
307062000096000030081400009600000803009007460700006010805000091463109080012708040
059000124004050000603200080001305040407901600300020090700100350500700902000030000
700200140000000037004736952081060000006400800420000065142000070030075020000000306
010050004700000902600200003000100005470000000001000008126900000840000000009000020
080504791070000534450790006700018060000060300000000010000603409005070100000000000
070931062286054000193002000008205003040080075500093100000020040904300000060040310
600030500052000037000592000000320045230005600400678000000080700000053000800700050
005002460700581930200000800509020006008005040300870090801200070000030618007000000
467000009312059074900600003030912080090485300008007902100700006074030500003090048
000200005000600002702500006000006004600080000000915000901020050007000001408060020
008000700000002308000010000507020000486000123003080000000000000000004000905201830
096000020000060010000042980000087090068319000931405008400100000005070109019253807
000035000000008735000016400410079520000003640000601000020180957070060100041900302
000008207709400100003200000070600040500000620900005000107002004006300071000070000
080600000542087001601040097800305749070800035300409006000090670290708013068000024
680010000000706001000000678892051400153074829006008005000005780000000003728030046
300070000501900402040050030000500009250000000100700500600097040020160000000240100
030507800005090400000020500060009700003002050007000000040000008000004900059208074
081000000000000080400001007864002700000300408000000005005600000000040520000005000
050001000003000000149306000400000300030004007000030004065000070300560040000000000
008650023105037940700000060000700596006100870004005312000800201089500030050004680
250679003006830002008000607500000780960700005100000269000007130079140000430502908
000090000000800070180430260030002000000000920207068040060000794074000100010009000
603000124800410300000030005000000006000800000300607418006004200470109053010005000
604000790010030000003000020307000000090076208020500000100760502800000070040820000
500001000301029465280400013120090370900060000007010049060102058010085604000043027
089000204124900750570402800040670325000100076000500000002001637900006002360000108
000000060013009008506000000002073006000000800800100004050000000400005690009087300
050846010000095006000200000600400003030900072024000008800600000200030500000089004
002507001800010629100090008600000704529708310008360295004026057016000040790004000
010530000800017000002046009050600947790001036600704502070020653065400290120000084
100460000000025600090008001900000000000502060000900438009080516605094000200000000
007000000130527908680300000000603540000140072000208090000786000006930204001452087
060049000894071026007320000000068700080095000059010008120600000078100630600000150
090000305000007019000000000600070003000060700704015000000093000000050000900008500
712690080000007060009804012508000070241009538076080000150006000800000020027938150
000050000000021504540000000800000090300010062109086005600000000005060020480000000
206000050700001000000000043571008432000507090009000000302100000008000004147985306
000400050000705300005000401039000000000500000570000060603100008087600040050907000
038406000400009007000700020000000803000602070907340200000000000009037000800000700
100098250006200041352041090503004809020800065978060000000430010009006400000007500
000000600085964317460100002020000009040000080070001060000210048804000020000050970
900320800600001230000084001010000026703000109046800070062090010000137000030062000
000000000600007000800040791900072300000003000004160000106090080008631500590024003
295300007000800502000050130900673200360528019050049760173000945500001020020400370
005001002913600000000050000001000006000010230002006150200748900009263478000100603
400700150105090030000105000240300580008246000370510004007000000030007000620000070
310000902000080630009000500000000000000513000053900020500090000002050090000000050
006000000008000900391000567003090000900046030467001009870560200005012040120087050
930027608640000000170600900000200000000000003894031000000000009086400321409010000
032907600150023470074100230080659000005200700200470000028594100001002945040006820
005720080200000500980005170104007800327058461090000703450000200700000050032009610
007000000348005000105200430000000000600400002001900060000036004000000370036004059
000009000600308000300000600000000000086000009001086000500910000000800523807000000
300502000010000065000010000406000038091030004000006000000000500100700020000009001
930807024604090007100004000809700040200400800340080001000050700700042003003070010
005083007308042019270000000000000190000000065900530070007090600409005000006300902
000300075000041030080000400900000006005002004300570010000400500094000100030000049
932000510680100009710092406000000100098041005060003002800000900000006741040000628
003040001006900300700000048090003250500480710030000480078000004300000007645897030
400003007030007500670500180008000090000000000006001002003700010109300050000900000
320008000000000002409025000006000000900500010040930067093050000207600000600103275
000000020289040050000209170010067509395000040467300200000020807000170460100600002
000400815510030492004801703072000300000207040145008070006000020420005007700040608
600000075000057900570963408403208050002000300950046281046070500390024817010500002
104000306000600000000400900300000690000060400002040500009000000087005103600700009
000061590000000000070009430600000307200308005000000000700090000060230000000007659
001078400000040001305069082603007548050000009029804103090780310500400006104690800
040001500070000004039006200490070020002005006060030409000000000050000932023064000
046000050900004000003005706037000509028500000000000120000348290201007300000010005
005000927007085160013090040020041600501369070000708000900000016074100302006932000
100047500790080006200001000580620401041070602302019000600004089400098000009206000
020900060000000000000000400506000970009365080002704000610002000007100002008500000
300000800048000005090814000000060007600000000039000206075100009000300570000507100
800020010200164058000080070000450207500002000000010800450030009902645083008000004
000050000058000001040001500000000040000400000064217350290005010001000005000100900
001700203000905070004632001060059000000000945090080012510890027000270106007501009
000000900000000600050000024090850060000000000000007092009080000238000000006791030
209105003014630209863002514000510006000004027000203000040306090700400000030050000
900000004080006307002548600010000006600001078000000193106020785090807461508014902
000008000000000003700200000000800096000050230000020080000602014002104000310000060
000004700009500010000280040304905007590010008000000600000400006045000001002000000
200603080090000000460080007008360094050000000632590010009030000300400870000000000
841057020060000080030401756020003405083504600050000010012700069470960001005130807
800102507204700090570000200403000908601009030087204000000621009700080000062900000
067000580190300006830672009002700834048520000901400060080200040000000008000065902
009000005600000040100403000000017432000342600000009150005030000200084500000706021
001070200807250901200000860000400600010300402000691000790538104580002000020700500
000409638836501409074630000000290780492700310680300000001907003050100900060050100
850027000000000000000000002000500001600008904080902000000291000000006010000054060
030400206490021370620837050354010080208050000016008000043500800100700605060102037
001020007700000095002047003900406000605008300010209000450000000208090070176082000
000400000001890000005010090100000000040000020003100000650001009208000000010200040
701635900008007000000890000000000007200003600300000000073000010800000000100070080
700000400030000000000010960000030000073000000060004000247000059090070000310905704
028000970031009020000268030704020003395070602006930407040607250800000000152493000
009000000042586000080900002570100300034000601000000008006090000093020000000650040
210300047008020650006040000180905006704010039000070200607081002040003005023007100
000820009020010060019500000082000900041000700956700341000000000000000000000230000
020003000006104000541092630004060051682010007100079080209800000308007962400000010
040080000005007019672000000507006003010008004200391050400800076750140938008605200
900007500200050000000300010710980003030070006060040001000400370027010000000700000
002050617070320004000017320007583109530140000000200583020005000710000005403701802
003000000648075031500009604029630058000500702005020100091060870000092346004008010
649003820000090000130028000008040635503080040004006000090805004850002000007069508
000900451400300089200000600000040000000000000000821000700000010090000730010407000
875060390130000006602310008496500080008900500300278000067194805000607009904000602
000000000040009000030100000060007321020865000090301860000200004004000000000070000
009140000020000005010000090095400000070900000000002050068000000050020080430000000
000030200000020008000000300008700000040053000207100500000210800000005700500009000
003406870070090006420800003607509010002600009509312007060050000030708050951004068
002680509900200600800090200071028300693107080004300105008000700007002060000730020
060125000800004051010008006975086010100700800638001000000507008309400175001093000
800900206002318090005006000007430960140090082000070341000187000050200000008500020
700610000008090600605000003056084030200906184000200900870000500000500000000800060
005000000062080590000001067007000050080516004000070000000305610009002000000748030
080405090030286100005000000003600950000000060000590000004100000300050009100060004
597104080300905001000003500000002030000700000200039050730000000842000600051008000
000070050007000010000080290029000700730002005000000009500000003000500100080930502
700320905000800632003059107140260300000714006082090001000932000001607203009140708
782410000000900000030002154054009200109020500000800000090603082208090030003040000
904001000000005003310000500028507030000000080040600700780419300030000904000200850
050001070080020103300908004509100600003097000124000005000700952700059010295614380
060053008000000706400000200800162039000030480090080002010005094050094000903001000
000810000003045800019000000082004006070000020000302047007000000000200470200007000
001607500205000000060400000580000600720000000009000008000060040400700000002000007
304200156156030872000600000040000000000100540701304908010560000089701000035040000
500394082008006900004000060402000000093000015000000427000800000100400250280009374
210005000000020395309004201900500800074090003635080912460010509007050006502006178
623059874590784600800000500060005028700936045000200006400000000030801060276590001
801000000000000200000900100300590000608020000795010030286009710000000620050600094
005000630000950800704603910000009083003000000900000260209780040000004129000092008
000500900028000000500002017007000000000020005032100000000690200600000050003004098
320000600800600243060000000090428000750000000008001900007050009032000060516392000
000680000960000230174000600600817400203096871781400009090024350500078000412300900
408370590237005006009604270005800020600903040080020050041208730000019062020507010
876300200013000000500600009307000020000206070002783004000800400009007081008902000
006000000410000506003050040060008010078000000000060708300080000009740000700000809
000105000501030092630090000000950067050000300700020001002000603000003019086209070
276000000800006300000805000587629130000080000620130500700900400900400750000700000
002000003700068020030002004491000000006040300007006009870600951910000000003100047
030090042980002030040050080079000305305080400001230000200000004050964000604000000
008100750705428930003075200000000007574080360000750002009067000007502000000010070
000200076009000541637500200000000080500006000300000000013000000000100804000600000
035000000000000500074050000260070000000005102593002080728093600009500800006080000
190530480086910000300040000640100000000000009000060000020000061804000003900250000
905000004000010000028370010156200700280709100709006200000062007030000000000037000
030670009080050060200000035000506002800903004000028090500067000000000040040289000
135020096020080010086500240009000034000000601800400700008000002613240008542890063
060900000000004020200000006300008000009000082820007030000000007072051000000000513
200405000000091007000780000027548630850006000000200005000000400400903000005000009
000000900000000000400300001000000000903020600501000809007630100000207090000800070
000008060008003195200051800076209058000706001020000070900000706007302510000860009
003006017179035406200100300598603000000700000741009063020950630910000002080072500
000003670908000500700200800080396005309170200057420030000510000001000360890000000
750000900008100007109005800000007000870060210000300000200010080000009005530000002
210506040009103600050400302001205076300000089600001000092357804000008291400010735
600000702000004080030257010000400060010000007000700024000000900000000000090170600
809000000065002000400006200700000002001200900200000016900000020502900463006001000
015000032000000100000605004009060000000500300001030000920000408000000003100000006
000005060500602000200300501000000000000000000000927608100060000000530107000070900
063058900279004000800972040510890000002000870098030450000003610000080030320641500
008300000006020700003619000981203006032706008067008000370401800010980350800030601
000803675180607400500000830802000054001040020405900316000090083054000100000100549
014000020675000000008004765000500000500007900000000650300100870000700400000000009
008006910093820500000301000000018400800007639040063182030080706584009020000002854
009005060830940700002603400000300000000004007203108000064709300008016000590802000
410032086730000000508010003003250010000040937041970000680097052000000608000004070
010090600340060000000000000000000007000509806020010000000000000800001060193600270
820000179090286003430010800000000608609000001710869500000000080000000000060520047
009701802000200405280000000800020051195006000400009670600300000008900000000000080
900108500010052007500706081000000000000000200001000000004005190060009040180030750
025410008000000000470608002090504800008300054547086200016890005054701900039045070
006500000510900023040320005260000584100400000080000071094702000730050490001600207
080006000007004008245918070070490001010020000000031000000042009090160700700580160
600070000000002304000003000349007020005004706000000009402700000100400000003000000
008000040006000803400000000500710006081300459360000078605901300003050090907800064
096100300030064127007000906600407000001506400040200003300050004005740830074003095
901586700058407012700200680407090001009060008506870093000020150000008007370050000
009500361000090740070000090000000007045706920760000058023005070410630089058401200
070000300235000000000230701007508234000017080060020009000000063800050400006700000
090000680086000107000000502007300258002000003064005000579104026103000070600007000
840039020007800069603075080018060007002580000400000000000050410000000902000002000
000000290076502000002083601000000100830700000000000567000300006000000013000650000
000600000000050800608003501500006000000010007000090080000048012080072690027060408
005090080384000100100300605000906040000000000040050900419008200200410000030007010
004000203010920080290060715001050000009230060308600500006000050952086140040092000
809000400000003100102007090060009000000000009090032016980020604200000008000790001
000070000000000400000098007000800104090000050070000800000000000029704501800510906
003000090620304000000006000000001070140009020950060000714000008090038000000410950
900007412037214050010000000020495300860000594000060000002000680100586270000302900
008167053000000000000900706600340000007000000000009000430710620005490000000000349
058003000001000506000080000869351247720098301000000608510704829400829100902160030
090608507000000000000070300000060000060340000903812006087950020030700495050231678
270034100000019700910002300020740003090120407000000281089207504304981600762403000
095126040070593612601400050130004000400080090507030400213607080740059231000000700
090523040400800000000007000600000000340089000080052001034100005000065020005000000
165090070908200010002016390309000061480060500001930040270000984513089006800020100
040000001030000600768531400503079100074608030800325009090704006050003874480056023
900000000000107000040009000000008600072005403590031007000000060080000020000000005
000190034095004000030076000000000000000000060301008002000000009500410600000083007
500000980140938700000052061405691830960000254080200600050189070019300500000004090
002000008090700100700102594000010050009000000000009400000000000625000300000600007
903020768760000504004800913207900100040002000000001087806103002050000800400008301
520070000071490000000500073914200080265080009703910502000850030000039240130640058
000040031100800000090010802810902000009004718540700006002436000000175000700098403
000000000000017000042000015700060003300002860086000290003000602090206008060800001
008000007000100063050240900000082000902030006031476892005820030024010075009700080
000108002000406000000000000900500000004000079380072000609000000000010000013620000
000000000040001620020040000009700000260000010700200004000000201182600090007180000
095032640700080213310400000600009170030021486270860000020607850107040020000000060
024083970050000000197000080000710065040030010070065809865000020400608007039104600
008100090509000060106000700401000370000000006080401000052003001014000007070010000
400000260086070001010000079000008000000730800052600037000380002000400003508000710
000000000080060000000000070090070000000080020020415300000027000400090702000601050
600210403010940760000000100061000907004000051007061004000000376730050809000700000
502009084800000397970400201009007000060001870730050912051900408097803165380000000
000023006900001000561400090750002610042000005006000230000070063009000420204000580
036050000000307508005921603018790354040000900000035820001500080820000730357248000
000046320000018460504030187000005003400380000090100000000651000209000000610090708
004080000108000409000042800000000700090871000017025390269310080041750900000206100
000006030008740000160000004007610200001030807003008000400200380010853006800067100
700560004000000007000002300906804005100257639000000000200005000300609140060020003
001002006007090008000760039000240097000018000000000000010034070076000003048600000
000170200300000070000532406020063000040000750098050300071005008080700543405806107
080050000790000800000000070000600004200083000000002130000570000007208090020069507
001000700000905000803020000180760000006000100259001067918070050000089470400206900
036900740205014086400068905007000000003400007500001060052009608060000094904087032
000702080000601427000308500340060702091275040000000600009000004000003260205400100
760080409000000007900000000308021965090000240000000780009050320057200190030010500
860705009301004570725090000482509000030000950009130008000010020008240005200000860
041068029006290300520403870000002010010050090290004705600000100107000900904071652
006500000007900301000007002060030000079000003030000000700090000090000200350082109
050009070307605000000700065600504000000060200200978003070000900060090087900010506
000005090004009702900001000005900000700560080000100000050006020090000007000050060
500809302807002000000540080016005238009020000002061005000000000631050007070003590
000002950827950000009300700000040803208500049400000007001400036000000000000170000
002000008807002000059060000078603910490070036000091705980006040030010800200000007
203070000005020809708010020000900480804052900379081052630098005400760008980245700
000000000000030000000000070040607000098000507050000000006003802500980100902000053
376090120040000736000030400537004200690000000000350000002000679100670800000002500
058400000076000000209105476700008561500049000382510090605070013803054007900000600
100000030090510080208900000564801000000302640900600007010000000009000270007400000
280006095060003800030200010000340900005600100314059700750002030120930080940705060
270589406100700500859406723910067035000104060620000094700901602402070001000000008
060000800000400002172038600507001030000070028208009057000002060009003000004010200
000000632008006095036500040000015080000007264000400000170004056000009008000053001
000005030000720060000001274700206500000950000390000000010409050850100649006030000
100000020583009470900000005035900010400000000870030004090000560050000103310602040
600700001200003000000960007023010960080490000004300080000037000016009008008050000
039004207800000900002903148307040805020009600000802090280007061005016482103400000
854030000790008300201000080012700000000000630300809050000080045089500010020000009
000408360000006000000920000300000000078000000015000003000200045002150000001000200
090003050103508007458920060005079300006105009709206815000060001000894070000351084
075030400000480000100706200307920140500603928890040070206890510000302800400507360
000049678687201050090000021068073090031920506049050000024090000873000960056007000
900600205010000003003200947100000050802000406400000009000001004000300500501704008
009005700600000500080640000004000892908514070763008050801450037006072189000091640
080030259000000000000080306003210008010004000408050002005000600060000400000000030
708650213090200840302800005200987000000105400601420008085306700027508060103700009
080042070710608003403000800090200001000167938071800400050080300239000007007000000
310007406007006300000002580104003905000905000975004800700000000040000600650201000
702001046053604002006090510040070060070000009010000700020000604801000207900005081
200013507650000031000076400000000000096100000000730906130607095708209000000040000
864100000000864010120500406070000804900601523000008007702380040089010075406752008
090000006750006090010093004000000300600009000009020000008947500502100900907000130
000000700000000000750000000007000510501000080008005673000500000406080300010600000
000700006004000900000000000060500000000207500001300000090000000610800003003602095
050008621062005070900200040035820004410000000000000300500307290073060400009100708
030000000000002000260805000080146000002500000000200007800000009000300000400009038
000802700060350004800907000003070000600520807400609300000000000794100500085700013
810000407049180000300470108000000810070800000601302705003007082260003000050600900
000002850000580309008030002040025000050001000000000200000200560600907408004050107
000080070030107000000002003360001200100000000002000710800700002603000000521048060
100300000600170003000650071010200008065900432200800010000401320000086000491020687
009000004600000000003000010130000000092003800000200100400000308360000001000806000
400000019500006270003001400000100600082000004000020035350000000027310900000070001
900863000008000100000209680000000290029007541150000037030042960040008300006000400
093060400006850900000709126600007000020048009079000064160070002007900600030006507
917046005602000009580719006000600008070021000436508201708102500061053000050800610
006000000070001580030068040704010908000000031060900000217036490600400020005100000
391008400020065003540910000000050000065104709003709000109020006002300891030890027
510983062700100000000020510209700000076510039800300406000006107140800003020401080
790000830015003009340000561007509008006030740000270000000692053260300480531040006
000930650308570002750020890963400080007000000000600040000000038030000020000301000
013200807070104000500709041300070004800523769697000000005602408200847003004050926
090000000340080100508917204100390480039500017004000000403050002615200008907830000
850671030017320004090000067000500400000067003500000706260050000700006005030000009
615009700002506890000000165004601000809000000020000300060000021000000030000102600
704300000100090000850001000000004000070000000409070086000705800030009000000002109
001003020360008040000100000000201004704009000000037080070000018000810000000500003
700000000080030000501080070007524189010703205400000000204801003158306724600402018
000750020400030065000840000160270038720000000003600207230091000050067382647028500
002070006010000002500428000003005401000700000740630000005140000009050004100000600
000370402673090005090005000320000000008700004059061703030040519900008207742019000
510040009000002000008000000000000807000003001200000000725030096304010705000000080
000050080120904000630100400070000804480090060250008700000039608802040000503026047
670005001000600000000000000000000890500403260020000000004009050007800040815040000
340000709070023000001709000610000204020136000708000000104005902080002001090001800
009000608085301702000000301000005800007000004000100070070500900908000020500003007
402869170000000000600070040094000052000000000000080031900010020000000500000000006
072009000005700000080000230023000000704000000800000479000090150000000800900050720
760000219900647800000120000000000000473500002290730000080000543627003081045090000
000605007003090006000000094517800620090057438000000000708300000020070900000060005
586032004013940086090060200000070830035400007907350142059003070300010000400096328
009000501100080000400350000007000400640713009905046170730105000501200307000007010
000000006842506197500007002714280050000714000200050004061078305008025001320000400
500000160007010040900500008600007813000080000310092574006000300084139602000000087
500900010103450629260318704005060080002080000891073002000002030028701006007645200
319204870006001020000700130190470080860100000407836900004000061570003204001040050
307900010029000630100063059800000003001302480290008001452800390010000500906200108
206170000000538200850402910020906000691007304005003001070320460400781502000090108
000007000780000000040000000009870000300006090020901000005000906902500003000009051
300052900050007001007308620403020007006000438070400160060000740000734816734000250
503800690000009500600700000000020701000004200000170849000008000050017900060000004
030005010600000700000000020057000000103700004000000000706908050020000000019000400
060120000709300000800000030290005086000800002600002005000500800380000400005603020
000916852000034096006080004200149680000000037085000000000000900000600520960050741
608120500000935000003004010500400206080000001000513800204070900805040000000050620
097080026300264100462001300000000700700005204200010500900000045873056010600129830
400036100706508000000420300200000050060280070000160802000601000001000430002003000
098000001060050000030007000070030100020000000010764030080020009342010000000006400
060090843000652790019300006097401000002970180000503009570800000000230507403005018
700815000326000810100030000009700160010000050508000300000600000000080001000000000
000950000007800000004000000003600004408000900709048000000785040000001009301006000
000000000020040009160300070500000136016005790000003050090000540000000967058000301
000020000600000000180000000032000000000200000700000003503642000240008530070305004
507810000000000800001002070700900004408000900003004007040006050000000720002000490
071002008008700903000004000000000000000060000806400030700100002005000004000807100
060380040450026009300405070000970351987501400510000000109200080040000010870000020
004010000500003900060000001090208010001000080000300000047009050009100000000040000
135490000002300004000000150601503009050904000407016080084760230013040000976000500
600000200009006140510023080080007951000590032000000007007109000930060070860000000
608000001009040786134000002005830079060000100920450608540008000000500803001069000
700361000006040050000007006000109600003000900010800002008000501090000340501080090
501300002000410870807260514000150487015000006000693251050041030700506008000037000
000740000100205000000300005304910857058403002209857000000000504000574030000609100
006009005000068009004030108031900524000800006900004010005300601000090050000000300
000000053080109426002000971019046387000703000000201040903010500800907014001860030
008000630396000001007090800900000000000570000100460028000006903800000060000008000
002500403600003020000000050000002000200000370008039000020100000801697030096020000
069720034410080052205040090580030000020400000900057010000000006002064087630008520
000000800000000000004780000001000000000000030000095400300000054690000020145030089
507800010400090070961200008000060290000300040600009050040000000700500100000408069
000061035006000780400000009280009000037000900000370000640703800800056000370190650
080000040060870120300049070070001056000000001000000730731060500050010960200084300
038070590006509800040000007603015400800300701500408360001980270009200045062054908
590400000020009308000002065010005004000300006602040100201000700000007002000000400
400810250000493080870560340600038500007604090903005462308006000005000108094300075
070020908859710602030089000427863009000090720905247306002030045090000260000072090
007203004400075302000008570310897605800006040500301790100752036043109057700000080
801000900000318675567000000005023080670050000302700000000800060700064000406001800
000300050406500200009082036040010803000406000070000000004670000090003560060901084
000051402000000010510000000186000000000200000000008000060000028829100004000002100
700300004069205000200700300600457801013692475000013000000570000508000902136024080
000200630000000147360010000509026000820731400700000000900000000000070062650180094
030502008800731500000900730000009307780005420000000615400090006071200003308006200
040700050058060002972500040100920000290000160830010000003006780000000020000009000
301642000002000070000301240593706004428500000710408300104000009080000461000060500
025604030061000000000007001000001043070438002843020000000100089010892657080576014
003800070004300810000479000630020504207004063905000720406000080879000231010900000
007200006000695030060003040000040520085036400104052069930427605000560103800319070
000072054645109000207456001000000700390207000704600000070500023030064095000320460
100000025836902700002000068059000800200009006600023000000000050000000280028000013
080300000060827340000000000190000064000000730070000980010000096000170200000000070
630000205710582000825903100000030008000000006048625000901240003482056000500000000
000590720065730814007040000070408051284005300059360000506200198002100630800050240
006209030380500100200000000900058067607001048050600301092043085140000072865702000
001070000000000003900104000809342070050001204000705090000810002008000900000000001
921000478840000053305070000410205736600080002209600004104003867500760040780009005
380060007000079030000020500820000000170090653500700000040900000008400000000300005
503002041406008000007400300000050000870000013100090000000000809090000005050380000
000000020060320049301840700900000006070000900106900570610293058000058000400617293
100000000600080040009075000742000001800001000913704006291507600004060020006009050
067502001000060020205180090503000006120640953040300008000006000009058100000073080
007300005000900003004010700010080000000405000000100007000090000080600002029800006
906040800108062407700000020000030096803650000605427318000308100387500042061004703
004010370651370000020849000030790056065020700700406120008960001000207004040030207
038000610900200000040010802000007004080009000000100700001600470804091020020000095
084002100067010000000080000802070509670051402150008700701090206598000300400000950
743006000000801070185000009300000450500000021000000006007304192900570000006019085
040070006000000009106000007050000890000000003000800074000700005060002040400003000
001002400000000008000017020860000700005103086307600000000201065000006000050000810
432970000810000670007100003000200000370569180128743000000000030063000200201000098
000000176000006020106098004081009700760801040300075000002503800817902600650187400
037461000600095730958020406001500304463189000025346000006900243300010005009000080
056300048300000050940065071060530789003000462709420010097800030000000020020000100
000000283005080460280764000000000002139208050000006009590000048320800090008005320
670300108981400005203108460090840000000000009027010000012900673009003050030000904
000540930002301000030876400060050014310000000507000800208000600040000000690020100
000209051100004609020570004000000900509000400284600073600907008000000046000020097
820001600000076200000080035045009080090800401238000900471600003006235014302040000
420605300750900001380042056170800000040010630008290075094701503017000000000089017
890200600000049020210076000970100062600950010148000095400300000026090000000760000
019200704000460009000950382200000091000098603000000000340500210108630070700000430
000004000048621000000300007035040009060800042074906358096000070403102060020069000
060090500090200671054700983032007108908030407000018350426070800070380246000400700
201986405089050003054030000103009506400301090020064300810690000047218600500003200
000000000000406010800000500400917030097000060235000007000001000900500681600092000
017006093900020000408000000000000900090030071701009200000060050000000000000000009
200000004400000000000000000006700901109685740340920005900406230050000010030000400
000005001000009000005401309008300100300014000600008507006000093100000400000500802
201763000000005000000021006008000009002006837000078254000000920004050760509000403
800000520406000030025000070000300045003000009500001086091070452060000000054030000
900005120040010030010000400070090000000000900296084000000600000038000090000100000
920473000605800700370016200000007000000001420000300070832060901067090302501038000
000920015270061430610000000050630790080409100700015006903002001520086003000300507
904000370300900851810000042001060000082510760790008003250037690649080007073004000
006208000705000028920400130000600480407000009000000001070060800600000000000700602
000000100000050700140000009000800007000075000007000001014020030070600904038000000
010000700000100000006040020502600000074000000169000203020900000040075139091008070
000010004000000097600800050105030002720001040430000518000000109067000000890403000
000000000000300000002400053000093000300007002050010000503800000604030208080140000
000025000030080400000109203000461032300007000146003570091038040053670020007010005
080000907070006000200709010800100795010007000050068021027080130498030000063005089
000400000068000970090000002000000026630004000985600700000050008050000010800040000
000807000020900705005206004500120070312794000409680012240079030830400050950308200
024000008700001000903000204200000050600100009501002060090500000070018000000090030
000002680508003700000600130180300000605004390700065041801437062300900000200001400
000009250000006900700000000520300094000020063000490005000915002283000519000280070
060000010070031060009806070850003040000090650901000000180502007000400520600000080
160090470807031005529070600230000000000016000071052984010000000000003509954867123
010000000000000070003800100000000000860000324204000900001062500008001002000000400
009000370000106000000000960925074603000060009310050040090540030084003000031009085
000080000000000000209700568000307000008059002000040000004001000000000106000203800
006090070000806930900005080000050000090000000508903100302070000060030700704000300
040003000020000800000960750073200040002400000000307900300821000210049305490005081
000501069607004315003000008070049080020000057000765000000003974740100500060000001
010900260007000500503002010009800001400500000301000000000000040000080905000006008
000000009009051080000340560000030000000000090905160800210000006000000000400000100
000900800060120453002304600790040060536789042004500007000010004801000096423090710
670800203039060540000309600806000029005900061700106300000200480400000072007040905
803961000061500030042000006004257008306004005250000100000008690000015700028609000
002007800007000000105930600006708905700000462093000000000601000000000043809300000
000643809040020107000007640036408270400201530001530408900005000705080902080000000
400006100000004086608010300000302000003908000049100500000000800100503200024601053
007000000420000150809170000041000570000000000053416000070051020204000005060000008
795008004800306705634007002006070000020403056300000027081600279560000400270004060
270016900540000010013040070700601030000290000100000207020003700060050000000100060
000012000020004068000760912030580620070600003000103587003475890800001075007890030
084000030039000176671900480000800700000050020020700050000090000045010093006500017
760010050095080000000950006030095800570260140026000090612530070003070021080020435
700000030402000896800040050003000089009364000075000600018490020307850064960030500
002140000560070800841960300708000600600027000010396008907082106084651900150009200
500060000004010060876000002039000108000390000402871093210037954760459080000180030
020100300100503409500024600608010200300000090452690003035049007849761000700000040
000000015400080700105070200004250009009730001001869300007300000000000400098000030
000002840060003500400009602090007360500604000600090050006308090905240008000000000
001000003036159204042000000500064000000803902018000740190000400070406019080090500
650000004379208000000516009048000920016902000003080100960000800400001690180009340
060030052830500600200000300120095030506000200003001900600013500010050006000006100
700050830000020470080010005020008047800504090000209003500302008239081650170000320
672005008100026050500401700067502130000000000050100600930064075400000301725310000
098750000003081000005004009000340700900807620701500003010200000800070000006000000
000060000000457023054002600405170000001609040026000001598001000100230050000800407
306014870000000030050326000602001000090672040430805207000100954003540708540080300
790600045001070000208541070005700010809010504106430007010094708680150000930000251
000090100070600080165080407900470800000100002810239074600010709380927600092546308
200735000300890210000100070100500000803600750050083100690250030000007008030008500
000290400029000050000007090000000903900001000000360004810000000050940870600170000
090025010250003080401009000100300290000004008803970401076001043010008069080000025
000500000460000003000049201210000900530900020600000350000000000000800005002000006
005200000000050010000094050600400900400800000093070020038167000000000000006900300
040100086000400000512836000004503000000600000768042000100300070000004900070200508
904061302100020074302749000800600501060005800521400760610000090235080010400006005
200018049400600018000009025802190407004000190031457006000000004710000032005002971
020300050000004801000590002270001985034050000058072100080960320700000518040085090
051006073008159002600007195060570200090304587805000346006700058089600030007900001
009080052200109000803000910004030000380000000600000080000010000490050700160900200
129000300008000010060102800004070069600000753037000400040007600070001094310904000
300000000006180030010000006000007069020000300050018004000024800900000600400009003
000007089000000000000000040063500090000020450054070302000080000806100900015040000
410002780025007003076001000302070401507010030640009800700003020008700019139200070
100000600008209000000000800700002000469317002000004000000178000800026000600000710
003040917070026854000170002019630000436000091058912003007093046390400108004001000
690000300005010420400300619910060800804031702700005031069070183030000000547183000
000000010000000690000006000700000000200005080003020000020030860601002005300100009
003025040000809003948300000005030201001080730739002080607208300090010802802090617
010000704000000001000002000400028009000006812020090000050060300000000490083050000
610000780539087261800102050000000300000000190050873400096005002000010000000040600
783249060001073240400561003097004050536000000000300000370008010060700098008602035
000105600030098000700000900000026050080519300000430280001600090063000400590040860
540290006368000920000006500400010030089007002070000090031000200294183000700429800
000080905050610080408900600100800000045129830803700000000000360306540000009060500
000200007807000003003000000210369000000000000070000000700840502000023009002000804
413006780690508000000030060200000900000800174000003020000000802100200007028700013
